product_code,image_url,display_order,is_thumbnail
ADML000,https://usvjbuudnofwhmclwhfl.supabase.co/storage/v1/object/public/product-images/ADML000/ADML000_1.jpg,0,true
ADMLM00,https://usvjbuudnofwhmclwhfl.supabase.co/storage/v1/object/public/product-images/ADMLM00/ADMLM00_1.jpg,0,true
AJBC002,https://usvjbuudnofwhmclwhfl.supabase.co/storage/v1/object/public/product-images/AJBC002/AJBC002_1.jpg,0,true
AJSP002,https://usvjbuudnofwhmclwhfl.supabase.co/storage/v1/object/public/product-images/AJSP002/AJSP002_1.jpg,0,true
AOBC000,https://usvjbuudnofwhmclwhfl.supabase.co/storage/v1/object/public/product-images/AOBC000/AOBC000_1.png,0,true
AOBC001,https://usvjbuudnofwhmclwhfl.supabase.co/storage/v1/object/public/product-images/AOBC001/AOBC001_1.png,0,true
AOBC002,https://usvjbuudnofwhmclwhfl.supabase.co/storage/v1/object/public/product-images/AOBC002/AOBC002_1.png,0,true
AOBC003,https://usvjbuudnofwhmclwhfl.supabase.co/storage/v1/object/public/product-images/AOBC003/AOBC003_1.png,0,true
AOBC004,https://usvjbuudnofwhmclwhfl.supabase.co/storage/v1/object/public/product-images/AOBC004/AOBC004_1.png,0,true
AOBC005,https://usvjbuudnofwhmclwhfl.supabase.co/storage/v1/object/public/product-images/AOBC005/AOBC005_2.png,1,false
AOBCM03,https://usvjbuudnofwhmclwhfl.supabase.co/storage/v1/object/public/product-images/AOBCM03/AOBCM03_1.png,0,true
AOBL000,https://usvjbuudnofwhmclwhfl.supabase.co/storage/v1/object/public/product-images/AOBL000/AOBL000_1.png,0,true
AOBL001,https://usvjbuudnofwhmclwhfl.supabase.co/storage/v1/object/public/product-images/AOBL001/AOBL001_1.png,0,true
AOBL002,https://usvjbuudnofwhmclwhfl.supabase.co/storage/v1/object/public/product-images/AOBL002/AOBL002_1.png,0,true
AOBL003,https://usvjbuudnofwhmclwhfl.supabase.co/storage/v1/object/public/product-images/AOBL003/AOBL003_1.png,0,true
AOBL004,https://usvjbuudnofwhmclwhfl.supabase.co/storage/v1/object/public/product-images/AOBL004/AOBL004_1.png,0,true
AOBL005,https://usvjbuudnofwhmclwhfl.supabase.co/storage/v1/object/public/product-images/AOBL005/AOBL005_1.png,0,true
AOBLM03,https://usvjbuudnofwhmclwhfl.supabase.co/storage/v1/object/public/product-images/AOBLM03/AOBLM03_1.png,0,true
AOFC001,https://usvjbuudnofwhmclwhfl.supabase.co/storage/v1/object/public/product-images/AOFC001/AOFC001_1.png,0,true
AOFC002,https://usvjbuudnofwhmclwhfl.supabase.co/storage/v1/object/public/product-images/AOFC002/AOFC002_2.png,1,false
AOHA001,https://usvjbuudnofwhmclwhfl.supabase.co/storage/v1/object/public/product-images/AOHA001/AOHA001_1.png,0,true
AOHA5T1,https://usvjbuudnofwhmclwhfl.supabase.co/storage/v1/object/public/product-images/AOHA5T1/AOHA5T1_1.png,0,true
AOHE001,https://usvjbuudnofwhmclwhfl.supabase.co/storage/v1/object/public/product-images/AOHE001/AOHE001_1.png,0,true
AOHSR00,https://usvjbuudnofwhmclwhfl.supabase.co/storage/v1/object/public/product-images/AOHSR00/AOHSR00_1.png,0,true
AORS000,https://usvjbuudnofwhmclwhfl.supabase.co/storage/v1/object/public/product-images/AORS000/AORS000_1.png,0,true
AORS001,https://usvjbuudnofwhmclwhfl.supabase.co/storage/v1/object/public/product-images/AORS001/AORS001_1.png,0,true
AORS004,https://usvjbuudnofwhmclwhfl.supabase.co/storage/v1/object/public/product-images/AORS004/AORS004_1.png,0,true
AORSM00,https://usvjbuudnofwhmclwhfl.supabase.co/storage/v1/object/public/product-images/AORSM00/AORSM00_1.png,0,true
AORST00,https://usvjbuudnofwhmclwhfl.supabase.co/storage/v1/object/public/product-images/AORST00/AORST00_1.png,0,true
AOSG000,https://usvjbuudnofwhmclwhfl.supabase.co/storage/v1/object/public/product-images/AOSG000/AOSG000_1.png,0,true
AOSP000,https://usvjbuudnofwhmclwhfl.supabase.co/storage/v1/object/public/product-images/AOSP000/AOSP000_1.png,0,true
AOSP001,https://usvjbuudnofwhmclwhfl.supabase.co/storage/v1/object/public/product-images/AOSP001/AOSP001_1.png,0,true
AOSP002,https://usvjbuudnofwhmclwhfl.supabase.co/storage/v1/object/public/product-images/AOSP002/AOSP002_1.png,0,true
AOSP003,https://usvjbuudnofwhmclwhfl.supabase.co/storage/v1/object/public/product-images/AOSP003/AOSP003_1.png,0,true
AOSP004,https://usvjbuudnofwhmclwhfl.supabase.co/storage/v1/object/public/product-images/AOSP004/AOSP004_1.png,0,true
AOSPM00,https://usvjbuudnofwhmclwhfl.supabase.co/storage/v1/object/public/product-images/AOSPM00/AOSPM00_1.png,0,true
AOSPN01,https://usvjbuudnofwhmclwhfl.supabase.co/storage/v1/object/public/product-images/AOSPN01/AOSPN01_1.png,0,true
AOSPT00,https://usvjbuudnofwhmclwhfl.supabase.co/storage/v1/object/public/product-images/AOSPT00/AOSPT00_1.png,0,true
AOWS000,https://usvjbuudnofwhmclwhfl.supabase.co/storage/v1/object/public/product-images/AOWS000/AOWS000_1.png,0,true
BAOBC0040,https://usvjbuudnofwhmclwhfl.supabase.co/storage/v1/object/public/product-images/BAOBC0040/BAOBC0040_1.png,0,true
BBHC020,https://usvjbuudnofwhmclwhfl.supabase.co/storage/v1/object/public/product-images/BBHC020/BBHC020_1.jpg,0,true
BBHC021,https://usvjbuudnofwhmclwhfl.supabase.co/storage/v1/object/public/product-images/BBHC021/BBHC021_1.jpg,0,true
BBHC022,https://usvjbuudnofwhmclwhfl.supabase.co/storage/v1/object/public/product-images/BBHC022/BBHC022_1.jpg,0,true
BBHC023,https://usvjbuudnofwhmclwhfl.supabase.co/storage/v1/object/public/product-images/BBHC023/BBHC023_1.jpg,0,true
BBHC024,https://usvjbuudnofwhmclwhfl.supabase.co/storage/v1/object/public/product-images/BBHC024/BBHC024_1.jpg,0,true
BBHC025,https://usvjbuudnofwhmclwhfl.supabase.co/storage/v1/object/public/product-images/BBHC025/BBHC025_1.jpg,0,true
BDFD001,https://usvjbuudnofwhmclwhfl.supabase.co/storage/v1/object/public/product-images/BDFD001/BDFD001_1.jpg,0,true
BDFM001,https://usvjbuudnofwhmclwhfl.supabase.co/storage/v1/object/public/product-images/BDFM001/BDFM001_1.jpg,0,true
BDFS001,https://usvjbuudnofwhmclwhfl.supabase.co/storage/v1/object/public/product-images/BDFS001/BDFS001_1.jpg,0,true
BDFS002,https://usvjbuudnofwhmclwhfl.supabase.co/storage/v1/object/public/product-images/BDFS002/BDFS002_1.jpg,0,true
BDFS004,https://usvjbuudnofwhmclwhfl.supabase.co/storage/v1/object/public/product-images/BDFS004/BDFS004_1.jpg,0,true
BDMK001,https://usvjbuudnofwhmclwhfl.supabase.co/storage/v1/object/public/product-images/BDMK001/BDMK001_1.jpg,0,true
BRSCN10,https://usvjbuudnofwhmclwhfl.supabase.co/storage/v1/object/public/product-images/BRSCN10/BRSCN10_1.jpg,0,true
BTBC004,https://usvjbuudnofwhmclwhfl.supabase.co/storage/v1/object/public/product-images/BTBC004/BTBC004_1.jpg,0,true
BTBC005,https://usvjbuudnofwhmclwhfl.supabase.co/storage/v1/object/public/product-images/BTBC005/BTBC005_1.jpg,0,true
BTBC006,https://usvjbuudnofwhmclwhfl.supabase.co/storage/v1/object/public/product-images/BTBC006/BTBC006_1.jpg,0,true
BTBC007,https://usvjbuudnofwhmclwhfl.supabase.co/storage/v1/object/public/product-images/BTBC007/BTBC007_1.jpg,0,true
BTBC008,https://usvjbuudnofwhmclwhfl.supabase.co/storage/v1/object/public/product-images/BTBC008/BTBC008_1.jpg,0,true
BTBC009,https://usvjbuudnofwhmclwhfl.supabase.co/storage/v1/object/public/product-images/BTBC009/BTBC009_1.jpg,0,true
BTBC010,https://usvjbuudnofwhmclwhfl.supabase.co/storage/v1/object/public/product-images/BTBC010/BTBC010_1.jpg,0,true
BTBCM05,https://usvjbuudnofwhmclwhfl.supabase.co/storage/v1/object/public/product-images/BTBCM05/BTBCM05_1.jpg,0,true
BTBCM09,https://usvjbuudnofwhmclwhfl.supabase.co/storage/v1/object/public/product-images/BTBCM09/BTBCM09_1.jpg,0,true
BTBO001,https://usvjbuudnofwhmclwhfl.supabase.co/storage/v1/object/public/product-images/BTBO001/BTBO001_1.jpg,0,true
BTBO002,https://usvjbuudnofwhmclwhfl.supabase.co/storage/v1/object/public/product-images/BTBO002/BTBO002_1.jpg,0,true
BTBO003,https://usvjbuudnofwhmclwhfl.supabase.co/storage/v1/object/public/product-images/BTBO003/BTBO003_1.jpg,0,true
BTBS001,https://usvjbuudnofwhmclwhfl.supabase.co/storage/v1/object/public/product-images/BTBS001/BTBS001_1.jpg,0,true
BTBS002,https://usvjbuudnofwhmclwhfl.supabase.co/storage/v1/object/public/product-images/BTBS002/BTBS002_1.jpg,0,true
BTBS003,https://usvjbuudnofwhmclwhfl.supabase.co/storage/v1/object/public/product-images/BTBS003/BTBS003_1.jpg,0,true
BTBS004,https://usvjbuudnofwhmclwhfl.supabase.co/storage/v1/object/public/product-images/BTBS004/BTBS004_1.jpg,0,true
BTBS005,https://usvjbuudnofwhmclwhfl.supabase.co/storage/v1/object/public/product-images/BTBS005/BTBS005_1.jpg,0,true
BTCR001,https://usvjbuudnofwhmclwhfl.supabase.co/storage/v1/object/public/product-images/BTCR001/BTCR001_1.jpg,0,true
BTCR001,https://usvjbuudnofwhmclwhfl.supabase.co/storage/v1/object/public/product-images/BTCR001/BTCR001_2.jpg,1,false
BTCR003,https://usvjbuudnofwhmclwhfl.supabase.co/storage/v1/object/public/product-images/BTCR003/BTCR003_1.jpg,0,true
BTDM001,https://usvjbuudnofwhmclwhfl.supabase.co/storage/v1/object/public/product-images/BTDM001/BTDM001_1.jpg,0,true
BTDM002,https://usvjbuudnofwhmclwhfl.supabase.co/storage/v1/object/public/product-images/BTDM002/BTDM002_1.jpg,0,true
BTDM003,https://usvjbuudnofwhmclwhfl.supabase.co/storage/v1/object/public/product-images/BTDM003/BTDM003_1.jpg,0,true
BTPF001,https://usvjbuudnofwhmclwhfl.supabase.co/storage/v1/object/public/product-images/BTPF001/BTPF001_1.jpg,0,true
BTPF002,https://usvjbuudnofwhmclwhfl.supabase.co/storage/v1/object/public/product-images/BTPF002/BTPF002_1.jpg,0,true
BTPP001,https://usvjbuudnofwhmclwhfl.supabase.co/storage/v1/object/public/product-images/BTPP001/BTPP001_1.jpg,0,true
BTSB001,https://usvjbuudnofwhmclwhfl.supabase.co/storage/v1/object/public/product-images/BTSB001/BTSB001_1.jpg,0,true
BTSB002,https://usvjbuudnofwhmclwhfl.supabase.co/storage/v1/object/public/product-images/BTSB002/BTSB002_1.jpg,0,true
BTSB003,https://usvjbuudnofwhmclwhfl.supabase.co/storage/v1/object/public/product-images/BTSB003/BTSB003_1.jpg,0,true
BTSB004,https://usvjbuudnofwhmclwhfl.supabase.co/storage/v1/object/public/product-images/BTSB004/BTSB004_1.jpg,0,true
BTSB005,https://usvjbuudnofwhmclwhfl.supabase.co/storage/v1/object/public/product-images/BTSB005/BTSB005_1.jpg,0,true
BTSM001,https://usvjbuudnofwhmclwhfl.supabase.co/storage/v1/object/public/product-images/BTSM001/BTSM001_1.jpg,0,true
BTST2T1,https://usvjbuudnofwhmclwhfl.supabase.co/storage/v1/object/public/product-images/BTST2T1/BTST2T1_1.jpg,0,true
BTST2T1,https://usvjbuudnofwhmclwhfl.supabase.co/storage/v1/object/public/product-images/BTST2T1/BTST2T1_2.jpg,1,false
BTST2T2,https://usvjbuudnofwhmclwhfl.supabase.co/storage/v1/object/public/product-images/BTST2T2/BTST2T2_1.jpg,0,true
BTST2T2,https://usvjbuudnofwhmclwhfl.supabase.co/storage/v1/object/public/product-images/BTST2T2/BTST2T2_2.jpg,1,false
CCAB001,https://usvjbuudnofwhmclwhfl.supabase.co/storage/v1/object/public/product-images/CCAB001/CCAB001_1.png,0,true
CCAO001,https://usvjbuudnofwhmclwhfl.supabase.co/storage/v1/object/public/product-images/CCAO001/CCAO001_1.png,0,true
CCAT001,https://usvjbuudnofwhmclwhfl.supabase.co/storage/v1/object/public/product-images/CCAT001/CCAT001_2.png,1,false
CCATR01,https://usvjbuudnofwhmclwhfl.supabase.co/storage/v1/object/public/product-images/CCATR01/CCATR01_1.png,0,true
CCBL001,https://usvjbuudnofwhmclwhfl.supabase.co/storage/v1/object/public/product-images/CCBL001/CCBL001_1.png,0,true
CCCC001,https://usvjbuudnofwhmclwhfl.supabase.co/storage/v1/object/public/product-images/CCCC001/CCCC001_1.png,0,true
CCCR001,https://usvjbuudnofwhmclwhfl.supabase.co/storage/v1/object/public/product-images/CCCR001/CCCR001_1.png,0,true
CCCRM01,https://usvjbuudnofwhmclwhfl.supabase.co/storage/v1/object/public/product-images/CCCRM01/CCCRM01_1.png,0,true
CCHP001,https://usvjbuudnofwhmclwhfl.supabase.co/storage/v1/object/public/product-images/CCHP001/CCHP001_1.png,0,true
CCHPB01,https://usvjbuudnofwhmclwhfl.supabase.co/storage/v1/object/public/product-images/CCHPB01/CCHPB01_1.png,0,true
CCHR2T1,https://usvjbuudnofwhmclwhfl.supabase.co/storage/v1/object/public/product-images/CCHR2T1/CCHR2T1_1.png,0,true
CCHW001,https://usvjbuudnofwhmclwhfl.supabase.co/storage/v1/object/public/product-images/CCHW001/CCHW001_1.png,0,true
CCHW002,https://usvjbuudnofwhmclwhfl.supabase.co/storage/v1/object/public/product-images/CCHW002/CCHW002_1.png,0,true
CCHW2T1,https://usvjbuudnofwhmclwhfl.supabase.co/storage/v1/object/public/product-images/CCHW2T1/CCHW2T1_1.png,0,true
CCRS001,https://usvjbuudnofwhmclwhfl.supabase.co/storage/v1/object/public/product-images/CCRS001/CCRS001_1.png,0,true
CCRS002,https://usvjbuudnofwhmclwhfl.supabase.co/storage/v1/object/public/product-images/CCRS002/CCRS002_1.png,0,true
CCRSN02,https://usvjbuudnofwhmclwhfl.supabase.co/storage/v1/object/public/product-images/CCRSN02/CCRSN02_1.png,0,true
CCRT001,https://usvjbuudnofwhmclwhfl.supabase.co/storage/v1/object/public/product-images/CCRT001/CCRT001_1.png,0,true
CCRW001,https://usvjbuudnofwhmclwhfl.supabase.co/storage/v1/object/public/product-images/CCRW001/CCRW001_1.png,0,true
CCRW002,https://usvjbuudnofwhmclwhfl.supabase.co/storage/v1/object/public/product-images/CCRW002/CCRW002_1.png,0,true
CCRW003,https://usvjbuudnofwhmclwhfl.supabase.co/storage/v1/object/public/product-images/CCRW003/CCRW003_1.png,0,true
CCRW004,https://usvjbuudnofwhmclwhfl.supabase.co/storage/v1/object/public/product-images/CCRW004/CCRW004_1.png,0,true
CCRWB01,https://usvjbuudnofwhmclwhfl.supabase.co/storage/v1/object/public/product-images/CCRWB01/CCRWB01_1.png,0,true
CCRWB02,https://usvjbuudnofwhmclwhfl.supabase.co/storage/v1/object/public/product-images/CCRWB02/CCRWB02_1.png,0,true
CCRWB03,https://usvjbuudnofwhmclwhfl.supabase.co/storage/v1/object/public/product-images/CCRWB03/CCRWB03_1.png,0,true
CCSP001,https://usvjbuudnofwhmclwhfl.supabase.co/storage/v1/object/public/product-images/CCSP001/CCSP001_1.png,0,true
CCSP002,https://usvjbuudnofwhmclwhfl.supabase.co/storage/v1/object/public/product-images/CCSP002/CCSP002_1.png,0,true
CCSP003,https://usvjbuudnofwhmclwhfl.supabase.co/storage/v1/object/public/product-images/CCSP003/CCSP003_1.png,0,true
CCSP004,https://usvjbuudnofwhmclwhfl.supabase.co/storage/v1/object/public/product-images/CCSP004/CCSP004_1.png,0,true
CCSPN02,https://usvjbuudnofwhmclwhfl.supabase.co/storage/v1/object/public/product-images/CCSPN02/CCSPN02_2.png,1,false
CCSPT01,https://usvjbuudnofwhmclwhfl.supabase.co/storage/v1/object/public/product-images/CCSPT01/CCSPT01_2.png,1,false
CCVF000,https://usvjbuudnofwhmclwhfl.supabase.co/storage/v1/object/public/product-images/CCVF000/CCVF000_1.png,0,true
CHHC001,https://usvjbuudnofwhmclwhfl.supabase.co/storage/v1/object/public/product-images/CHHC001/CHHC001_1.png,0,true
CHHC002,https://usvjbuudnofwhmclwhfl.supabase.co/storage/v1/object/public/product-images/CHHC002/CHHC002_1.png,0,true
CHHC003,https://usvjbuudnofwhmclwhfl.supabase.co/storage/v1/object/public/product-images/CHHC003/CHHC003_1.png,0,true
CHHC004,https://usvjbuudnofwhmclwhfl.supabase.co/storage/v1/object/public/product-images/CHHC004/CHHC004_1.png,0,true
DBCO001,https://usvjbuudnofwhmclwhfl.supabase.co/storage/v1/object/public/product-images/DBCO001/DBCO001_1.jpg,1,false
DBCO001,https://usvjbuudnofwhmclwhfl.supabase.co/storage/v1/object/public/product-images/DBCO001/DBCO001_2.jpg,0,true
DBCOM01,https://usvjbuudnofwhmclwhfl.supabase.co/storage/v1/object/public/product-images/DBCOM01/DBCOM01_1.jpg,1,false
DBCOM01,https://usvjbuudnofwhmclwhfl.supabase.co/storage/v1/object/public/product-images/DBCOM01/DBCOM01_2.jpg,0,true
DBMT001,https://usvjbuudnofwhmclwhfl.supabase.co/storage/v1/object/public/product-images/DBMT001/DBMT001_1.jpg,1,false
DBMT001,https://usvjbuudnofwhmclwhfl.supabase.co/storage/v1/object/public/product-images/DBMT001/DBMT001_2.jpg,0,true
ELHS001,https://usvjbuudnofwhmclwhfl.supabase.co/storage/v1/object/public/product-images/ELHS001/ELHS001_1.jpg,1,false
ELHS001,https://usvjbuudnofwhmclwhfl.supabase.co/storage/v1/object/public/product-images/ELHS001/ELHS001_2.jpg,0,true
FJAP001,https://usvjbuudnofwhmclwhfl.supabase.co/storage/v1/object/public/product-images/FJAP001/FJAP001_1.jpg,0,true
FJAP003,https://usvjbuudnofwhmclwhfl.supabase.co/storage/v1/object/public/product-images/FJAP003/FJAP003_1.jpg,0,true
FJAP004,https://usvjbuudnofwhmclwhfl.supabase.co/storage/v1/object/public/product-images/FJAP004/FJAP004_1.jpg,0,true
FJAP005,https://usvjbuudnofwhmclwhfl.supabase.co/storage/v1/object/public/product-images/FJAP005/FJAP005_1.jpg,0,true
FJAP007,https://usvjbuudnofwhmclwhfl.supabase.co/storage/v1/object/public/product-images/FJAP007/FJAP007_1.jpg,0,true
FJBB001,https://usvjbuudnofwhmclwhfl.supabase.co/storage/v1/object/public/product-images/FJBB001/FJBB001_1.png,0,true
FJBB002,https://usvjbuudnofwhmclwhfl.supabase.co/storage/v1/object/public/product-images/FJBB002/FJBB002_2.jpg,0,true
FJBF001,https://usvjbuudnofwhmclwhfl.supabase.co/storage/v1/object/public/product-images/FJBF001/FJBF001_1.jpg,0,true
FJCB001,https://usvjbuudnofwhmclwhfl.supabase.co/storage/v1/object/public/product-images/FJCB001/FJCB001_1.jpg,0,true
FJCO001,https://usvjbuudnofwhmclwhfl.supabase.co/storage/v1/object/public/product-images/FJCO001/FJCO001_1.jpg,0,true
FJCP001,https://usvjbuudnofwhmclwhfl.supabase.co/storage/v1/object/public/product-images/FJCP001/FJCP001_1.jpg,0,true
FJCR002,https://usvjbuudnofwhmclwhfl.supabase.co/storage/v1/object/public/product-images/FJCR002/FJCR002_1.jpg,0,true
FJCR003,https://usvjbuudnofwhmclwhfl.supabase.co/storage/v1/object/public/product-images/FJCR003/FJCR003_1.jpg,0,true
FJCR004,https://usvjbuudnofwhmclwhfl.supabase.co/storage/v1/object/public/product-images/FJCR004/FJCR004_1.jpg,0,true
FJCR005,https://usvjbuudnofwhmclwhfl.supabase.co/storage/v1/object/public/product-images/FJCR005/FJCR005_1.jpg,0,true
FJCR006,https://usvjbuudnofwhmclwhfl.supabase.co/storage/v1/object/public/product-images/FJCR006/FJCR006_1.jpg,0,true
FJCR007,https://usvjbuudnofwhmclwhfl.supabase.co/storage/v1/object/public/product-images/FJCR007/FJCR007_1.jpg,0,true
FJCR008,https://usvjbuudnofwhmclwhfl.supabase.co/storage/v1/object/public/product-images/FJCR008/FJCR008_1.jpg,0,true
FJCR009,https://usvjbuudnofwhmclwhfl.supabase.co/storage/v1/object/public/product-images/FJCR009/FJCR009_1.jpg,1,false
FJCR009,https://usvjbuudnofwhmclwhfl.supabase.co/storage/v1/object/public/product-images/FJCR009/FJCR009_2.jpg,0,true
FJCRM02,https://usvjbuudnofwhmclwhfl.supabase.co/storage/v1/object/public/product-images/FJCRM02/FJCRM02_1.jpg,0,true
FJCRM03,https://usvjbuudnofwhmclwhfl.supabase.co/storage/v1/object/public/product-images/FJCRM03/FJCRM03_1.jpg,0,true
FJCRM04,https://usvjbuudnofwhmclwhfl.supabase.co/storage/v1/object/public/product-images/FJCRM04/FJCRM04_1.jpg,0,true
FJCRM06,https://usvjbuudnofwhmclwhfl.supabase.co/storage/v1/object/public/product-images/FJCRM06/FJCRM06_1.jpg,0,true
FJCW001,https://usvjbuudnofwhmclwhfl.supabase.co/storage/v1/object/public/product-images/FJCW001/FJCW001_1.jpg,0,true
FJEC001,https://usvjbuudnofwhmclwhfl.supabase.co/storage/v1/object/public/product-images/FJEC001/FJEC001_1.jpg,0,true
FJEC006,https://usvjbuudnofwhmclwhfl.supabase.co/storage/v1/object/public/product-images/FJEC006/FJEC006_1.jpg,0,true
FJES001,https://usvjbuudnofwhmclwhfl.supabase.co/storage/v1/object/public/product-images/FJES001/FJES001_1.jpg,0,true
FJEX001,https://usvjbuudnofwhmclwhfl.supabase.co/storage/v1/object/public/product-images/FJEX001/FJEX001_1.jpg,0,true
FJEX002,https://usvjbuudnofwhmclwhfl.supabase.co/storage/v1/object/public/product-images/FJEX002/FJEX002_1.jpg,0,true
FJEX003,https://usvjbuudnofwhmclwhfl.supabase.co/storage/v1/object/public/product-images/FJEX003/FJEX003_1.jpg,0,true
FJFC002,https://usvjbuudnofwhmclwhfl.supabase.co/storage/v1/object/public/product-images/FJFC002/FJFC002_1.jpg,0,true
FJFC003,https://usvjbuudnofwhmclwhfl.supabase.co/storage/v1/object/public/product-images/FJFC003/FJFC003_1.jpg,0,true
FJFC004,https://usvjbuudnofwhmclwhfl.supabase.co/storage/v1/object/public/product-images/FJFC004/FJFC004_1.jpg,0,true
FJFC005,https://usvjbuudnofwhmclwhfl.supabase.co/storage/v1/object/public/product-images/FJFC005/FJFC005_1.jpg,0,true
FJGB001,https://usvjbuudnofwhmclwhfl.supabase.co/storage/v1/object/public/product-images/FJGB001/FJGB001_1.jpg,0,true
FJGC007,https://usvjbuudnofwhmclwhfl.supabase.co/storage/v1/object/public/product-images/FJGC007/FJGC007_1.jpg,0,true
FJLM001,https://usvjbuudnofwhmclwhfl.supabase.co/storage/v1/object/public/product-images/FJLM001/FJLM001_1.jpg,0,true
FJLM002,https://usvjbuudnofwhmclwhfl.supabase.co/storage/v1/object/public/product-images/FJLM002/FJLM002_1.jpg,0,true
FJLO001,https://usvjbuudnofwhmclwhfl.supabase.co/storage/v1/object/public/product-images/FJLO001/FJLO001_1.jpg,0,true
FJMK001,https://usvjbuudnofwhmclwhfl.supabase.co/storage/v1/object/public/product-images/FJMK001/FJMK001_1.jpg,0,true
FJMK003,https://usvjbuudnofwhmclwhfl.supabase.co/storage/v1/object/public/product-images/FJMK003/FJMK003_1.jpg,0,true
FJMK004,https://usvjbuudnofwhmclwhfl.supabase.co/storage/v1/object/public/product-images/FJMK004/FJMK004_1.jpg,0,true
FJMK005,https://usvjbuudnofwhmclwhfl.supabase.co/storage/v1/object/public/product-images/FJMK005/FJMK005_1.jpg,0,true
FJMK006,https://usvjbuudnofwhmclwhfl.supabase.co/storage/v1/object/public/product-images/FJMK006/FJMK006_1.jpg,0,true
FJMK007,https://usvjbuudnofwhmclwhfl.supabase.co/storage/v1/object/public/product-images/FJMK007/FJMK007_1.jpg,0,true
FJMK008,https://usvjbuudnofwhmclwhfl.supabase.co/storage/v1/object/public/product-images/FJMK008/FJMK008_1.jpg,0,true
FJMK5T1,https://usvjbuudnofwhmclwhfl.supabase.co/storage/v1/object/public/product-images/FJMK5T1/FJMK5T1_1.jpg,0,true
FJMT001,https://usvjbuudnofwhmclwhfl.supabase.co/storage/v1/object/public/product-images/FJMT001/FJMT001_1.jpg,0,true
FJMT002,https://usvjbuudnofwhmclwhfl.supabase.co/storage/v1/object/public/product-images/FJMT002/FJMT002_1.jpg,0,true
FJOF001,https://usvjbuudnofwhmclwhfl.supabase.co/storage/v1/object/public/product-images/FJOF001/FJOF001_1.jpg,0,true
FJOF002,https://usvjbuudnofwhmclwhfl.supabase.co/storage/v1/object/public/product-images/FJOF002/FJOF002_1.jpg,0,true
FJPD001,https://usvjbuudnofwhmclwhfl.supabase.co/storage/v1/object/public/product-images/FJPD001/FJPD001_1.jpg,0,true
FJPGM02,https://usvjbuudnofwhmclwhfl.supabase.co/storage/v1/object/public/product-images/FJPGM02/FJPGM02_1.jpg,0,true
FJPW000,https://usvjbuudnofwhmclwhfl.supabase.co/storage/v1/object/public/product-images/FJPW000/FJPW000_1.jpg,0,true
FJPW001,https://usvjbuudnofwhmclwhfl.supabase.co/storage/v1/object/public/product-images/FJPW001/FJPW001_1.jpg,0,true
FJPWK00,https://usvjbuudnofwhmclwhfl.supabase.co/storage/v1/object/public/product-images/FJPWK00/FJPWK00_1.jpg,0,true
FJSC002,https://usvjbuudnofwhmclwhfl.supabase.co/storage/v1/object/public/product-images/FJSC002/FJSC002_1.jpg,0,true
FJSC003,https://usvjbuudnofwhmclwhfl.supabase.co/storage/v1/object/public/product-images/FJSC003/FJSC003_1.jpg,0,true
FJSL001,https://usvjbuudnofwhmclwhfl.supabase.co/storage/v1/object/public/product-images/FJSL001/FJSL001_1.jpg,0,true
FJSL002,https://usvjbuudnofwhmclwhfl.supabase.co/storage/v1/object/public/product-images/FJSL002/FJSL002_1.jpg,0,true
FJSL003,https://usvjbuudnofwhmclwhfl.supabase.co/storage/v1/object/public/product-images/FJSL003/FJSL003_1.jpg,0,true
FJSL004,https://usvjbuudnofwhmclwhfl.supabase.co/storage/v1/object/public/product-images/FJSL004/FJSL004_1.jpg,0,true
FJSL006,https://usvjbuudnofwhmclwhfl.supabase.co/storage/v1/object/public/product-images/FJSL006/FJSL006_1.jpg,0,true
FJSL007,https://usvjbuudnofwhmclwhfl.supabase.co/storage/v1/object/public/product-images/FJSL007/FJSL007_1.jpg,0,true
FJSM001,https://usvjbuudnofwhmclwhfl.supabase.co/storage/v1/object/public/product-images/FJSM001/FJSM001_1.jpg,0,true
FJWE001,https://usvjbuudnofwhmclwhfl.supabase.co/storage/v1/object/public/product-images/FJWE001/FJWE001_1.jpg,0,true
HCBC001,https://usvjbuudnofwhmclwhfl.supabase.co/storage/v1/object/public/product-images/HCBC001/HCBC001_1.jpg,0,true
HCBL001,https://usvjbuudnofwhmclwhfl.supabase.co/storage/v1/object/public/product-images/HCBL001/HCBL001_1.jpg,0,true
HCHW001,https://usvjbuudnofwhmclwhfl.supabase.co/storage/v1/object/public/product-images/HCHW001/HCHW001_1.jpg,0,true
HCRS001,https://usvjbuudnofwhmclwhfl.supabase.co/storage/v1/object/public/product-images/HCRS001/HCRS001_1.jpg,0,true
HCSP001,https://usvjbuudnofwhmclwhfl.supabase.co/storage/v1/object/public/product-images/HCSP001/HCSP001_1.jpg,0,true
ILMT001,https://usvjbuudnofwhmclwhfl.supabase.co/storage/v1/object/public/product-images/ILMT001/ILMT001_1.jpg,0,true
ILMT001,https://usvjbuudnofwhmclwhfl.supabase.co/storage/v1/object/public/product-images/ILMT001/ILMT001_2.jpg,1,false
ILMT002,https://usvjbuudnofwhmclwhfl.supabase.co/storage/v1/object/public/product-images/ILMT002/ILMT002_1.jpg,0,true
ILMT002,https://usvjbuudnofwhmclwhfl.supabase.co/storage/v1/object/public/product-images/ILMT002/ILMT002_2.jpg,1,false
ILMT003,https://usvjbuudnofwhmclwhfl.supabase.co/storage/v1/object/public/product-images/ILMT003/ILMT003_1.jpg,0,true
ILMT003,https://usvjbuudnofwhmclwhfl.supabase.co/storage/v1/object/public/product-images/ILMT003/ILMT003_2.jpg,1,false
ILMT004,https://usvjbuudnofwhmclwhfl.supabase.co/storage/v1/object/public/product-images/ILMT004/ILMT004_1.jpg,0,true
ILMT004,https://usvjbuudnofwhmclwhfl.supabase.co/storage/v1/object/public/product-images/ILMT004/ILMT004_2.jpg,1,false
ILMT005,https://usvjbuudnofwhmclwhfl.supabase.co/storage/v1/object/public/product-images/ILMT005/ILMT005_1.jpg,1,false
ILMT005,https://usvjbuudnofwhmclwhfl.supabase.co/storage/v1/object/public/product-images/ILMT005/ILMT005_2.jpg,0,true
ILWS001,https://usvjbuudnofwhmclwhfl.supabase.co/storage/v1/object/public/product-images/ILWS001/ILWS001_1.jpg,0,true
ILWS001,https://usvjbuudnofwhmclwhfl.supabase.co/storage/v1/object/public/product-images/ILWS001/ILWS001_2.jpg,1,false
ILWS002,https://usvjbuudnofwhmclwhfl.supabase.co/storage/v1/object/public/product-images/ILWS002/ILWS002_1.jpg,0,true
ILWS002,https://usvjbuudnofwhmclwhfl.supabase.co/storage/v1/object/public/product-images/ILWS002/ILWS002_2.jpg,1,false
ILWS003,https://usvjbuudnofwhmclwhfl.supabase.co/storage/v1/object/public/product-images/ILWS003/ILWS003_1.jpg,0,true
ILWS004,https://usvjbuudnofwhmclwhfl.supabase.co/storage/v1/object/public/product-images/ILWS004/ILWS004_1.jpg,0,true
ILWS007,https://usvjbuudnofwhmclwhfl.supabase.co/storage/v1/object/public/product-images/ILWS007/ILWS007_1.jpg,0,true
ILWS008,https://usvjbuudnofwhmclwhfl.supabase.co/storage/v1/object/public/product-images/ILWS008/ILWS008_1.jpg,1,false
ILWS008,https://usvjbuudnofwhmclwhfl.supabase.co/storage/v1/object/public/product-images/ILWS008/ILWS008_2.jpg,0,true
ILWS009,https://usvjbuudnofwhmclwhfl.supabase.co/storage/v1/object/public/product-images/ILWS009/ILWS009_1.jpg,0,true
ILWSP02,https://usvjbuudnofwhmclwhfl.supabase.co/storage/v1/object/public/product-images/ILWSP02/ILWSP02_1.jpg,0,true
JCTP001,https://usvjbuudnofwhmclwhfl.supabase.co/storage/v1/object/public/product-images/JCTP001/JCTP001_1.jpg,1,false
JCTP001,https://usvjbuudnofwhmclwhfl.supabase.co/storage/v1/object/public/product-images/JCTP001/JCTP001_2.jpg,0,true
JCTP002,https://usvjbuudnofwhmclwhfl.supabase.co/storage/v1/object/public/product-images/JCTP002/JCTP002_1.jpg,1,false
JCTP002,https://usvjbuudnofwhmclwhfl.supabase.co/storage/v1/object/public/product-images/JCTP002/JCTP002_2.jpg,0,true
JCTP003,https://usvjbuudnofwhmclwhfl.supabase.co/storage/v1/object/public/product-images/JCTP003/JCTP003_1.jpg,1,false
JCTP003,https://usvjbuudnofwhmclwhfl.supabase.co/storage/v1/object/public/product-images/JCTP003/JCTP003_2.jpg,0,true
JCTP3T1,https://usvjbuudnofwhmclwhfl.supabase.co/storage/v1/object/public/product-images/JCTP3T1/JCTP3T1_1.jpg,1,false
JCTP3T1,https://usvjbuudnofwhmclwhfl.supabase.co/storage/v1/object/public/product-images/JCTP3T1/JCTP3T1_2.jpg,0,true
JOAC4T1,https://usvjbuudnofwhmclwhfl.supabase.co/storage/v1/object/public/product-images/JOAC4T1/JOAC4T1_1.jpg,1,false
JOAC4T1,https://usvjbuudnofwhmclwhfl.supabase.co/storage/v1/object/public/product-images/JOAC4T1/JOAC4T1_2.jpg,0,true
JOCM2T1,https://usvjbuudnofwhmclwhfl.supabase.co/storage/v1/object/public/product-images/JOCM2T1/JOCM2T1_1.jpg,0,true
JOCO001,https://usvjbuudnofwhmclwhfl.supabase.co/storage/v1/object/public/product-images/JOCO001/JOCO001_1.jpg,0,true
JOCO002,https://usvjbuudnofwhmclwhfl.supabase.co/storage/v1/object/public/product-images/JOCO002/JOCO002_1.jpg,0,true
JOCR001,https://usvjbuudnofwhmclwhfl.supabase.co/storage/v1/object/public/product-images/JOCR001/JOCR001_1.jpg,0,true
JOCR002,https://usvjbuudnofwhmclwhfl.supabase.co/storage/v1/object/public/product-images/JOCR002/JOCR002_1.jpg,0,true
JOCR003,https://usvjbuudnofwhmclwhfl.supabase.co/storage/v1/object/public/product-images/JOCR003/JOCR003_1.jpg,0,true
JOCRM03,https://usvjbuudnofwhmclwhfl.supabase.co/storage/v1/object/public/product-images/JOCRM03/JOCRM03_1.jpg,0,true
JOEC001,https://usvjbuudnofwhmclwhfl.supabase.co/storage/v1/object/public/product-images/JOEC001/JOEC001_1.jpg,0,true
JOFC001,https://usvjbuudnofwhmclwhfl.supabase.co/storage/v1/object/public/product-images/JOFC001/JOFC001_1.jpg,0,true
JOFC005,https://usvjbuudnofwhmclwhfl.supabase.co/storage/v1/object/public/product-images/JOFC005/JOFC005_1.jpg,0,true
JOLS001,https://usvjbuudnofwhmclwhfl.supabase.co/storage/v1/object/public/product-images/JOLS001/JOLS001_1.jpg,0,true
JOLS002,https://usvjbuudnofwhmclwhfl.supabase.co/storage/v1/object/public/product-images/JOLS002/JOLS002_1.jpg,1,false
JOLS002,https://usvjbuudnofwhmclwhfl.supabase.co/storage/v1/object/public/product-images/JOLS002/JOLS002_2.jpg,0,true
JOPK001,https://usvjbuudnofwhmclwhfl.supabase.co/storage/v1/object/public/product-images/JOPK001/JOPK001_1.jpg,0,true
JOPK002,https://usvjbuudnofwhmclwhfl.supabase.co/storage/v1/object/public/product-images/JOPK002/JOPK002_1.jpg,0,true
JOPK003,https://usvjbuudnofwhmclwhfl.supabase.co/storage/v1/object/public/product-images/JOPK003/JOPK003_1.jpg,0,true
JOPK004,https://usvjbuudnofwhmclwhfl.supabase.co/storage/v1/object/public/product-images/JOPK004/JOPK004_1.jpg,0,true
JOPK005,https://usvjbuudnofwhmclwhfl.supabase.co/storage/v1/object/public/product-images/JOPK005/JOPK005_1.jpg,0,true
JOPK006,https://usvjbuudnofwhmclwhfl.supabase.co/storage/v1/object/public/product-images/JOPK006/JOPK006_1.jpg,0,true
JOPKP01,https://usvjbuudnofwhmclwhfl.supabase.co/storage/v1/object/public/product-images/JOPKP01/JOPKP01_1.jpg,0,true
JOPKP02,https://usvjbuudnofwhmclwhfl.supabase.co/storage/v1/object/public/product-images/JOPKP02/JOPKP02_1.jpg,0,true
JOPKP03,https://usvjbuudnofwhmclwhfl.supabase.co/storage/v1/object/public/product-images/JOPKP03/JOPKP03_1.jpg,0,true
JOPKP04,https://usvjbuudnofwhmclwhfl.supabase.co/storage/v1/object/public/product-images/JOPKP04/JOPKP04_1.jpg,0,true
JOPKP05,https://usvjbuudnofwhmclwhfl.supabase.co/storage/v1/object/public/product-images/JOPKP05/JOPKP05_1.jpg,0,true
JOPKP06,https://usvjbuudnofwhmclwhfl.supabase.co/storage/v1/object/public/product-images/JOPKP06/JOPKP06_1.jpg,0,true
JOPW001,https://usvjbuudnofwhmclwhfl.supabase.co/storage/v1/object/public/product-images/JOPW001/JOPW001_1.jpg,0,true
JOSC001,https://usvjbuudnofwhmclwhfl.supabase.co/storage/v1/object/public/product-images/JOSC001/JOSC001_1.jpg,0,true
JOSCP01,https://usvjbuudnofwhmclwhfl.supabase.co/storage/v1/object/public/product-images/JOSCP01/JOSCP01_1.jpg,0,true
JOSL001,https://usvjbuudnofwhmclwhfl.supabase.co/storage/v1/object/public/product-images/JOSL001/JOSL001_1.jpg,0,true
JOSR001,https://usvjbuudnofwhmclwhfl.supabase.co/storage/v1/object/public/product-images/JOSR001/JOSR001_1.jpg,0,true
JOSS001,https://usvjbuudnofwhmclwhfl.supabase.co/storage/v1/object/public/product-images/JOSS001/JOSS001_1.jpg,0,true
JOSS002,https://usvjbuudnofwhmclwhfl.supabase.co/storage/v1/object/public/product-images/JOSS002/JOSS002_1.jpg,0,true
JOSS003,https://usvjbuudnofwhmclwhfl.supabase.co/storage/v1/object/public/product-images/JOSS003/JOSS003_1.jpg,0,true
KBBC001,https://usvjbuudnofwhmclwhfl.supabase.co/storage/v1/object/public/product-images/KBBC001/KBBC001_1.jpg,0,true
KBBC002,https://usvjbuudnofwhmclwhfl.supabase.co/storage/v1/object/public/product-images/KBBC002/KBBC002_1.jpg,0,true
KBBC003,https://usvjbuudnofwhmclwhfl.supabase.co/storage/v1/object/public/product-images/KBBC003/KBBC003_1.jpg,0,true
KBBC004,https://usvjbuudnofwhmclwhfl.supabase.co/storage/v1/object/public/product-images/KBBC004/KBBC004_1.jpg,0,true
KBCR001,https://usvjbuudnofwhmclwhfl.supabase.co/storage/v1/object/public/product-images/KBCR001/KBCR001_1.jpg,0,true
KBCR002,https://usvjbuudnofwhmclwhfl.supabase.co/storage/v1/object/public/product-images/KBCR002/KBCR002_1.jpg,0,true
KBCR003,https://usvjbuudnofwhmclwhfl.supabase.co/storage/v1/object/public/product-images/KBCR003/KBCR003_1.jpg,0,true
KBCR004,https://usvjbuudnofwhmclwhfl.supabase.co/storage/v1/object/public/product-images/KBCR004/KBCR004_1.jpg,0,true
KBCR005,https://usvjbuudnofwhmclwhfl.supabase.co/storage/v1/object/public/product-images/KBCR005/KBCR005_1.jpg,0,true
KBCR006,https://usvjbuudnofwhmclwhfl.supabase.co/storage/v1/object/public/product-images/KBCR006/KBCR006_1.jpg,0,true
KBCR007,https://usvjbuudnofwhmclwhfl.supabase.co/storage/v1/object/public/product-images/KBCR007/KBCR007_1.jpg,0,true
KBCR008,https://usvjbuudnofwhmclwhfl.supabase.co/storage/v1/object/public/product-images/KBCR008/KBCR008_1.jpg,0,true
KBHC001,https://usvjbuudnofwhmclwhfl.supabase.co/storage/v1/object/public/product-images/KBHC001/KBHC001_1.jpg,0,true
KBHC002,https://usvjbuudnofwhmclwhfl.supabase.co/storage/v1/object/public/product-images/KBHC002/KBHC002_1.jpg,0,true
KBHC003,https://usvjbuudnofwhmclwhfl.supabase.co/storage/v1/object/public/product-images/KBHC003/KBHC003_1.jpg,0,true
KBHC004,https://usvjbuudnofwhmclwhfl.supabase.co/storage/v1/object/public/product-images/KBHC004/KBHC004_1.jpg,0,true
KBHC005,https://usvjbuudnofwhmclwhfl.supabase.co/storage/v1/object/public/product-images/KBHC005/KBHC005_1.jpg,0,true
KBHC006,https://usvjbuudnofwhmclwhfl.supabase.co/storage/v1/object/public/product-images/KBHC006/KBHC006_1.jpg,0,true
KBHC007,https://usvjbuudnofwhmclwhfl.supabase.co/storage/v1/object/public/product-images/KBHC007/KBHC007_1.jpg,0,true
KBHC008,https://usvjbuudnofwhmclwhfl.supabase.co/storage/v1/object/public/product-images/KBHC008/KBHC008_1.jpg,0,true
KBHC009,https://usvjbuudnofwhmclwhfl.supabase.co/storage/v1/object/public/product-images/KBHC009/KBHC009_1.jpg,0,true
KBHC010,https://usvjbuudnofwhmclwhfl.supabase.co/storage/v1/object/public/product-images/KBHC010/KBHC010_1.jpg,0,true
KBHC011,https://usvjbuudnofwhmclwhfl.supabase.co/storage/v1/object/public/product-images/KBHC011/KBHC011_1.jpg,0,true
KBHC012,https://usvjbuudnofwhmclwhfl.supabase.co/storage/v1/object/public/product-images/KBHC012/KBHC012_1.jpg,0,true
KBHC013,https://usvjbuudnofwhmclwhfl.supabase.co/storage/v1/object/public/product-images/KBHC013/KBHC013_1.jpg,0,true
KBHC3T1,https://usvjbuudnofwhmclwhfl.supabase.co/storage/v1/object/public/product-images/KBHC3T1/KBHC3T1_1.jpg,0,true
KBHC5T1,https://usvjbuudnofwhmclwhfl.supabase.co/storage/v1/object/public/product-images/KBHC5T1/KBHC5T1_1.jpg,0,true
KBOW001,https://usvjbuudnofwhmclwhfl.supabase.co/storage/v1/object/public/product-images/KBOW001/KBOW001_1.jpg,0,true
KBOW002,https://usvjbuudnofwhmclwhfl.supabase.co/storage/v1/object/public/product-images/KBOW002/KBOW002_1.jpg,0,true
KBOW003,https://usvjbuudnofwhmclwhfl.supabase.co/storage/v1/object/public/product-images/KBOW003/KBOW003_1.jpg,0,true
KBOW004,https://usvjbuudnofwhmclwhfl.supabase.co/storage/v1/object/public/product-images/KBOW004/KBOW004_1.jpg,0,true
KBOW005,https://usvjbuudnofwhmclwhfl.supabase.co/storage/v1/object/public/product-images/KBOW005/KBOW005_1.jpg,0,true
KSCL000,https://usvjbuudnofwhmclwhfl.supabase.co/storage/v1/object/public/product-images/KSCL000/KSCL000_1.jpg,1,false
KSCL000,https://usvjbuudnofwhmclwhfl.supabase.co/storage/v1/object/public/product-images/KSCL000/KSCL000_2.jpg,0,true
KSCS000,https://usvjbuudnofwhmclwhfl.supabase.co/storage/v1/object/public/product-images/KSCS000/KSCS000_1.jpg,1,false
KSCS000,https://usvjbuudnofwhmclwhfl.supabase.co/storage/v1/object/public/product-images/KSCS000/KSCS000_2.jpg,0,true
KSML000,https://usvjbuudnofwhmclwhfl.supabase.co/storage/v1/object/public/product-images/KSML000/KSML000_1.jpg,0,true
KSMS000,https://usvjbuudnofwhmclwhfl.supabase.co/storage/v1/object/public/product-images/KSMS000/KSMS000_1.jpg,0,true
KSMXM2T,https://usvjbuudnofwhmclwhfl.supabase.co/storage/v1/object/public/product-images/KSMXM2T/KSMXM2T_1.jpg,0,true
KSMXM2T,https://usvjbuudnofwhmclwhfl.supabase.co/storage/v1/object/public/product-images/KSMXM2T/KSMXM2T_2.jpg,1,false
KSMXN2T,https://usvjbuudnofwhmclwhfl.supabase.co/storage/v1/object/public/product-images/KSMXN2T/KSMXN2T_1.jpg,0,true
KSMXN2T,https://usvjbuudnofwhmclwhfl.supabase.co/storage/v1/object/public/product-images/KSMXN2T/KSMXN2T_2.jpg,1,false
KSXX2T1,https://usvjbuudnofwhmclwhfl.supabase.co/storage/v1/object/public/product-images/KSXX2T1/KSXX2T1_1.jpg,0,true
KSXX2T1,https://usvjbuudnofwhmclwhfl.supabase.co/storage/v1/object/public/product-images/KSXX2T1/KSXX2T1_2.jpg,1,false
LAHC000,https://usvjbuudnofwhmclwhfl.supabase.co/storage/v1/object/public/product-images/LAHC000/LAHC000_1.png,0,true
NPBC001,https://usvjbuudnofwhmclwhfl.supabase.co/storage/v1/object/public/product-images/NPBC001/NPBC001_1.jpg,0,true
NPBC002,https://usvjbuudnofwhmclwhfl.supabase.co/storage/v1/object/public/product-images/NPBC002/NPBC002_1.jpg,0,true
NPBC003,https://usvjbuudnofwhmclwhfl.supabase.co/storage/v1/object/public/product-images/NPBC003/NPBC003_1.jpg,0,true
NPBC004,https://usvjbuudnofwhmclwhfl.supabase.co/storage/v1/object/public/product-images/NPBC004/NPBC004_1.jpg,0,true
NPBC005,https://usvjbuudnofwhmclwhfl.supabase.co/storage/v1/object/public/product-images/NPBC005/NPBC005_1.jpg,0,true
NPBC006,https://usvjbuudnofwhmclwhfl.supabase.co/storage/v1/object/public/product-images/NPBC006/NPBC006_1.jpg,0,true
NPBC007,https://usvjbuudnofwhmclwhfl.supabase.co/storage/v1/object/public/product-images/NPBC007/NPBC007_1.jpg,0,true
NPBC008,https://usvjbuudnofwhmclwhfl.supabase.co/storage/v1/object/public/product-images/NPBC008/NPBC008_1.jpg,0,true
NPBC009,https://usvjbuudnofwhmclwhfl.supabase.co/storage/v1/object/public/product-images/NPBC009/NPBC009_1.jpg,0,true
NPBCT01,https://usvjbuudnofwhmclwhfl.supabase.co/storage/v1/object/public/product-images/NPBCT01/NPBCT01_1.jpg,0,true
NPBCT02,https://usvjbuudnofwhmclwhfl.supabase.co/storage/v1/object/public/product-images/NPBCT02/NPBCT02_1.jpg,0,true
NPBCT03,https://usvjbuudnofwhmclwhfl.supabase.co/storage/v1/object/public/product-images/NPBCT03/NPBCT03_1.jpg,0,true
NPBCT04,https://usvjbuudnofwhmclwhfl.supabase.co/storage/v1/object/public/product-images/NPBCT04/NPBCT04_1.jpg,0,true
NPSS001,https://usvjbuudnofwhmclwhfl.supabase.co/storage/v1/object/public/product-images/NPSS001/NPSS001_1.jpg,1,false
NPSS001,https://usvjbuudnofwhmclwhfl.supabase.co/storage/v1/object/public/product-images/NPSS001/NPSS001_2.jpg,0,true
NPSS002,https://usvjbuudnofwhmclwhfl.supabase.co/storage/v1/object/public/product-images/NPSS002/NPSS002_1.jpg,1,false
NPSS002,https://usvjbuudnofwhmclwhfl.supabase.co/storage/v1/object/public/product-images/NPSS002/NPSS002_2.jpg,0,true
NPSS003,https://usvjbuudnofwhmclwhfl.supabase.co/storage/v1/object/public/product-images/NPSS003/NPSS003_1.jpg,1,false
NPSS003,https://usvjbuudnofwhmclwhfl.supabase.co/storage/v1/object/public/product-images/NPSS003/NPSS003_2.jpg,0,true
NPSS004,https://usvjbuudnofwhmclwhfl.supabase.co/storage/v1/object/public/product-images/NPSS004/NPSS004_1.jpg,1,false
NPSS004,https://usvjbuudnofwhmclwhfl.supabase.co/storage/v1/object/public/product-images/NPSS004/NPSS004_2.jpg,0,true
NPSS005,https://usvjbuudnofwhmclwhfl.supabase.co/storage/v1/object/public/product-images/NPSS005/NPSS005_1.jpg,1,false
NPSS005,https://usvjbuudnofwhmclwhfl.supabase.co/storage/v1/object/public/product-images/NPSS005/NPSS005_2.jpg,0,true
PDBC001,https://usvjbuudnofwhmclwhfl.supabase.co/storage/v1/object/public/product-images/PDBC001/PDBC001_1.jpg,0,true
PDBC002,https://usvjbuudnofwhmclwhfl.supabase.co/storage/v1/object/public/product-images/PDBC002/PDBC002_1.jpg,0,true
PDBC003,https://usvjbuudnofwhmclwhfl.supabase.co/storage/v1/object/public/product-images/PDBC003/PDBC003_1.jpg,0,true
PDBC004,https://usvjbuudnofwhmclwhfl.supabase.co/storage/v1/object/public/product-images/PDBC004/PDBC004_1.jpg,0,true
PDBCT01,https://usvjbuudnofwhmclwhfl.supabase.co/storage/v1/object/public/product-images/PDBCT01/PDBCT01_1.jpg,0,true
PDBL001,https://usvjbuudnofwhmclwhfl.supabase.co/storage/v1/object/public/product-images/PDBL001/PDBL001_1.jpg,0,true
PDBLB00,https://usvjbuudnofwhmclwhfl.supabase.co/storage/v1/object/public/product-images/PDBLB00/PDBLB00_1.jpg,0,true
PDCGT01,https://usvjbuudnofwhmclwhfl.supabase.co/storage/v1/object/public/product-images/PDCGT01/PDCGT01_1.jpg,0,true
PDCGT01,https://usvjbuudnofwhmclwhfl.supabase.co/storage/v1/object/public/product-images/PDCGT01/PDCGT01_2.jpg,1,false
PDCO001,https://usvjbuudnofwhmclwhfl.supabase.co/storage/v1/object/public/product-images/PDCO001/PDCO001_1.jpg,0,true
PDDO001,https://usvjbuudnofwhmclwhfl.supabase.co/storage/v1/object/public/product-images/PDDO001/PDDO001_1.jpg,0,true
PDFC001,https://usvjbuudnofwhmclwhfl.supabase.co/storage/v1/object/public/product-images/PDFC001/PDFC001_1.jpg,0,true
PDFO001,https://usvjbuudnofwhmclwhfl.supabase.co/storage/v1/object/public/product-images/PDFO001/PDFO001_1.jpg,0,true
PDFO002,https://usvjbuudnofwhmclwhfl.supabase.co/storage/v1/object/public/product-images/PDFO002/PDFO002_1.jpg,0,true
PDFO003,https://usvjbuudnofwhmclwhfl.supabase.co/storage/v1/object/public/product-images/PDFO003/PDFO003_1.jpg,0,true
PDFOP03,https://usvjbuudnofwhmclwhfl.supabase.co/storage/v1/object/public/product-images/PDFOP03/PDFOP03_1.jpg,0,true
PDHM001,https://usvjbuudnofwhmclwhfl.supabase.co/storage/v1/object/public/product-images/PDHM001/PDHM001_1.jpg,0,true
PDHM002,https://usvjbuudnofwhmclwhfl.supabase.co/storage/v1/object/public/product-images/PDHM002/PDHM002_1.jpg,0,true
PDHM003,https://usvjbuudnofwhmclwhfl.supabase.co/storage/v1/object/public/product-images/PDHM003/PDHM003_1.jpg,0,true
PDHS001,https://usvjbuudnofwhmclwhfl.supabase.co/storage/v1/object/public/product-images/PDHS001/PDHS001_1.jpg,0,true
PDHS002,https://usvjbuudnofwhmclwhfl.supabase.co/storage/v1/object/public/product-images/PDHS002/PDHS002_1.jpg,0,true
PDHS003,https://usvjbuudnofwhmclwhfl.supabase.co/storage/v1/object/public/product-images/PDHS003/PDHS003_1.jpg,0,true
PDHS004,https://usvjbuudnofwhmclwhfl.supabase.co/storage/v1/object/public/product-images/PDHS004/PDHS004_1.jpg,0,true
PDHS005,https://usvjbuudnofwhmclwhfl.supabase.co/storage/v1/object/public/product-images/PDHS005/PDHS005_1.jpg,0,true
PDIC000,https://usvjbuudnofwhmclwhfl.supabase.co/storage/v1/object/public/product-images/PDIC000/PDIC000_1.jpg,0,true
PDICM00,https://usvjbuudnofwhmclwhfl.supabase.co/storage/v1/object/public/product-images/PDICM00/PDICM00_1.jpg,0,true
PDIR000,https://usvjbuudnofwhmclwhfl.supabase.co/storage/v1/object/public/product-images/PDIR000/PDIR000_1.jpg,0,true
PDIR001,https://usvjbuudnofwhmclwhfl.supabase.co/storage/v1/object/public/product-images/PDIR001/PDIR001_1.jpg,0,true
PDIR002,https://usvjbuudnofwhmclwhfl.supabase.co/storage/v1/object/public/product-images/PDIR002/PDIR002_1.jpg,0,true
PDIR003,https://usvjbuudnofwhmclwhfl.supabase.co/storage/v1/object/public/product-images/PDIR003/PDIR003_1.jpg,0,true
PDIR004,https://usvjbuudnofwhmclwhfl.supabase.co/storage/v1/object/public/product-images/PDIR004/PDIR004_1.jpg,0,true
PDIR005,https://usvjbuudnofwhmclwhfl.supabase.co/storage/v1/object/public/product-images/PDIR005/PDIR005_1.jpg,0,true
PDIR006,https://usvjbuudnofwhmclwhfl.supabase.co/storage/v1/object/public/product-images/PDIR006/PDIR006_1.jpg,0,true
PDIR007,https://usvjbuudnofwhmclwhfl.supabase.co/storage/v1/object/public/product-images/PDIR007/PDIR007_1.jpg,0,true
PDIR008,https://usvjbuudnofwhmclwhfl.supabase.co/storage/v1/object/public/product-images/PDIR008/PDIR008_1.jpg,0,true
PDIR009,https://usvjbuudnofwhmclwhfl.supabase.co/storage/v1/object/public/product-images/PDIR009/PDIR009_1.jpg,0,true
PDIR010,https://usvjbuudnofwhmclwhfl.supabase.co/storage/v1/object/public/product-images/PDIR010/PDIR010_1.jpg,0,true
PDIR011,https://usvjbuudnofwhmclwhfl.supabase.co/storage/v1/object/public/product-images/PDIR011/PDIR011_1.jpg,0,true
PDIR012,https://usvjbuudnofwhmclwhfl.supabase.co/storage/v1/object/public/product-images/PDIR012/PDIR012_1.jpg,0,true
PDML001,https://usvjbuudnofwhmclwhfl.supabase.co/storage/v1/object/public/product-images/PDML001/PDML001_1.jpg,0,true
PDRS001,https://usvjbuudnofwhmclwhfl.supabase.co/storage/v1/object/public/product-images/PDRS001/PDRS001_1.jpg,0,true
PDRS002,https://usvjbuudnofwhmclwhfl.supabase.co/storage/v1/object/public/product-images/PDRS002/PDRS002_1.jpg,0,true
PDRS003,https://usvjbuudnofwhmclwhfl.supabase.co/storage/v1/object/public/product-images/PDRS003/PDRS003_1.jpg,0,true
PDRS004,https://usvjbuudnofwhmclwhfl.supabase.co/storage/v1/object/public/product-images/PDRS004/PDRS004_1.jpg,0,true
PDRS005,https://usvjbuudnofwhmclwhfl.supabase.co/storage/v1/object/public/product-images/PDRS005/PDRS005_1.jpg,0,true
PDRS006,https://usvjbuudnofwhmclwhfl.supabase.co/storage/v1/object/public/product-images/PDRS006/PDRS006_1.webp,0,true
PDRS007,https://usvjbuudnofwhmclwhfl.supabase.co/storage/v1/object/public/product-images/PDRS007/PDRS007_1.jpg,0,true
PDRSM03,https://usvjbuudnofwhmclwhfl.supabase.co/storage/v1/object/public/product-images/PDRSM03/PDRSM03_1.jpg,0,true
PDRSM04,https://usvjbuudnofwhmclwhfl.supabase.co/storage/v1/object/public/product-images/PDRSM04/PDRSM04_1.jpg,0,true
PDRSM06,https://usvjbuudnofwhmclwhfl.supabase.co/storage/v1/object/public/product-images/PDRSM06/PDRSM06_1.jpg,0,true
PDRST04,https://usvjbuudnofwhmclwhfl.supabase.co/storage/v1/object/public/product-images/PDRST04/PDRST04_1.jpg,0,true
PDSA000,https://usvjbuudnofwhmclwhfl.supabase.co/storage/v1/object/public/product-images/PDSA000/PDSA000_1.jpg,0,true
PDSG002,https://usvjbuudnofwhmclwhfl.supabase.co/storage/v1/object/public/product-images/PDSG002/PDSG002_1.jpg,0,true
PDSG004,https://usvjbuudnofwhmclwhfl.supabase.co/storage/v1/object/public/product-images/PDSG004/PDSG004_1.jpg,0,true
PDSL001,https://usvjbuudnofwhmclwhfl.supabase.co/storage/v1/object/public/product-images/PDSL001/PDSL001_1.jpg,1,false
PDSL001,https://usvjbuudnofwhmclwhfl.supabase.co/storage/v1/object/public/product-images/PDSL001/PDSL001_2.jpg,0,true
PDSP002,https://usvjbuudnofwhmclwhfl.supabase.co/storage/v1/object/public/product-images/PDSP002/PDSP002_1.jpg,0,true
PDSP003,https://usvjbuudnofwhmclwhfl.supabase.co/storage/v1/object/public/product-images/PDSP003/PDSP003_1.jpg,0,true
PDSP005,https://usvjbuudnofwhmclwhfl.supabase.co/storage/v1/object/public/product-images/PDSP005/PDSP005_1.jpg,0,true
PDSP006,https://usvjbuudnofwhmclwhfl.supabase.co/storage/v1/object/public/product-images/PDSP006/PDSP006_1.jpg,0,true
PDSP009,https://usvjbuudnofwhmclwhfl.supabase.co/storage/v1/object/public/product-images/PDSP009/PDSP009_1.webp,0,true
PDSPM05,https://usvjbuudnofwhmclwhfl.supabase.co/storage/v1/object/public/product-images/PDSPM05/PDSPM05_1.jpg,0,true
PDSPM06,https://usvjbuudnofwhmclwhfl.supabase.co/storage/v1/object/public/product-images/PDSPM06/PDSPM06_1.jpg,0,true
PDSPM09,https://usvjbuudnofwhmclwhfl.supabase.co/storage/v1/object/public/product-images/PDSPM09/PDSPM09_1.jpg,0,true
PDSPT06,https://usvjbuudnofwhmclwhfl.supabase.co/storage/v1/object/public/product-images/PDSPT06/PDSPT06_1.jpg,0,true
PDSPT09,https://usvjbuudnofwhmclwhfl.supabase.co/storage/v1/object/public/product-images/PDSPT09/PDSPT09_1.jpg,0,true
PDTS001,https://usvjbuudnofwhmclwhfl.supabase.co/storage/v1/object/public/product-images/PDTS001/PDTS001_1.jpg,0,true
RABD2T1,https://usvjbuudnofwhmclwhfl.supabase.co/storage/v1/object/public/product-images/RABD2T1/RABD2T1_1.jpg,0,true
RLBC001,https://usvjbuudnofwhmclwhfl.supabase.co/storage/v1/object/public/product-images/RLBC001/RLBC001_1.jpg,0,true
RLBC002,https://usvjbuudnofwhmclwhfl.supabase.co/storage/v1/object/public/product-images/RLBC002/RLBC002_1.jpg,0,true
RLBL001,https://usvjbuudnofwhmclwhfl.supabase.co/storage/v1/object/public/product-images/RLBL001/RLBL001_1.jpg,0,true
RLBL002,https://usvjbuudnofwhmclwhfl.supabase.co/storage/v1/object/public/product-images/RLBL002/RLBL002_1.jpg,0,true
RMBL001,https://usvjbuudnofwhmclwhfl.supabase.co/storage/v1/object/public/product-images/RMBL001/RMBL001_1.jpg,0,true
RMBL002,https://usvjbuudnofwhmclwhfl.supabase.co/storage/v1/object/public/product-images/RMBL002/RMBL002_1.jpg,0,true
RMBL003,https://usvjbuudnofwhmclwhfl.supabase.co/storage/v1/object/public/product-images/RMBL003/RMBL003_1.jpg,0,true
RMBL004,https://usvjbuudnofwhmclwhfl.supabase.co/storage/v1/object/public/product-images/RMBL004/RMBL004_1.jpg,0,true
RMBL005,https://usvjbuudnofwhmclwhfl.supabase.co/storage/v1/object/public/product-images/RMBL005/RMBL005_1.jpg,0,true
RMBL006,https://usvjbuudnofwhmclwhfl.supabase.co/storage/v1/object/public/product-images/RMBL006/RMBL006_1.jpg,0,true
RMBL007,https://usvjbuudnofwhmclwhfl.supabase.co/storage/v1/object/public/product-images/RMBL007/RMBL007_1.jpg,0,true
RMBL012,https://usvjbuudnofwhmclwhfl.supabase.co/storage/v1/object/public/product-images/RMBL012/RMBL012_1.jpg,0,true
RMBL014,https://usvjbuudnofwhmclwhfl.supabase.co/storage/v1/object/public/product-images/RMBL014/RMBL014_1.jpg,0,true
RMBL015,https://usvjbuudnofwhmclwhfl.supabase.co/storage/v1/object/public/product-images/RMBL015/RMBL015_1.jpg,0,true
RMBL016,https://usvjbuudnofwhmclwhfl.supabase.co/storage/v1/object/public/product-images/RMBL016/RMBL016_1.jpg,0,true
RMBL021,https://usvjbuudnofwhmclwhfl.supabase.co/storage/v1/object/public/product-images/RMBL021/RMBL021_1.jpg,0,true
RMBL023,https://usvjbuudnofwhmclwhfl.supabase.co/storage/v1/object/public/product-images/RMBL023/RMBL023_1.jpg,0,true
RMBLM21,https://usvjbuudnofwhmclwhfl.supabase.co/storage/v1/object/public/product-images/RMBLM21/RMBLM21_1.jpg,0,true
RMBLM22,https://usvjbuudnofwhmclwhfl.supabase.co/storage/v1/object/public/product-images/RMBLM22/RMBLM22_1.jpg,0,true
RMBLM23,https://usvjbuudnofwhmclwhfl.supabase.co/storage/v1/object/public/product-images/RMBLM23/RMBLM23_1.jpg,0,true
RMBLP03,https://usvjbuudnofwhmclwhfl.supabase.co/storage/v1/object/public/product-images/RMBLP03/RMBLP03_1.jpg,0,true
RMBLP21,https://usvjbuudnofwhmclwhfl.supabase.co/storage/v1/object/public/product-images/RMBLP21/RMBLP21_1.jpg,0,true
RMHC001,https://usvjbuudnofwhmclwhfl.supabase.co/storage/v1/object/public/product-images/RMHC001/RMHC001_1.jpg,0,true
RMHC002,https://usvjbuudnofwhmclwhfl.supabase.co/storage/v1/object/public/product-images/RMHC002/RMHC002_1.jpg,0,true
RMHC003,https://usvjbuudnofwhmclwhfl.supabase.co/storage/v1/object/public/product-images/RMHC003/RMHC003_1.jpg,0,true
RMHC007,https://usvjbuudnofwhmclwhfl.supabase.co/storage/v1/object/public/product-images/RMHC007/RMHC007_1.jpg,0,true
RMHC008,https://usvjbuudnofwhmclwhfl.supabase.co/storage/v1/object/public/product-images/RMHC008/RMHC008_1.jpg,0,true
RMHC010,https://usvjbuudnofwhmclwhfl.supabase.co/storage/v1/object/public/product-images/RMHC010/RMHC010_1.jpg,0,true
RMHC015,https://usvjbuudnofwhmclwhfl.supabase.co/storage/v1/object/public/product-images/RMHC015/RMHC015_1.jpg,0,true
RMHC016,https://usvjbuudnofwhmclwhfl.supabase.co/storage/v1/object/public/product-images/RMHC016/RMHC016_1.jpg,0,true
RMHC017,https://usvjbuudnofwhmclwhfl.supabase.co/storage/v1/object/public/product-images/RMHC017/RMHC017_1.jpg,0,true
RMHC018,https://usvjbuudnofwhmclwhfl.supabase.co/storage/v1/object/public/product-images/RMHC018/RMHC018_1.jpg,0,true
RMHC019,https://usvjbuudnofwhmclwhfl.supabase.co/storage/v1/object/public/product-images/RMHC019/RMHC019_1.jpg,0,true
RMHC3T1,https://usvjbuudnofwhmclwhfl.supabase.co/storage/v1/object/public/product-images/RMHC3T1/RMHC3T1_1.jpg,0,true
RMHC3T3,https://usvjbuudnofwhmclwhfl.supabase.co/storage/v1/object/public/product-images/RMHC3T3/RMHC3T3_1.jpg,0,true
RMHC5T2,https://usvjbuudnofwhmclwhfl.supabase.co/storage/v1/object/public/product-images/RMHC5T2/RMHC5T2_1.jpg,0,true
RMHW001,https://usvjbuudnofwhmclwhfl.supabase.co/storage/v1/object/public/product-images/RMHW001/RMHW001_1.jpg,0,true
RMHW002,https://usvjbuudnofwhmclwhfl.supabase.co/storage/v1/object/public/product-images/RMHW002/RMHW002_1.jpg,0,true
RMHW003,https://usvjbuudnofwhmclwhfl.supabase.co/storage/v1/object/public/product-images/RMHW003/RMHW003_1.jpg,0,true
RMMT001,https://usvjbuudnofwhmclwhfl.supabase.co/storage/v1/object/public/product-images/RMMT001/RMMT001_1.jpg,0,true
RMMT004,https://usvjbuudnofwhmclwhfl.supabase.co/storage/v1/object/public/product-images/RMMT004/RMMT004_1.jpg,0,true
RMMT005,https://usvjbuudnofwhmclwhfl.supabase.co/storage/v1/object/public/product-images/RMMT005/RMMT005_1.jpg,0,true
RMMT009,https://usvjbuudnofwhmclwhfl.supabase.co/storage/v1/object/public/product-images/RMMT009/RMMT009_1.jpg,0,true
RMOP000,https://usvjbuudnofwhmclwhfl.supabase.co/storage/v1/object/public/product-images/RMOP000/RMOP000_1.jpg,0,true
RMOP000,https://usvjbuudnofwhmclwhfl.supabase.co/storage/v1/object/public/product-images/RMOP000/RMOP000_2.jpg,1,false
RMPG001,https://usvjbuudnofwhmclwhfl.supabase.co/storage/v1/object/public/product-images/RMPG001/RMPG001_1.jpg,0,true
RMPG004,https://usvjbuudnofwhmclwhfl.supabase.co/storage/v1/object/public/product-images/RMPG004/RMPG004_1.jpg,0,true
RMPG005,https://usvjbuudnofwhmclwhfl.supabase.co/storage/v1/object/public/product-images/RMPG005/RMPG005_1.jpg,0,true
RMPG006,https://usvjbuudnofwhmclwhfl.supabase.co/storage/v1/object/public/product-images/RMPG006/RMPG006_1.jpg,0,true
RMPG007,https://usvjbuudnofwhmclwhfl.supabase.co/storage/v1/object/public/product-images/RMPG007/RMPG007_1.jpg,0,true
RMPG008,https://usvjbuudnofwhmclwhfl.supabase.co/storage/v1/object/public/product-images/RMPG008/RMPG008_1.jpg,0,true
RMPG009,https://usvjbuudnofwhmclwhfl.supabase.co/storage/v1/object/public/product-images/RMPG009/RMPG009_1.jpg,0,true
RMPG010,https://usvjbuudnofwhmclwhfl.supabase.co/storage/v1/object/public/product-images/RMPG010/RMPG010_1.jpg,0,true
RMPG011,https://usvjbuudnofwhmclwhfl.supabase.co/storage/v1/object/public/product-images/RMPG011/RMPG011_1.jpg,0,true
RMPT002,https://usvjbuudnofwhmclwhfl.supabase.co/storage/v1/object/public/product-images/RMPT002/RMPT002_1.jpg,0,true
RMSC002,https://usvjbuudnofwhmclwhfl.supabase.co/storage/v1/object/public/product-images/RMSC002/RMSC002_1.jpg,0,true
RMSC003,https://usvjbuudnofwhmclwhfl.supabase.co/storage/v1/object/public/product-images/RMSC003/RMSC003_1.jpg,0,true
RMSC004,https://usvjbuudnofwhmclwhfl.supabase.co/storage/v1/object/public/product-images/RMSC004/RMSC004_1.jpg,0,true
RMSCN10,https://usvjbuudnofwhmclwhfl.supabase.co/storage/v1/object/public/product-images/RMSCN10/RMSCN10_1.jpg,0,true
RMTS002,https://usvjbuudnofwhmclwhfl.supabase.co/storage/v1/object/public/product-images/RMTS002/RMTS002_1.jpg,0,true
RMXX3T1,https://usvjbuudnofwhmclwhfl.supabase.co/storage/v1/object/public/product-images/RMXX3T1/RMXX3T1_1.jpg,1,false
RMXX3T1,https://usvjbuudnofwhmclwhfl.supabase.co/storage/v1/object/public/product-images/RMXX3T1/RMXX3T1_2.jpg,0,true
RMXX4T1,https://usvjbuudnofwhmclwhfl.supabase.co/storage/v1/object/public/product-images/RMXX4T1/RMXX4T1_1.jpg,0,true
RPBC001,https://usvjbuudnofwhmclwhfl.supabase.co/storage/v1/object/public/product-images/RPBC001/RPBC001_1.jpg,0,true
RPBC002,https://usvjbuudnofwhmclwhfl.supabase.co/storage/v1/object/public/product-images/RPBC002/RPBC002_1.jpg,0,true
RPBC003,https://usvjbuudnofwhmclwhfl.supabase.co/storage/v1/object/public/product-images/RPBC003/RPBC003_1.jpg,0,true
RPBC004,https://usvjbuudnofwhmclwhfl.supabase.co/storage/v1/object/public/product-images/RPBC004/RPBC004_1.jpg,0,true
RPBC006,https://usvjbuudnofwhmclwhfl.supabase.co/storage/v1/object/public/product-images/RPBC006/RPBC006_1.jpg,0,true
RPBC008,https://usvjbuudnofwhmclwhfl.supabase.co/storage/v1/object/public/product-images/RPBC008/RPBC008_1.jpg,0,true
RPBC015,https://usvjbuudnofwhmclwhfl.supabase.co/storage/v1/object/public/product-images/RPBC015/RPBC015_1.jpg,0,true
RPBC016,https://usvjbuudnofwhmclwhfl.supabase.co/storage/v1/object/public/product-images/RPBC016/RPBC016_1.jpg,0,true
RPBC023,https://usvjbuudnofwhmclwhfl.supabase.co/storage/v1/object/public/product-images/RPBC023/RPBC023_1.jpg,0,true
RRBC001,https://usvjbuudnofwhmclwhfl.supabase.co/storage/v1/object/public/product-images/RRBC001/RRBC001_1.jpg,0,true
RRBC003,https://usvjbuudnofwhmclwhfl.supabase.co/storage/v1/object/public/product-images/RRBC003/RRBC003_1.jpg,0,true
RRBC004,https://usvjbuudnofwhmclwhfl.supabase.co/storage/v1/object/public/product-images/RRBC004/RRBC004_1.jpg,0,true
RRBC005,https://usvjbuudnofwhmclwhfl.supabase.co/storage/v1/object/public/product-images/RRBC005/RRBC005_1.jpg,0,true
RRBC006,https://usvjbuudnofwhmclwhfl.supabase.co/storage/v1/object/public/product-images/RRBC006/RRBC006_1.jpg,0,true
RRBC007,https://usvjbuudnofwhmclwhfl.supabase.co/storage/v1/object/public/product-images/RRBC007/RRBC007_1.jpg,0,true
RRBL001,https://usvjbuudnofwhmclwhfl.supabase.co/storage/v1/object/public/product-images/RRBL001/RRBL001_1.jpg,0,true
RRBL002,https://usvjbuudnofwhmclwhfl.supabase.co/storage/v1/object/public/product-images/RRBL002/RRBL002_1.jpg,0,true
RRBM001,https://usvjbuudnofwhmclwhfl.supabase.co/storage/v1/object/public/product-images/RRBM001/RRBM001_1.jpg,0,true
RRBM002,https://usvjbuudnofwhmclwhfl.supabase.co/storage/v1/object/public/product-images/RRBM002/RRBM002_1.jpg,0,true
RRBM003,https://usvjbuudnofwhmclwhfl.supabase.co/storage/v1/object/public/product-images/RRBM003/RRBM003_1.jpg,0,true
RRBM004,https://usvjbuudnofwhmclwhfl.supabase.co/storage/v1/object/public/product-images/RRBM004/RRBM004_1.jpg,0,true
RRBM005,https://usvjbuudnofwhmclwhfl.supabase.co/storage/v1/object/public/product-images/RRBM005/RRBM005_1.jpg,0,true
RRBM006,https://usvjbuudnofwhmclwhfl.supabase.co/storage/v1/object/public/product-images/RRBM006/RRBM006_1.jpg,0,true
RRBM007,https://usvjbuudnofwhmclwhfl.supabase.co/storage/v1/object/public/product-images/RRBM007/RRBM007_1.jpg,0,true
RRBM008,https://usvjbuudnofwhmclwhfl.supabase.co/storage/v1/object/public/product-images/RRBM008/RRBM008_1.jpg,0,true
RRBM009,https://usvjbuudnofwhmclwhfl.supabase.co/storage/v1/object/public/product-images/RRBM009/RRBM009_1.jpg,0,true
RRBM010,https://usvjbuudnofwhmclwhfl.supabase.co/storage/v1/object/public/product-images/RRBM010/RRBM010_1.jpg,0,true
RRBM011,https://usvjbuudnofwhmclwhfl.supabase.co/storage/v1/object/public/product-images/RRBM011/RRBM011_1.jpg,0,true
RRBM012,https://usvjbuudnofwhmclwhfl.supabase.co/storage/v1/object/public/product-images/RRBM012/RRBM012_1.jpg,0,true
RRBM013,https://usvjbuudnofwhmclwhfl.supabase.co/storage/v1/object/public/product-images/RRBM013/RRBM013_1.jpg,0,true
RRHC001,https://usvjbuudnofwhmclwhfl.supabase.co/storage/v1/object/public/product-images/RRHC001/RRHC001_1.jpg,0,true
RRHC002,https://usvjbuudnofwhmclwhfl.supabase.co/storage/v1/object/public/product-images/RRHC002/RRHC002_1.jpg,0,true
RRHC003,https://usvjbuudnofwhmclwhfl.supabase.co/storage/v1/object/public/product-images/RRHC003/RRHC003_1.jpg,0,true
RRHW001,https://usvjbuudnofwhmclwhfl.supabase.co/storage/v1/object/public/product-images/RRHW001/RRHW001_1.jpg,0,true
RRHW002,https://usvjbuudnofwhmclwhfl.supabase.co/storage/v1/object/public/product-images/RRHW002/RRHW002_1.jpg,0,true
RRHW003,https://usvjbuudnofwhmclwhfl.supabase.co/storage/v1/object/public/product-images/RRHW003/RRHW003_1.jpg,0,true
RRHWR01,https://usvjbuudnofwhmclwhfl.supabase.co/storage/v1/object/public/product-images/RRHWR01/RRHWR01_1.jpg,0,true
RRHWR02,https://usvjbuudnofwhmclwhfl.supabase.co/storage/v1/object/public/product-images/RRHWR02/RRHWR02_1.jpg,0,true
RRHWR03,https://usvjbuudnofwhmclwhfl.supabase.co/storage/v1/object/public/product-images/RRHWR03/RRHWR03_1.jpg,0,true
RRPM001,https://usvjbuudnofwhmclwhfl.supabase.co/storage/v1/object/public/product-images/RRPM001/RRPM001_1.jpg,0,true
RRPM002,https://usvjbuudnofwhmclwhfl.supabase.co/storage/v1/object/public/product-images/RRPM002/RRPM002_1.jpg,0,true
RRPM003,https://usvjbuudnofwhmclwhfl.supabase.co/storage/v1/object/public/product-images/RRPM003/RRPM003_1.jpg,0,true
TOAP001,https://usvjbuudnofwhmclwhfl.supabase.co/storage/v1/object/public/product-images/TOAP001/TOAP001_1.png,0,true
TOAP002,https://usvjbuudnofwhmclwhfl.supabase.co/storage/v1/object/public/product-images/TOAP002/TOAP002_1.png,0,true
TOAP003,https://usvjbuudnofwhmclwhfl.supabase.co/storage/v1/object/public/product-images/TOAP003/TOAP003_1.png,0,true
VMBA001,https://usvjbuudnofwhmclwhfl.supabase.co/storage/v1/object/public/product-images/VMBA001/VMBA001_1.jpg,1,false
VMBA001,https://usvjbuudnofwhmclwhfl.supabase.co/storage/v1/object/public/product-images/VMBA001/VMBA001_2.jpg,0,true
VMCP001,https://usvjbuudnofwhmclwhfl.supabase.co/storage/v1/object/public/product-images/VMCP001/VMCP001_1.jpg,0,true
VMHS001,https://usvjbuudnofwhmclwhfl.supabase.co/storage/v1/object/public/product-images/VMHS001/VMHS001_1.jpg,0,true
VMHS002,https://usvjbuudnofwhmclwhfl.supabase.co/storage/v1/object/public/product-images/VMHS002/VMHS002_1.jpg,0,true
VMHS003,https://usvjbuudnofwhmclwhfl.supabase.co/storage/v1/object/public/product-images/VMHS003/VMHS003_1.jpg,0,true
VMHS004,https://usvjbuudnofwhmclwhfl.supabase.co/storage/v1/object/public/product-images/VMHS004/VMHS004_1.jpg,0,true
VMHS005,https://usvjbuudnofwhmclwhfl.supabase.co/storage/v1/object/public/product-images/VMHS005/VMHS005_1.jpg,0,true
VMOL001,https://usvjbuudnofwhmclwhfl.supabase.co/storage/v1/object/public/product-images/VMOL001/VMOL001_1.jpg,0,true
VMPF008,https://usvjbuudnofwhmclwhfl.supabase.co/storage/v1/object/public/product-images/VMPF008/VMPF008_1.jpg,0,true
VMPF009,https://usvjbuudnofwhmclwhfl.supabase.co/storage/v1/object/public/product-images/VMPF009/VMPF009_1.jpg,0,true
VMRS004,https://usvjbuudnofwhmclwhfl.supabase.co/storage/v1/object/public/product-images/VMRS004/VMRS004_1.jpg,0,true
VMRS005,https://usvjbuudnofwhmclwhfl.supabase.co/storage/v1/object/public/product-images/VMRS005/VMRS005_1.jpg,0,true
VMRS007,https://usvjbuudnofwhmclwhfl.supabase.co/storage/v1/object/public/product-images/VMRS007/VMRS007_1.jpg,0,true
VMRS008,https://usvjbuudnofwhmclwhfl.supabase.co/storage/v1/object/public/product-images/VMRS008/VMRS008_1.jpg,0,true
VMRS009,https://usvjbuudnofwhmclwhfl.supabase.co/storage/v1/object/public/product-images/VMRS009/VMRS009_1.jpg,0,true
VMRS010,https://usvjbuudnofwhmclwhfl.supabase.co/storage/v1/object/public/product-images/VMRS010/VMRS010_1.jpg,0,true
VMRS011,https://usvjbuudnofwhmclwhfl.supabase.co/storage/v1/object/public/product-images/VMRS011/VMRS011_1.jpg,0,true
VMRSM04,https://usvjbuudnofwhmclwhfl.supabase.co/storage/v1/object/public/product-images/VMRSM04/VMRSM04_1.jpg,0,true
VMRSM05,https://usvjbuudnofwhmclwhfl.supabase.co/storage/v1/object/public/product-images/VMRSM05/VMRSM05_1.jpg,0,true
VMRSM07,https://usvjbuudnofwhmclwhfl.supabase.co/storage/v1/object/public/product-images/VMRSM07/VMRSM07_1.jpg,0,true
VMRSM08,https://usvjbuudnofwhmclwhfl.supabase.co/storage/v1/object/public/product-images/VMRSM08/VMRSM08_1.jpg,0,true
VMRSM09,https://usvjbuudnofwhmclwhfl.supabase.co/storage/v1/object/public/product-images/VMRSM09/VMRSM09_1.jpg,0,true
VMRSP04,https://usvjbuudnofwhmclwhfl.supabase.co/storage/v1/object/public/product-images/VMRSP04/VMRSP04_1.jpg,0,true
VMRSP05,https://usvjbuudnofwhmclwhfl.supabase.co/storage/v1/object/public/product-images/VMRSP05/VMRSP05_1.jpg,0,true
VMRSP07,https://usvjbuudnofwhmclwhfl.supabase.co/storage/v1/object/public/product-images/VMRSP07/VMRSP07_1.jpg,0,true
VMRSP08,https://usvjbuudnofwhmclwhfl.supabase.co/storage/v1/object/public/product-images/VMRSP08/VMRSP08_1.jpg,0,true
VMRSP09,https://usvjbuudnofwhmclwhfl.supabase.co/storage/v1/object/public/product-images/VMRSP09/VMRSP09_1.jpg,0,true
VMSF001,https://usvjbuudnofwhmclwhfl.supabase.co/storage/v1/object/public/product-images/VMSF001/VMSF001_1.jpg,0,true
VMSF3T1,https://usvjbuudnofwhmclwhfl.supabase.co/storage/v1/object/public/product-images/VMSF3T1/VMSF3T1_1.jpg,0,true
VMSP004,https://usvjbuudnofwhmclwhfl.supabase.co/storage/v1/object/public/product-images/VMSP004/VMSP004_1.jpg,0,true
VMSP005,https://usvjbuudnofwhmclwhfl.supabase.co/storage/v1/object/public/product-images/VMSP005/VMSP005_1.jpg,0,true
VMSP006,https://usvjbuudnofwhmclwhfl.supabase.co/storage/v1/object/public/product-images/VMSP006/VMSP006_1.jpg,0,true
VMSP007,https://usvjbuudnofwhmclwhfl.supabase.co/storage/v1/object/public/product-images/VMSP007/VMSP007_1.jpg,0,true
VMSP008,https://usvjbuudnofwhmclwhfl.supabase.co/storage/v1/object/public/product-images/VMSP008/VMSP008_1.jpg,0,true
VMSP009,https://usvjbuudnofwhmclwhfl.supabase.co/storage/v1/object/public/product-images/VMSP009/VMSP009_1.jpg,0,true
VMSP010,https://usvjbuudnofwhmclwhfl.supabase.co/storage/v1/object/public/product-images/VMSP010/VMSP010_1.jpg,0,true
VMSP011,https://usvjbuudnofwhmclwhfl.supabase.co/storage/v1/object/public/product-images/VMSP011/VMSP011_1.jpg,0,true
VMSP012,https://usvjbuudnofwhmclwhfl.supabase.co/storage/v1/object/public/product-images/VMSP012/VMSP012_1.jpg,0,true
VMSP012,https://usvjbuudnofwhmclwhfl.supabase.co/storage/v1/object/public/product-images/VMSP012/VMSP012_2.jpg,1,false
VMSP013,https://usvjbuudnofwhmclwhfl.supabase.co/storage/v1/object/public/product-images/VMSP013/VMSP013_1.jpg,0,true
VMSPC04,https://usvjbuudnofwhmclwhfl.supabase.co/storage/v1/object/public/product-images/VMSPC04/VMSPC04_1.jpg,0,true
VMSPC05,https://usvjbuudnofwhmclwhfl.supabase.co/storage/v1/object/public/product-images/VMSPC05/VMSPC05_1.jpg,0,true
VMSPM04,https://usvjbuudnofwhmclwhfl.supabase.co/storage/v1/object/public/product-images/VMSPM04/VMSPM04_1.jpg,0,true
VMSPM05,https://usvjbuudnofwhmclwhfl.supabase.co/storage/v1/object/public/product-images/VMSPM05/VMSPM05_1.jpg,0,true
VMSPM07,https://usvjbuudnofwhmclwhfl.supabase.co/storage/v1/object/public/product-images/VMSPM07/VMSPM07_1.jpg,0,true
VMSPM08,https://usvjbuudnofwhmclwhfl.supabase.co/storage/v1/object/public/product-images/VMSPM08/VMSPM08_1.jpg,0,true
VMSPM09,https://usvjbuudnofwhmclwhfl.supabase.co/storage/v1/object/public/product-images/VMSPM09/VMSPM09_1.jpg,0,true
VMSPMR4,https://usvjbuudnofwhmclwhfl.supabase.co/storage/v1/object/public/product-images/VMSPMR4/VMSPMR4_1.jpg,0,true
VMSPMR5,https://usvjbuudnofwhmclwhfl.supabase.co/storage/v1/object/public/product-images/VMSPMR5/VMSPMR5_1.jpg,0,true
VMSPP04,https://usvjbuudnofwhmclwhfl.supabase.co/storage/v1/object/public/product-images/VMSPP04/VMSPP04_1.jpg,0,true
VMSPP05,https://usvjbuudnofwhmclwhfl.supabase.co/storage/v1/object/public/product-images/VMSPP05/VMSPP05_1.jpg,0,true
VMSPP06,https://usvjbuudnofwhmclwhfl.supabase.co/storage/v1/object/public/product-images/VMSPP06/VMSPP06_1.jpg,0,true
VMSPP07,https://usvjbuudnofwhmclwhfl.supabase.co/storage/v1/object/public/product-images/VMSPP07/VMSPP07_1.jpg,0,true
VMSPP08,https://usvjbuudnofwhmclwhfl.supabase.co/storage/v1/object/public/product-images/VMSPP08/VMSPP08_1.jpg,0,true
VMSPP09,https://usvjbuudnofwhmclwhfl.supabase.co/storage/v1/object/public/product-images/VMSPP09/VMSPP09_1.jpg,0,true
VMSS001,https://usvjbuudnofwhmclwhfl.supabase.co/storage/v1/object/public/product-images/VMSS001/VMSS001_1.jpg,1,false
VMSS001,https://usvjbuudnofwhmclwhfl.supabase.co/storage/v1/object/public/product-images/VMSS001/VMSS001_2.jpg,0,true
VMST001,https://usvjbuudnofwhmclwhfl.supabase.co/storage/v1/object/public/product-images/VMST001/VMST001_1.jpg,0,true
VVCR001,https://usvjbuudnofwhmclwhfl.supabase.co/storage/v1/object/public/product-images/VVCR001/VVCR001_1.jpg,0,true
VVCR002,https://usvjbuudnofwhmclwhfl.supabase.co/storage/v1/object/public/product-images/VVCR002/VVCR002_1.jpg,0,true
VVCR003,https://usvjbuudnofwhmclwhfl.supabase.co/storage/v1/object/public/product-images/VVCR003/VVCR003_1.jpg,0,true
VVHC001,https://usvjbuudnofwhmclwhfl.supabase.co/storage/v1/object/public/product-images/VVHC001/VVHC001_1.jpg,0,true
VVHC002,https://usvjbuudnofwhmclwhfl.supabase.co/storage/v1/object/public/product-images/VVHC002/VVHC002_1.jpg,0,true
VVHC003,https://usvjbuudnofwhmclwhfl.supabase.co/storage/v1/object/public/product-images/VVHC003/VVHC003_1.jpg,0,true
WMAP001,https://usvjbuudnofwhmclwhfl.supabase.co/storage/v1/object/public/product-images/WMAP001/WMAP001_1.png,0,true
WMAP003,https://usvjbuudnofwhmclwhfl.supabase.co/storage/v1/object/public/product-images/WMAP003/WMAP003_1.png,0,true
WMBL001,https://usvjbuudnofwhmclwhfl.supabase.co/storage/v1/object/public/product-images/WMBL001/WMBL001_1.png,0,true
WMCR001,https://usvjbuudnofwhmclwhfl.supabase.co/storage/v1/object/public/product-images/WMCR001/WMCR001_1.png,0,true
WMCR002,https://usvjbuudnofwhmclwhfl.supabase.co/storage/v1/object/public/product-images/WMCR002/WMCR002_1.png,0,true
WMCR004,https://usvjbuudnofwhmclwhfl.supabase.co/storage/v1/object/public/product-images/WMCR004/WMCR004_1.png,0,true
WMCRM01,https://usvjbuudnofwhmclwhfl.supabase.co/storage/v1/object/public/product-images/WMCRM01/WMCRM01_1.png,0,true
WMFC000,https://usvjbuudnofwhmclwhfl.supabase.co/storage/v1/object/public/product-images/WMFC000/WMFC000_1.png,0,true
WMFO001,https://usvjbuudnofwhmclwhfl.supabase.co/storage/v1/object/public/product-images/WMFO001/WMFO001_1.png,0,true
WMHM001,https://usvjbuudnofwhmclwhfl.supabase.co/storage/v1/object/public/product-images/WMHM001/WMHM001_1.png,0,true
WMHM002,https://usvjbuudnofwhmclwhfl.supabase.co/storage/v1/object/public/product-images/WMHM002/WMHM002_1.png,0,true
WMMT001,https://usvjbuudnofwhmclwhfl.supabase.co/storage/v1/object/public/product-images/WMMT001/WMMT001_1.png,0,true
WMPK001,https://usvjbuudnofwhmclwhfl.supabase.co/storage/v1/object/public/product-images/WMPK001/WMPK001_1.png,0,true
WMPK001,https://usvjbuudnofwhmclwhfl.supabase.co/storage/v1/object/public/product-images/WMPK001/WMPK001_2.png,1,false
WMTN001,https://usvjbuudnofwhmclwhfl.supabase.co/storage/v1/object/public/product-images/WMTN001/WMTN001_1.png,0,true
WMTN001,https://usvjbuudnofwhmclwhfl.supabase.co/storage/v1/object/public/product-images/WMTN001/WMTN001_3.png,2,false
WMTN002,https://usvjbuudnofwhmclwhfl.supabase.co/storage/v1/object/public/product-images/WMTN002/WMTN002_1.png,0,true
WMTN002,https://usvjbuudnofwhmclwhfl.supabase.co/storage/v1/object/public/product-images/WMTN002/WMTN002_2.png,1,false
