product_code,name_ko,name_en,name_ru,barcode,brand,volume,pcs_per_carton,width_cm,height_cm,depth_cm,cbm,weight_kg,hscode,status
AOBC000,"샤샤 아르간 오일 바디워시 1500ml","CHAR CHAR Argan Oil Body Wash 1500ml","[Char Char] Гель для душа АРГАНОВОЕ МАСЛО Argan Oil Body Wash, 1500 мл",8802929999814,"CHAR CHAR",,12,12.00,19.00,20.00,0.038130,,3401.30-0000,active
AOBC004,"샤샤 알로에 베라 바디 워시 1500ml","Char Char Aloe vera Body Wash 1500ml","[Char Char] Универсальный гель с Алоэ вера для интенсивного восстановления кожи Aloe Vera Body Wash, 1500 мл",8802929008981,"CHAR CHAR",,12,12.00,19.00,20.00,0.038130,,3401.30-0000,active
AOBL000,"샤샤 아르간 오일 바디로션 1500ml","CHAR CAHR Argan Oil Body Lotion 1500ml","[Char Char] Лосьон для тела АРГАНОВОЕ МАСЛО Argan Oil Body Lotion, 1500 мл",8802929999821,"CHAR CHAR",,12,12.00,19.00,20.00,0.038130,,3304.99-1000,active
AOBL004,"샤샤 알로에 베라 바디 로션 1500ml","Char Char Aloe vera Body Lotion 1500ml","[Char Char] Увлажняющий лосьон для тела с алоэ вера Aloe Vera Body Lotion, 1500 мл",8802929008998,"CHAR CHAR",,12,12.00,19.00,20.00,0.038130,,3304.99-1000,active
AOFC001,"샤샤 녹두 시카 클렌징 폼 220ml","CHAR CHAR Mung Bean Cica Cleansing Foam 220ml","[Char Char] Успокаивающая пенка для умывания с мунг бобами и центеллой азиатской Mung Bean Cica Cleansing Foam, 220 мл",8802929010397,"CHAR CHAR",,60,60.00,14.80,15.80,0.045330,,3401.30-0000,active
AOFC002,"샤샤 라이스 크림 클렌징 폼 220ml","CHARCHAR Rice Cream Cleansing Foam 220ml","[Char Char] Кремовая пенка для питания кожи Rice Cream Cleansing Foam , 220 мл",8802929010755,"CHAR CHAR",,60,60.00,14.80,15.80,0.045330,,3401.30-0000,active
AOHA001,"샤샤 아르간 오일 프로테인 헤어 앰플 150g","CHAR CHAR Argan Oil Protein Hair Ampoule 150g","[Char Char] Сыворотка для волос ВОССТАНОВЛЕНИЕ/АРГАНОВОЕ МАСЛО Argan Oil Protein Hair Ampoule, 150 мл",8802929005294,"CHAR CHAR",,40,,,,,,,active
AOHA5T1,"샤샤 아르간 오일 프로테인 헤어 앰플 15g * 5ea","CHAR CHAR Argan Oil Protein Hair Ampoule 15g * 5ea","[Char Char] НАБОР Сыворотка для волос ВОССТАНОВЛЕНИЕ/АРГАНОВОЕ МАСЛО Argan Oil Protein Hair Ampoule, 5 шт * 15 мл",8802929006475,"CHAR CHAR",,40,,,,,,,active
AOHAM01,"샤샤 아르간 오일 프로테인 헤어 앰플 15g","CHAR CHAR Argan Oil Protein Hair Ampoule 15g","[Char Char] Сыворотка для волос ВОССТАНОВЛЕНИЕ/АРГАНОВОЕ МАСЛО Argan Oil Protein Hair Ampoule, 15 мл",8802929005300,"CHAR CHAR",,480,,,,,,,active
AOHE001,"샤샤 아르간 오일 웨이브 볼륨 에센스 250ml","CHAR CAHR Argan Oil Wave Volume Essence 250ml","[Char Char] Эссенция для волос АРГАНОВОЕ МАСЛО Argan Oil Wave Volume Essense, 250 мл",8802929002781,"CHAR CHAR",,60,60.00,17.76,18.76,0.037300,,3305.90-9000,active
AOHSR00,"샤샤 아르간 오일 헤어세럼 200ml","char char argan oil hair serum 200ml","[Char Char] Сыворотка для волос АРГАНОВОЕ МАСЛО Argan Oil Hair Serum, 200 мл",8802929996905,"CHAR CHAR",,72,72.00,15.60,16.60,0.033660,,3305.90-9000,active
AORS000,"샤샤 아르간 헤어 컨디셔너 1500ml","char char hair conditioner","[Char Char] Кондиционер для волос АРГАНОВОЕ МАСЛО Argan Oil Conditioner, 1500 мл",8802929996813,"CHAR CHAR",,12,12.00,19.00,20.00,0.038130,,3305.90-1000,active
AORS004,"샤샤 알로에 베라 & 프로폴리스 컨디셔너 1500ml","Char Char Aloe vera & Propolis Conditioner1500ml","[Char Char] Восстанавливающий кондиционер с алоэ вера и прополисом Aloe Vera & Propolis Conditioner, 1500 мл",8802929009544,"CHAR CHAR",,12,12.00,19.00,20.00,0.038130,,3305.90-1000,active
AORSM00,"샤샤 아르간 헤어 컨디셔너 500ml","char char hair conditioner 500ml","[Char Char] Кондиционер для волос АРГАНОВОЕ МАСЛО Argan Oil Conditioner, 500 мл",8802929005522,"CHAR CHAR",,29,29.00,16.00,17.00,0.034480,,3305.90-1000,active
AORST00,"샤샤 아르간 헤어 컨디셔너 100ml","char char hair conditioner 100ml","[Char Char] Кондиционер для волос АРГАНОВОЕ МАСЛО Argan Oil Conditioner, 100 мл",8802929005546,"CHAR CHAR",,80,80.00,9.50,10.50,0.035900,,3305.90-1000,active
AOSG000,"샤샤 알로에 베라 수딩겔 1500ml","Char Char Aloe vera Soothing Gel 1500ml","[Char Char] Успокаивающий гель с алоэ вера Aloe Vera Soothing Gel, 1500 мл",8802929009018,"CHAR CHAR",,12,12.00,19.00,20.00,0.038130,,3304.99-1000,active
AOSP000,"샤샤 아르간 헤어 샴푸 1500ml","char char hair shampoo","[Char Char] Шампунь для волос АРГАНОВОЕ МАСЛО Argan Oil Shampoo, 1500 мл",8802929996806,"CHAR CHAR",,12,12.00,19.60,20.60,0.038130,,3305.10-0000,active
AOSP002,"샤샤 아르간 오일 진저 쿨링 케어 샴푸 1000ml","CHAR CHAR ARGAN OIL GINGER COOLING CARE SHAMPOO 1000ml","[Char Char] Шампунь для волос УКРЕПЛЕНИЕ / ОХЛАЖДЕНИЕ Argan Oil Ginger Cooling Care Shampoo, 1000 мл",8802929007700,"CHAR CHAR",,14,14.00,15.30,16.30,0.036000,,3305.10-0000,active
AOSP003,"샤샤 아르간 오일 어성초 캡슐 스크럽 샴푸 1000ml","CHARCHAR Argan Oil Heartleaf Capsule Scrub Shampoo 1000ml","[Char Char] Капсульный шампунь-скраб с аргановым маслом для глубокого очищения кожи головы Argan Oil Heartleaf Capsule Scrub Shampoo, 1000 мл",8802929010359,"CHAR CHAR",,14,14.00,15.30,16.30,0.036000,,3305.10-0000,active
AOSP004,"샤샤 알로에 베라 & 프로폴리스 샴푸 1500ml","Char Char Aloe vera & Propolis Shampoo 1500ml","[Char Char] Успокаивающий шампунь с алоэ вера и прополисом Aloe Vera & Propolis Shampoo, 1500 мл",8802929009506,"CHAR CHAR",,12,12.00,19.40,20.40,0.038130,,3305.10-0000,active
AOSPM00,"샤샤 아르간 헤어 샴푸 500ml","char char hair shampoo 500ml","[Char Char] Шампунь для волос АРГАНОВОЕ МАСЛО Argan Oil Shampoo, 500 мл",8802929005515,"CHAR CHAR",,29,29.00,16.10,17.10,0.034480,,3305.10-0000,active
AOSPN01,"샤샤 아르간 오일 어성초 안티 헤어로스 샴푸","CHAR CHAR Argan Oil Heartleaf Anti-Hair Loss Shampoo","[Char Char] Шампунь для волос ПРОТИВ ВЫПАДЕНИЯ Argan Oil Heartleaf Anti-Hair Loss Shampoo, 1500 мл",8802929008837,"CHAR CHAR",,12,12.00,19.00,20.00,0.038130,,3305.10-0000,active
AOSPT00,"샤샤 아르간 헤어 샴푸 100ml","char char hair shampoo 100ml","[Char Char] Шампунь для волос АРГАНОВОЕ МАСЛО Argan Oil Shampoo, 100 мл",8802929005539,"CHAR CHAR",,80,80.00,9.50,10.50,0.035900,,3305.10-0000,active
AOWS000,"샤샤 아르간 오일 슈퍼하드 워터 스프레이 250ml","CHAR CHAR Argan Oil Super Hard Water Spray 250ml","[Char Char] Спрей для укладки волос АРГАНОВОЕ МАСЛО Argan Oil Super Hard Water Spray, 250 мл",8802929883755,"CHAR CHAR",,60,60.00,17.00,18.00,0.037290,,3305.90-9000,active
BDFC001,"보르도 민트 쿨링 풋 케어 크림 75g","Foot Care Cream 75g","[Bordo] Крем для ног ОХЛАЖДАЮЩИЙ Foot Care Cream, 75 гр",8802929002477,BORDO,,84,84.00,8.06,9.06,0.036100,,3304.99-1000,active
BDFM001,"보르도 드래곤 풋 필링 마스크 20g","Dragon Foot Mask 20g","[Bordo] Пилинг-носочки Dragon Foot Peeling Mask, 20 гр",8802929002460,BORDO,,200,200.00,12.30,13.30,0.061780,,3304.99-1000,active
BDFS001,"보르도 민트 쿨링 풋 스프레이 150ml","Mint Cooling Foot Spray 150ml","[Bordo] Спрей для ног ОХЛАЖДАЮЩИЙ Mint Cooling Foot Spray, 150 мл",8802929882123,BORDO,,70,70.00,12.00,13.00,0.033660,,3304.99-9000,active
BDFS002,"보르도 드래곤 풋 필링 스프레이 150ml","Dragon Foot Peeling Spray 150ml","[Bordo] Пилинг-спрей для ног Dragon Foot Peeling Spray, 150 мл",8802929006321,BORDO,,70,70.00,13.16,14.16,0.033660,,3304.99-9000,active
BDFS003,"보르도 드래곤 풋 샴푸","Bordo Dragon Foot Shampoo",,8802929007373,BORDO,,40,,,,,,,active
BDFS004,"보르도 드래곤 풋스틱 18g","BORDO Dragon Foot Stick 18g","[Bordo] Увлажняющий стик для ног и сухих участков на теле Dragon Foot Stick, 18 гр",8802929008677,BORDO,,240,240.00,12.20,13.20,0.037540,,3304.99-9000,active
BDMK001,"보르도 드래곤 힐 마스크","Bordo Dragon heel mask",,8802929007304,BORDO,,600,,,,,,,active
BTBC004,"바스파 바스 솔트 스크럽 바디 워시 소프트 로지 1000ml","Bathpa Bath Salt Scrub Body Wash Soft Rosy 1000ml",,8802929008004,BATHPA,,14,14.00,14.40,15.40,0.032200,,3401.30-0000,active
BTBC005,"바스파 바스 솔트 스크럽 바디 워시 컴포트 라벤더 1000ml","Bathpa Bath Salt Scrub Body Wash Comfort Lavender 1000ml",,8802929008011,BATHPA,,14,14.00,14.40,15.40,0.032200,,3401.30-0000,active
BTBC006,"바스파 바스 솔트 스크럽 바디 워시 솔티 씨 1000ml","Bathpa Bath Salt Scrub Body Wash Salty Sea 1000ml",,8802929008226,BATHPA,,14,14.00,14.40,15.40,0.032200,,3401.30-0000,active
BTBC007,"바스파 바스 솔트 스크럽 바디 워시 코지 허그 1000ml","Bathpa Bath Salt Scrub Body Wash Cozy Hug 1000ml",,8802929009612,BATHPA,,14,14.00,14.40,15.40,0.032200,,3401.30-0000,active
BTBC008,"바스파 바스 솔트 스크럽 바디 워시 퓨어리프 1000ml","Bathpa Bath Salt Scrub Body Wash Pure Leaf 1000ml",,8802929010120,BATHPA,,14,,,,,,,active
BTBC009,"바스파 바스 솔트 스크럽 바디 워시 차콜 1000ml","Bathpa Bath Salt Scrub Body Wash Charcoal 1000ml",,8802929010717,BATHPA,,14,,,,,,,active
BTBC010,"바스파 바스 솔트 스크럽 바디 워시 클리어팝 1000ml","Bathpa Bath Salt Scrub Body Wash Clear Pop 1000ml",,8802929010724,BATHPA,,14,,,,,,,active
BTBCM04,"바스파 바스 솔트 스크럽 바디 워시 소프트 로지 30ml","Bathpa Bath Salt Scrub Body Wash Soft Rosy 30ml",,8802929010663,BATHPA,,350,,,,,,,active
BTBCM05,"바스파 바스 솔트 스크럽 바디 워시 컴포트 라벤터 30ml","Bathpa Bath Salt Scrub Body Wash Comfort Lavender 30ml",,8802929010687,BATHPA,,350,,,,,,,active
BTBCM09,"바스파 바스 솔트 스크럽 바디 워시 차콜 30ml","Bathpa Bath Salt Scrub Body Wash Charcoal 30ml",,8802929010700,BATHPA,,350,,,,,,,active
BTBS001,"바스파 오스트레일리안 바스솔트 소프트 로지 1.2kg","Barthpa Australian Bath Salt - Soft Rosy",,8802929003498,BATHPA,,18,18.00,23.00,24.00,0.039060,,3307.30-2000,active
BTBS002,"바스파 오스트레일리안 바스솔트 프레쉬 유자 1.2kg","Barthpa Australian Bath Salt - Fresh Yuja",,8802929003504,BATHPA,,18,18.00,23.00,24.00,0.039060,,3307.30-2000,active
BTBS003,"바스파 오스트레일리안 바스솔트 씨솔트향 1.2kg","Barthpa Australian Bath Salt - Salty Sea",,8802929003528,BATHPA,,18,18.00,23.00,24.00,0.039060,,3307.30-2000,active
BTBS004,"바스파 오스트레일리안 바스솔트 컴포트 라벤더 1.2kg","Barthpa Australian Bath Salt - Comfort Lavender",,8802929003511,BATHPA,,18,18.00,23.00,24.00,0.039060,,3307.30-2000,active
BTBS005,"바스파 오스트레일리안 바스솔트 그린버드향 1.2kg","Barthpa Australian Bath Salt - Green Buds",,8802929003535,BATHPA,,18,18.00,23.00,24.00,0.039060,,3307.30-2000,active
BTDM001,"바스파 아로마 라운지 무드 퍼퓸 300ml","Barthpa Aroma Lounge Mood Perfume",,8802929006277,BATHPA,,30,45.00,15.30,16.30,0.036410,,,active
BTSB001,"바스파 오스트레일리안 솔트 버블  소프트 로지 500g","Bathpa Australian Salt Bubble Soft Rosy 500g","[Bathpa] Соль для ванны ПЕНЯЩАЯСЯ/РОЗА Bathpa Australian Salt Bubble - Soft Rosy, 500 гр",8802929007908,BATHPA,,20,20.00,11.73,12.73,0.039130,,3307.30-2000,active
BTSB002,"바스파 오스트레일리안 솔트 버블  프레쉬유자  500g","Bathpa Australian Salt Bubble Fresh Yuja 500g","[Bathpa] Соль для ванны ПЕНЯЩАЯСЯ/ПРОПОЛИС Bathpa Australian Salt Bubble - Fresh Yuja, 500 гр",8802929007915,BATHPA,,20,20.00,11.73,12.73,0.039130,,3307.30-2000,active
BTSB003,"바스파 오스트레일리안 솔트 버블  피치 캄 500g","Bathpa Australian Salt Bubble Peach Calm 500g","[BATHPA] Соль для ванны ПЕНЯЩАЯСЯ/ПЕРСИК Bathpa Australian Salt Bubble - Peach Calm, 500 гр",8802929007939,BATHPA,,20,20.00,11.73,12.73,0.039130,,3307.30-2000,active
BTSB004,"바스파 오스트레일리안 솔트 버블  컴포트 라벤더 500g","Bathpa Australian Salt Bubble Comfort Lavender 500g",,8802929007922,BATHPA,,20,20.00,11.73,12.73,0.039130,,3307.30-2000,active
BTSB005,"바스파 오스트레일리안 솔트 버블 밀크 바나나 500g","Bathpa Australian Salt Bubble Milk Banana 500g","[Bathpa] Соль для ванны ПЕНЯЩАЯСЯ/БАНАН Bathpa Australian Salt Bubble - Milk Banana, 500 гр",8802929007946,BATHPA,,20,20.00,11.73,12.73,0.039130,,3307.30-2000,active
BTSS001,"바스파 오스트레일리안 솔트 바디 스크럽 컴포트 라벤더 250ml","BATHPA Australian Salt Body Scrub Comfort Lavender 250ml",,8802929008530,BATHPA,,60,60.00,7.00,8.00,0.033660,,3304.99-9000,active
BTSS002,"바스파 오스트레일리안 솔트 바디 스크럽 블랙 베리 250ml","BATHPA Australian Salt Body Scrub Black Berry 250ml",,8802929008554,BATHPA,,60,60.00,7.00,8.00,0.033660,,3304.99-9000,active
BTSS003,"바스파 오스트레일리안 솔트 바디 스크럽 그린티 250ml","BATHPA Australian Salt Body Scrub Green Tea 250ml",,8802929008547,BATHPA,,60,60.00,7.00,8.00,0.033660,,3304.99-9000,active
BTST2T1,"바스파 아로마 라운지 바디 2종 기프트 세트","Barthpa Aroma Lounge Body Gift Set",,8802929005898,BATHPA,,10,,,,,,,active
CCAB001,"세라클리닉 더마이드 4.0 앰플 밤 프로테인 퀀치 150m","CERACLINIC Dermaid 4.0 Ampoule Balm Protein Quench 150ml","[CERACLINIC] Несмываемый бальзам-сыворотка для волос ВОССТАНОВЛЕНИЕ И ЗАЩИТА Dermaid 4.0 Ampoule Balm Protein Quench, 150 мл",8802929009902,CERACLINIC,,54,54.00,10.60,11.60,0.034500,,3305.90-2000,active
CCAO001,"세라클리닉 더마이드 4.0 앰플 오일 프로테인 퀀치 95ml","CERACLINIC Dermaid 4.0 Ampoule Oil Protein Quench 95ml","[CERACLINIC] Питательное масло для волос 4в1 Dermaid 4.0 Ampoule Oil Protein Quench, 95 мл",8802929010069,CERACLINIC,,77,77.00,9.40,10.40,0.034500,,3305.90-9000,active
CCATR01,"세라클리닉 더마이드 4.0 앰플 트리트먼트 프로테인 퀀치 200ml","CERACLINIC DERMAID 4.0 Ampoule Treatment Protein Quench 200ml","[CERACLINIC] Спрей для волос DERMAID 4.0 Ampoule Treatment No-Rinse Protein Quench, 200 мл",8802929010175,CERACLINIC,,60,60.00,14.60,15.60,0.038250,,3305.90-9000,active
CCBL001,"세라클리닉 더마이드 4.0 세라마이드 바디로션 500ml","CERACLINIC DERMAID 4.0 Ceramide Body Lotion 500ml","CERACLINIC DERMAID 4.0 Ceramide Body Lotion, 500 мл",8802929007885,CERACLINIC,,24,24.00,13.44,14.44,0.033150,,3304.99-1000,active
CCCC001,"세라클리닉 더마이드 4.0 컬링 크림 프로테인 퀀치 150ml","CERACLINIC DERMAID 4.0 Curling Cream Protein Quench 150ml","[CERACLINIC] Крем-уход для кудрявых волос DERMAID 4.0 Curling Cream Protein Quench, 150 мл",8802929010243,CERACLINIC,,54,54.00,10.00,11.00,0.033660,,3305.90-9000,active
CCCRM01,"세라클리닉 더마이드 4.0 인텐시브 크림 50ml","Ceraclinic Dermaid 4.0 Intensive Cream 50ml","[CERACLINIC] Крем для лица УВЛАЖНЕНИЕ Dermaid 4.0 Intensive Cream, 50 мл",8802929002873,CERACLINIC,,100,100.00,6.20,7.20,0.035900,,3304.99-1000,active
CCHP001,"세라클리닉 더마이드 4.0 헤어팩 프로테인 퀀치 250ml","CERACLINIC Dermaid 4.0 Hair Pack Protein Quench 250ml","[CERACLINIC] Восстанавливающая маска для волос Dermaid 4.0 Hair Pack Protein Quench, 250 мл",8802929009834,CERACLINIC,,48,48.00,15.20,16.20,0.034500,,3305.90-2000,active
CCHPB01,"세라클리닉 더마이드 4.0 헤어팩 프로테인 퀀치 600ml","CERACLINIC Dermaid 4.0 Hair Pack Protein Quench 600ml","[CERACLINIC] Восстанавливающая маска для волос Dermaid 4.0 Hair Pack Protein Quench, 600 мл",8802929010656,CERACLINIC,,16,16.00,11.40,12.40,0.034460,,3305.90-2000,active
CCHPM01,"세라클리닉 더마이드 4.0 헤어팩 프로테인 퀀치 30ml","CERACLINIC Dermaid 4.0 Hair Pack Protein Quench 30ml",,8802929010694,CERACLINIC,,350,,,,,,,active
CCRS001,"세라클리닉 더마이드 4.0 보태니컬 플루이드 트리트먼트","CERACLINIC Dermaid 4.0 Botanical Treatment Fluid","[CERACLINIC] Маска для волос РАСТИТЕЛЬНАЯ Dermaid 4.0 Botanical Treatment Fluid, 500 мл",8802929003047,CERACLINIC,,30,30.00,15.60,16.60,0.034480,,3305.90-1000,active
CCRSN02,"세라클리닉 더마이드 4.0 안티헤어로스 헤어팩 그린클렌즈 1000ml","CERACLINIC DERMAID 4.0 Anti Hair Loss Hair Pack Green Cleanse 1000ml","[CERACLINIC] Маска для волос ПРОТИВ ВЫПАДЕНИЯ DERMAID 4.0 Anti Hair Loss Hair Pack Green Cleanse, 100 мл",8802929008585,CERACLINIC,,13,13.00,14.00,15.00,0.032590,,3305.90-1000,active
CCRT001,"세라클리닉 더마이드 4.0 안티헤어로스 루트 토닉 그린 클렌즈 110ml","CERACLINIC Dermaid 4.0 Anti-Hair Loss Root Tonic Green Cleanse 110ml","[CERACLINIC] Тонер-спрей для кожи головы против выпадения Dermaid 4.0 Anti-Hair Loss Root Tonic Green Cleanse, 110 мл",8802929010373,CERACLINIC,,64,64.00,14.60,15.60,0.025990,,3305.90-9000,active
CCRW001,"세라클리닉 로우 솔루션 히알루론산 1% 60ml","CERACLINIC Raw Solution  Hyaluronic Acid 1% 60ml",,8802929003092,CERACLINIC,,120,,,,,,,active
CCRW002,"세라클리닉 로우 솔루션 하이드롤라이즈드 콜라겐 1% 60ml","CERACLINIC Raw Solution  Hydrolyzed Collagen 1% 60ml",,8802929003108,CERACLINIC,,120,,,,,,,active
CCRW003,"세라클리닉 로우 솔루션 판테놀 수용액 5% 60ml","CERACLINIC Raw Solution  Panthenol, aqeous 5% 60ml",,8802929003115,CERACLINIC,,120,,,,,,,active
CCRW004,"세라클리닉 로우 솔루션 센텔라 아시아티카 100 60ml","CERACLINIC Raw Solution  Centella Asiatica 100. 60ml",,8802929003863,CERACLINIC,,120,,,,,,,active
CCRWB01,"세라클리닉 로우 솔루션 히알루론산 1% 250ml","CERACLINIC Raw Solution  Hyaluronic Acid 1% 250ml",,8802929003122,CERACLINIC,,45,,,,,,,active
CCRWB02,"세라클리닉 로우 솔루션 콜라겐 1% 250mL","CERACLINIC Raw Solution  Hydrolyzed Collagen 1% 250ml",,8802929003344,CERACLINIC,,45,,,,,,,active
CCRWB03,"세라클리닉 로우 솔루션 판테놀 수용액 5% 250mL","CERACLINIC Raw Solution  Panthenol, aqeous 5% 250ml",,8802929003351,CERACLINIC,,45,,,,,,,active
CCRWB04,"세라클리닉 로우 솔루션 센텔라 아시아티카 100 250ml","CERACLINIC Raw Solution  Centella Asiatica 100 250ml",,8802929003856,CERACLINIC,,45,,,,,,,active
CCSP001,"세라클리닉 더마이드 4.0 보태니컬 샴푸","CERACLINIC Dermaid 4.0 Botanical Shampoo","[CERACLINIC] Шампунь для волос РАСТИТЕЛЬНЫЙ Dermaid 4.0 Botanical Shampoo, 1000 мл",8802929003030,CERACLINIC,,14,14.00,15.20,16.20,0.034480,,3305.10-0000,active
CCSP003,"세라클리닉 더마이드 4.0 노 옐로우 샴푸 프로테인 퀀치 500ml","CERACLINIC DERMAID 4.0 No Yellow Shampoo Protein Quench 500ml","[CERACLINIC] Шампунь для волос ПРОТИВ ЖЕЛТИЗНЫ DERMAID 4.0 No Yellow Shampoo Protein Quench, 500 мл",8802929007809,CERACLINIC,,24,24.00,13.40,14.40,0.033000,,3305.10-0000,active
CCSP004,"세라클리닉 더마이드 4.0 앰플 샴푸 프로테인 퀀치 500ml","CERACLINIC DERMAID 4.0 Ampoule Shampoo Protein Quench 500ml","[CERACLINIC] Шампунь для волос Восстановление и Питание DERMAID 4.0 Ampoule Shampoo Protein Quench, 500 мл",8802929010281,CERACLINIC,,28,28.00,16.00,17.00,0.033660,,3305.10-0000,active
CCSPM04,"세라클리닉 더마이드 4.0 앰플 샴푸 프로테인 퀀치 30ml","CERACLINIC DERMAID 4.0 Ampoule Shampoo Protein Quench 30ml",,80802929010670,CERACLINIC,,350,,,,,,,active
CCSPN02,"세라클리닉 더마이드 4.0 안티 헤어로스 샴푸 그린 클렌즈","CERACLINIC DERMAID 4.0 Anti-Hair Loss SHAMPOO Green Cleanse","[CERACLINIC] Маска для волос ПРОТИВ ВЫПАДЕНИЯ DERMAID 4.0 Anti Hair Loss Hair Pack Green Cleanse, 1000 мл",8802929008578,CERACLINIC,,13,13.00,14.00,15.00,0.032590,,3305.10-0000,active
CCSPT01,"세라클리닉 더마이드 4.0 보태니컬 샴푸 100ml","CERACLINIC Dermaid 4.0 Botanical Shampoo 100ml","[CERACLINIC] Шампунь для волос РАСТИТЕЛЬНЫЙ Dermaid 4.0 Botanical Shampoo, 100 мл",8802929004914,CERACLINIC,,80,80.00,,,,,3305.10-0000,active
CCVF000,"세라클리닉 더마이드 4.0 볼륨 픽서 프로테인 퀀치 200ml","CERACLINIC DERMAID 4.0 Volume Fixer Protein Quench 200ml","[CERACLINIC] Спрей для объема DERMAID 4.0 Volume Fixer Protein Quench, 200 мл",8802929010335,CERACLINIC,,60,60.00,13.00,14.00,0.033660,,3305.90-9000,active
FJAP001,"프레쥬 레틴 콜라겐 3D 코어 앰플","Fraijour Retin-Collagen 3D Core Ampoule 50ml","[Fraijour] Кремовая сыворотка для лица КОЛЛАГЕН/РЕТИНОЛ Retin-Collagen 3D Core Ampoule, 50 мл",8802929008943,FRAIJOUR,,104,104.00,12.80,13.80,0.033660,,3304.99-1000,active
FJAP003,"프레주 프로 모이스처 B-5 히알루 앰플 50ml","Fraijour Pro Moisture B5-Hyalu Ampoule 50ml","[Fraijour] Концентрированная сыворотка для глубокого увлажнения кожи Pro Moisture B5-Hyalu Ampoule, 50 мл",8802929010403,FRAIJOUR,,96,96.00,10.05,11.50,0.023560,,3304.99-1000,active
FJAP004,"프레쥬 유주 허니 올리고 써지 앰플 50ml","Fraijour Yuzu Honey Oligo Surge Ampoule 50ml","[Fraijour] Концентрированная сыворотка для сияния кожи Yuzu Honey Oligo Surge Ampoule, 50 мл",8802929010427,FRAIJOUR,,96,96.00,10.05,11.50,0.023560,,3304.99-1000,active
FJAP005,"프레쥬 어성초 블레미쉬 리뉴 앰플 50ml","Fraijour Heartleaf Blemish Renew Ampoule 50ml","[Fraijour] Концентрированная сыворотка для чувствительной и проблемной кожи Heartleaf Blemish Renew Ampoule, 50 мл",8802929010410,FRAIJOUR,,96,96.00,10.05,11.50,0.023560,,3304.99-1000,active
FJAP007,"프레쥬 바이옴 5-락토 트리트먼트 앰플 50ml","Fraijour Biome 5-Lacto Treatment Ampoule 50ml","[Fraijour] Biome 5-Lacto Treatment Ampoule Сыворотка для лица ПРОБИОТИКИ, 50 мл",8802929008615,FRAIJOUR,,96,96.00,10.40,11.40,0.023330,,3304.99-1000,active
FJBB001,"프레쥬 레틴 콜라겐 3D 코어 블레미쉬 밤  SPF 30 PA+++ 50g","Fraijour Retin-Collagen 3D Core Blemish Balm SPF 30 PA+++ 50g","[Fraijour] ВВ-крем для лица КОЛЛАГЕН / РЕТИНАЛЬ Retin-Collagen 3D Core Blemish Balm SPF 30 PA+++, 50 мл",8802929009896,FRAIJOUR,,96,96.00,7.00,8.00,0.033660,,3304.99-1000,active
FJBBP01,"프레쥬 레틴 콜라겐 3D 코어 블레미쉬 밤  SPF 30 PA+++ 2g","Fraijour Retin-Collagen 3D Core Blemish Balm SPF 30 PA+++ 2g","[Fraijour] ВВ-крем для лица КОЛЛАГЕН / РЕТИНАЛЬ Retin-Collagen 3D Core Blemish Balm SPF 30 PA+++, 2 мл",8802929010151,FRAIJOUR,,1000,1000.00,2.70,3.70,0.005540,,3304.99-1000,active
FJBF001,"프레쥬 인진쑥 버블폼 클렌져 200ml","Fraijour Original Artemisia Bubble Facial Foam","[Fraijour] Пенка для умывания РАСТИТЕЛЬНЫЕ ЭКСТРАКТЫ Original Artemisia Bubble Facial Foam, 200 мл",8802929004297,FRAIJOUR,,70,70.00,18.60,19.60,0.037870,,3401.30-0000,active
FJCB001,"프레쥬 유쥬 허니 올 클렌징 밤 50ml","Fraijour Yuzu Honey All Cleansing Balm 50ml","[Fraijour] Гидрофильный бальзам для лица ПРОПОЛИС Yuzu Honey All Cleansing Balm, 50 мл",8802929006901,FRAIJOUR,,54,54.00,6.80,7.80,0.025200,,3304.99-1000,active
FJCB002,"프레쥬 프로 모이스처 엔자임 클렌징 밤 110ml","Fraijour Pro Moisture Enzyme Cleansing Balm 110ml","[Fraijour] Гидрофильный бальзам с энзимами для очищения кожи Pro Moisture Enzyme Cleansing Balm, 110 мл",8802929010571,FRAIJOUR,,60,60.00,10.20,11.20,0.026100,,3304.99-1000,active
FJCL001,"프레쥬 프로 모이스처 버블 클렌저 200g","Fraijour Pro Moisture Bubble Cleanser 200g","[Fraijour] Увлажняющая нежная пенка для лица Pro Moisture Bubble Cleanser, 200 мл",8802929010199,FRAIJOUR,,70,70.00,18.60,19.60,0.037870,,3401.30-0000,active
FJCO001,"프레쥬 오리지날 허브 자연약쑥 클렌징 오일 210ml","Frijour Original Herb Wormwood Cleansing Oil 210ml","[Fraijour] Гидрофильное масло для лица РАСТИТЕЛЬНЫЕ ЭКСТРАКТЫ Original Herb Wormwood Cleansing Oil, 210 мл",8802929007892,FRAIJOUR,,60,60.00,14.80,15.80,0.037870,,3304.99-1000,active
FJCO002,"프레쥬 어성초 포어 멜팅 클렌징 오일 210ml","Fraijour Heartleaf Pore Melting Cleansing Oil 210ml","[Fraijour] Гидрофильное масло для чувствительной кожи с хауттюйнией Heartleaf Pore Melting Cleansing Oil, 210 мл",8802929010267,FRAIJOUR,,60,60.00,14.80,15.80,0.037870,,3304.99-1000,active
FJCP001,"프레쥬 자연약쑥 효소 클렌징 팩","Fraijour Original Wormwood Enzyme Cleansing Pack 80g","[Fraijour] Энзимная маска-пудра для лица РАСТИТЕЛЬНЫЕ ЭКСТРАКТЫ Original Wormwood Enzyme Cleansing Pack, 80 гр",8802929009483,FRAIJOUR,,70,70.00,8.20,9.20,0.028500,,3401.30-0000,active
FJCR002,"프레쥬 자연약쑥 수분크림 100g","Fraijour mugwort moisturizing cream","[Fraijour] Крем для лица РАСТИТЕЛЬНЫЕ ЭКСТРАКТЫ Original Herb Wormwood Calming Watery Cream, 100 мл",8802929004822,FRAIJOUR,,60,60.00,10.80,11.80,0.026100,,3304.99-1000,active
FJCR003,"프레쥬 프로 모이스처 인텐시브 크림 50ml","Fraijour Pro-moisture intensive cream 50g","[Fraijour] Крем для лица УВЛАЖНЯЮЩИЙ Pro-moisture intensive cream, 50 мл",8802929005430,FRAIJOUR,,105,105.00,11.20,12.20,0.033660,,3304.99-1000,active
FJCR004,"프레쥬 유쥬 허니 인리치드 크림 50ml","Fraijour Yuzu Honey Enriched Cream 50ml","[Fraijour] Крем для лица ПРОПОЛИС Yuzu Honey Enriched Cream, 50 мл",8802929006918,FRAIJOUR,,105,105.00,11.20,12.20,0.033660,,3304.99-1000,active
FJCR005,"프레쥬 어성초 블레미쉬 크림 100ml","Fraijour Heartleaf Blemish Moisture Cream 100ml","[Fraijour] Крем для лица ХАУТТЮЙНИЯ Heartleaf Blemish Moisture Cream, 100 мл",8802929007861,FRAIJOUR,,60,60.00,10.80,11.80,0.026100,,3304.99-1000,active
FJCR006,"프레쥬 레틴 콜라겐 3D 코어 크림 50ml","Fraijour Retin-Collagen 3D Core Cream 50ml","[Fraijour] Крем для лица КОЛЛАГЕН / РЕТИНОЛ Retin-Collagen 3D Core Cream, 50 мл",8802929008073,FRAIJOUR,,90,90.00,10.50,11.50,0.033660,,3304.99-1000,active
FJCR007,"프레쥬 바이옴 5-락토 밸런스 모이스쳐라이져 50ml","Fraijour Biome 5-Lacto Balance Moisturizer 50ml","[Fraijour] Biome 5-Lacto Balance Moisturizer Крем для лица ПРОБИОТИКИ, 50 мл",8802929008622,FRAIJOUR,,90,90.00,8.30,9.30,0.033660,,3304.99-1000,active
FJCR008,"프레쥬 알케믹 진세노사이드 인텐스 퍼밍 크림 50ml","Fraijour Alchemic Ginsenoside Intense Firming Cream 50ml","[Fraijour] Антивозрастной крем для лица КРАСНЫЙ ЖЕНЬШЕНЬ Alchemic Ginsenoside Intense Firming Cream, 50 мл",8802929009865,FRAIJOUR,,60,60.00,9.20,10.20,0.026100,,3304.99-1000,active
FJCR009,"프레쥬 프로 모이스처 세라토 에어리 크림 50ml","Fraijour Pro Moisture Cerato Airy Cream 50ml","[Fraijour] Увлажняющий муссовый крем для лица Pro Moisture Cerato Airy Cream, 50 мл",8802929010250,FRAIJOUR,,60,60.00,9.00,10.20,0.026100,,3304.99-1000,active
FJCRM02,"프레쥬 자연약쑥 수분크림 10g","Fraijour mugwort moisturizing cream 10ml","[Fraijour] Крем для лица РАСТИТЕЛЬНЫЕ ЭКСТРАКТЫ Original Herb Wormwood Calming Watery Cream, 10 мл",8802929007960,FRAIJOUR,,500,500.00,7.00,8.00,0.033660,,3304.99-1000,active
FJCRM03,"프레쥬 프로 모이스처 인텐시브 크림 10ml","Fraijour Pro-moisture intensive cream 10ml","[Fraijour] Крем для лица УВЛАЖНЯЮЩИЙ Pro-moisture intensive cream, 10 мл",8802929007977,FRAIJOUR,,500,500.00,7.00,8.00,0.033660,,3304.99-1000,active
FJCRM04,"프레쥬 유쥬 허니 인리치드 크림 10ml","Fraijour Yuzu Honey Enriched Cream 10ml","[Fraijour] Крем для лица ПРОПОЛИС Yuzu Honey Enriched Cream, 10 мл",8802929008288,FRAIJOUR,,500,500.00,7.00,8.00,0.033660,,3304.99-1000,active
FJCRM05,"프레쥬 어성초 블레미쉬 크림 10ml","Fraijour Heartleaf Blemish Moisture Cream 10ml","[Fraijour] Крем для лица ХАУТТЮЙНИЯ Heartleaf Blemish Moisture Cream, 10 мл",8802929008295,FRAIJOUR,,500,500.00,7.00,8.00,0.033660,,3304.99-1000,active
FJCRM06,"프레쥬 레틴 콜라겐 3D 코어 크림 10ml","Fraijour Retin-Collagen 3D Core Cream 10ml","[Fraijour] Крем для лица КОЛЛАГЕН / РЕТИНОЛ Retin-Collagen 3D Core Cream, 10 мл",8802929008202,FRAIJOUR,,500,500.00,7.00,8.00,0.033660,,3304.99-1000,active
FJCRM08,"프레쥬 알케믹 진세노사이드 인텐스 퍼밍 크림 10ml","Fraijour Alchemic Ginsenoside Intense Firming Cream 10ml","[Fraijour] Антивозрастной крем для лица КРАСНЫЙ ЖЕНЬШЕНЬ Alchemic Ginsenoside Intense Firming Cream, 10 мл",8802929009780,FRAIJOUR,,500,500.00,7.00,8.00,0.033660,,3304.99-1000,active
FJCRM09,"프레쥬 프로 모이스처 세라토 에어리 크림 10ml","Fraijour Pro Moisture Cerato Airy Cream 10ml","[Fraijour] Увлажняющий муссовый крем для лица Pro Moisture Cerato Airy Cream, 10 мл",8802929010205,FRAIJOUR,,500,500.00,7.00,8.00,0.033660,,3304.99-1000,active
FJCW001,"프레쥬 자연약쑥 클렌징 워터 300ml","Fraijour mugwort cleansing water","[Fraijour] Жидкость для снятия макияжа РАСТИТЕЛЬНЫЕ ЭКСТРАКТЫ Original Herb Wormwood Cleansing Water, 300 мл",8802929002194,FRAIJOUR,,40,40.00,14.50,15.50,0.033660,,3401.30-0000,active
FJEC001,"프레쥬 유주 허니 캡슐 아이크림 20ml","FRAIJOUR Yuzu Honey Capsule Eye Cream 20ml","[Fraijour] Крем для области вокруг глаз КАПСУЛЬНЫЙ/ПРОПОЛИС Yuzu Honey Capsule Eye Cream, 15 мл",8802929008813,FRAIJOUR,,168,168.00,6.50,7.50,0.033660,,3304.99-1000,active
FJEC006,"프레쥬 레틴 콜라겐 3D 코어 아이크림 15ml","Fraijour Retin-Collagen 3D Core Eye Cream 15ml","[Fraijour] Крем для области вокруг глаз КОЛЛАГЕН / РЕТИНОЛ Retin-Collagen 3D Core Eye Cream, 15 мл",8802929008066,FRAIJOUR,,168,168.00,6.40,6.90,0.033660,,3304.99-1000,active
FJES001,"프레쥬 알케믹 진세노사이드 컨투어 아이 세럼 25ml","Fraijour Alchemic Ginsenoside Contour Eye Serum 25ml","[Fraijour] Антивозрастная сыворотка для кожи вокруг глаз КРАСНЫЙ ЖЕНЬШЕНЬ Alchemic Ginsenoside Contour Eye Serum, 25 мл",8802929009872,FRAIJOUR,,168,168.00,7.80,8.80,0.033660,,3304.99-1000,active
FJEX001,"프레쥬 인진쑥 에센스 미스트 115ml","Fraijour Original Artemisia Essence Mist","[Fraijour] Эссенция для лица РАСТИТЕЛЬНЫЕ ЭКСТРАКТЫ Original Artemisia Essence, 115 мл",8802929004273,FRAIJOUR,,96,96.00,16.40,17.40,0.033660,,3304.99-1000,active
FJEX002,"프레쥬 어성초 인테시브 카밍 에센스 120ml","Fraijour Heartleaf Intensive Calming Essence 120ml","[Fraijour] Эссенция для лица ХАУТТЮЙНИЯ Heartleaf Intensive Calming Essence, 120 мл",8802929007830,FRAIJOUR,,84,84.00,13.60,14.60,0.033660,,3304.99-1000,active
FJEX003,"프레쥬 오리지날 자연약쑥 파하 필링 에센스 120ml","Fraijour Original Wormwood PHA Peeling Essence 120ml","[Fraijour] Пилинг-эссенция для лица РАСТИТЕЛЬНЫЕ ЭКСТРАКТЫ/PHA-КИСЛОТЫ Original Wormwood PHA Peeling Essence, 120 мл",8802929007854,FRAIJOUR,,84,84.00,13.44,14.44,0.033660,,3304.99-1000,active
FJFC002,"프레쥬 자연약쑥 클렌징폼 150ml","Fraijour original herb wormwood cleansing foam","[Fraijour] Пенка для умывания РАСТИТЕЛЬНЫЕ ЭКСТРАКТЫ Original Herb Wormwood Cleansing Foam, 150 мл",8802929883564,FRAIJOUR,,54,54.00,10.00,11.00,0.033660,,3401.30-0000,active
FJFC003,"프레쥬 어성초 블레미쉬 클렌징 폼 250ml","Fraijour Heartleaf Blemish pH Balanced Cleansing Foam 250ml","[Fraijour] Пенка для умывания ХАУТТЮЙНИЯ Heartleaf Blemish pH Balanced Cleansing Foam, 250 мл",8802929007953,FRAIJOUR,,47,47.00,11.80,12.80,0.037290,,3401.30-0000,active
FJFC004,"프레쥬 유주허니 올 클리어 클렌징 폼 250ml","Fraijour Yuzu Honey All Clear Cleansing Foam 250ml","[Fraijour] Пенка для умывания ПРОПОЛИС Yuzu Honey All Clear Cleansing Foam, 250 мл",8802929007984,FRAIJOUR,,47,47.00,14.00,15.00,0.037290,,3401.30-0000,active
FJFC005,"프레쥬 레틴 콜라겐 3D 코어 클렌징 폼 250ml","Fraijour Retin-Collagen 3D Core Cleansing Foam 250ml","[Fraijour] Пенка-гель для умывания КОЛЛАГЕН/РЕТИНОЛ Retin-Collagen 3D Core Cleansing Foam, 250 мл",8802929008370,FRAIJOUR,,47,47.00,14.00,15.00,0.037290,,3401.30-0000,active
FJFCPN2,"프레쥬 자연약쑥 클렌징폼 5mlx20ea","Fraijour original herb wormwood cleansing foam 5mlx20ea","[Fraijour] Пенка для умывания РАСТИТЕЛЬНЫЕ ЭКСТРАКТЫ Original Herb Wormwood Cleansing Foam, 5мл*20 шт",8802929010137,FRAIJOUR,,34,34.00,4.00,5.00,0.039680,,3401.30-0000,active
FJGB001,"프레쥬 어성초 블레미쉬 클렌징 젤 밤 100ml","Fraijour Heartleaf Blemish Cleansing Gel Balm 100ml","[Fraijour] Очищающий гель-бальзам Heartleaf Blemish Cleansing Gel Balm 100 мл",8802929010731,FRAIJOUR,,84,84.00,9.90,10.90,0.033660,,3304.99-1000,active
FJGC007,"프레쥬 바이옴 5-락토 밸런스 젤 클렌저 210ml","Fraijour Biome 5-Lacto Balance Gel Cleanser 210ml","[Fraijour] Biome 5-Lacto Balance Gel Cleanser Гель для умывания ПРОБИОТИКИ, 210 мл",8802929008653,FRAIJOUR,,60,60.00,17.00,18.00,0.038710,,3401.30-0000,active
FJLM001,"프레쥬 자연약쑥 립 슬리핑 마스크 12g","Fraijour Wormwood Lip Sleeping Mask 12g","[Fraijour] Маска для губ РАСТИТЕЛЬНЫЕ ЭКСТРАКТЫ Wormwood Lip Sleeping Mask, 12 мл",8802929008028,FRAIJOUR,,286,286.00,5.72,6.72,0.024024,,3304.99-1000,active
FJLM002,"프레쥬 유주허니 립 슬리핑 마스크 12g","Fraijour Yuzu Honey Lip Sleeping Mask 12g","[Fraijour] Маска для губ ПРОПОЛИС Yuzu Honey Lip Sleeping Mask, 12 мл",8802929008035,FRAIJOUR,,286,286.00,5.72,6.72,0.024024,,3304.99-1000,active
FJLO001,"프레쥬 레틴 콜라겐 3D 코어 립오일 3.5ml","Fraijour Retin-Collagen 3D Core Lip Oil 3.5ml","[Fraijour] Масло для губ КОЛЛАГЕН / РЕТИНАЛЬ Retin-Collagen 3D Core Lip Oil, 3,5 мл",8802929009797,FRAIJOUR,,91,91.00,1.40,2.40,0.006120,,3304.99-1000,active
FJMK003,"프레쥬 프로 모이스처 밀크 토닝 클레이 마스크","Fraijour Pro Moisture Milk Toning Clay Mask 75g","[Fraijour] Глиняная маска для лица УВЛАЖНЯЮЩАЯ Pro Moisture Milk Toning Clay Mask, 75 гр",8802929009308,FRAIJOUR,,77,77.00,8.00,9.00,0.033660,,3307.90-4000,active
FJMK004,"프레쥬 유주 허니 안티 멜라 캡슐 마스크","Fraijour Yuzu Honey Anti-Mela Capsule Mask 75ml","[Fraijour] Капсульная маска для лица ЮДЗУ Yuzu Honey Anti-Mela Capsule Mask, 75 мл",8802929009438,FRAIJOUR,,77,77.00,6.70,8.70,0.033660,,3304.99-9000,active
FJMK005,"프레쥬 어성초 포어 멜팅 겔 마스크","Fraijour Heartleaf Pore Melting Gel Mask 75ml","[Fraijour] Очищающая маска для лица ХАУТТЮЙНИЯ Heartleaf Pore Melting Gel Mask, 75 мл",8802929009315,FRAIJOUR,,77,77.00,6.70,8.70,0.033660,,3307.90-4000,active
FJMK006,"프레쥬 레틴 콜라겐 3D 코어 래디언스 마스크","Fraijour Retin-Collagen 3D Core Radiance Mask 75ml","[Fraijour] Укрепляющая маска для лица КОЛЛАГЕН/РЕТИНОЛ Retin-Collagen 3D Core Radiance Mask, 75 мл",8802929009322,FRAIJOUR,,77,77.00,7.40,8.40,0.033660,,3304.99-9000,active
FJMK007,"프레쥬 바이옴 5-락토 리텍스쳐라이징 로지 마스크","Fraijour Biome 5-Lacto Retexturizing Rosy Mask 75g","[Fraijour] Biome 5-Lacto Retexturizing Rosy Mask Обновляющая маска для лица ПРОБИОТИКИ, 75 гр",8802929009346,FRAIJOUR,,77,77.00,8.00,9.00,0.033660,,3307.90-4000,active
FJMK008,"프레쥬 알케믹 진세노사이드 엑소 랩 마스크 80g","Fraijour Alchemic Ginsenoside Exo Wrap Mask 80g","[Fraijour] Антивозрастная маска-плёнка КРАСНЫЙ ЖЕНЬШЕНЬ Alchemic Ginsenoside Exo-Wrap Mask, 80 мл",8802929010632,FRAIJOUR,,77,77.00,8.20,9.20,0.033660,,3304.99-9000,active
FJMK5T1,"프레쥬 자연약쑥 시트 마스크","Fraijour Origianal Herb Wormwood Sheet Mask 23ml * 5EA","[Fraijour] НАБОР Тканевая маска для лица РАСТИТЕЛЬНЫЕ ЭКСТРАКТЫ Original Herb Wormwood Sheet Mask, 5 шт * 23 мл",8802929005904,FRAIJOUR,,48,48.00,8.18,9.18,0.036800,,3307.90-4000,active
FJMT001,"프레쥬 레틴 콜라겐 3D 코어 앰플 미스트 200ml","Fraijour Retin-Collagen 3D Core Ampoule Mist 200ml","[Fraijour] Спрей-сыворотка для лица КОЛЛАГЕН/РЕТИНОЛ Retin-Collagen 3D Core Ampoule Mist, 200 мл",8802929008509,FRAIJOUR,,60,60.00,16.00,17.00,0.038710,,3304.99-1000,active
FJMT002,"프레쥬 프로 모이스처 크림 미스트 120ml","Fraijour Pro moisture Cream Mist 120ml","[Fraijour] Увлажняющий мист для лица Pro moisture Cream Mist, 120 мл",8802929009636,FRAIJOUR,,104,104.00,18.50,19.50,0.033660,,3304.99-1000,active
FJOF001,"프레쥬 레틴 콜라겐 3D 코어 오일 투 폼 클렌저","Fraijour Retin-Collagen 3D Core Oil to Foam Cleanser 210g","[Fraijour] Гидрофильное масло-пенка для лица КОЛЛАГЕН/РЕТИНОЛ Retin-Collagen 3D Core Oil to Foam Cleanser, 210 мл",8802929009476,FRAIJOUR,,60,60.00,16.00,17.00,0.033660,,3401.30-0000,active
FJOF002,"프레쥬 알케믹 진세노사이드 오일 투 폼 클렌져 210g","Fraijour Alchemic Ginsenoside Oil to Foam Cleanser 210g","[Fraijour] Антивозрастное гидрофильное масло-пенка КРАСНЫЙ ЖЕНЬШЕНЬ Alchemic Ginsenoside Oil to Foam Cleanser, 210 мл",8802929009889,FRAIJOUR,,60,60.00,16.00,17.00,0.033660,,3401.30-0000,active
FJOFM02,"프레쥬 알케믹 진세노사이드 오일 투 폼 클렌져 30ml","Fraijour Alchemic Ginsenoside Oil to Foam Cleanser 30ml","[Fraijour] Антивозрастное гидрофильное масло-пенка КРАСНЫЙ ЖЕНЬШЕНЬ Alchemic Ginsenoside Oil to Foam Cleanser, 30 мл",8802929009810,FRAIJOUR,,350,350.00,12.00,13.00,0.033660,,3401.30-0000,active
FJPD001,"프레쥬 오리지날 허브 자연약쑥 포어패드 60ea/170ml","FRAIJOUR Original Herb Wormwood Pore Pad 60ea/170ml","[Fraijour] Тонизирующие пэды для лица с АНА/ВНА/РНА Original Herb Wormwood Pore Pad, 60шт/170 мл",8802929008783,FRAIJOUR,,30,30.00,8.20,9.20,0.033660,,3304.99-1000,active
FJPDR01,"프레쥬 오리지날 허브 자연약쑥 포어패드 리필60ea/170ml","FRAIJOUR Original Herb Wormwood Pore Pad Refill 60ea/170ml","[Fraijour] Тонизирующие пэды для лица с АНА/ВНА/РНА (рефил) Original Herb Wormwood Pore Pad Refill, 60шт/170 мл",8802929008752,FRAIJOUR,,25,25.00,5.00,6.00,0.033660,,3304.99-1000,active
FJPGM02,"프레쥬 자연약쑥 필링젤 150ml","Fraijour mugwort peeling gel","[Fraijour] Гель-пилинг для лица РАСТИТЕЛЬНЫЕ ЭКСТРАКТЫ Original Herb Wormwood Peeling Gel, 150 мл",8802929882604,FRAIJOUR,,54,54.00,10.40,11.40,0.033660,,3304.99-1000,active
FJPK001,"프레쥬 오리지날 허브 자연약쑥 산소 마스크팩 300ml","Fraijour Original herb wormwood O2 Maskpack 300ml","[Fraijour] Маска для лица КИСЛОРОДНАЯ Original herb wormwood O2 Maskpack, 300 мл",8802929005447,FRAIJOUR,,35,35.00,13.00,14.00,0.033660,,3401.30-0000,active
FJPW000,"프레쥬 프로 모이스처 엔자임 파우더 워시 1g * 30ea","FRAIJOUR PRO MOISTURE ENZYME POWDER WASH 1g * 30ea","[Fraijour] Очищающая энзимная пудра Pro Moisture Enzyme Powder Wash, 30 шт * 1 гр",8802929005775,FRAIJOUR,,50,50.00,2.80,3.80,0.037600,,3401.30-0000,active
FJPW001,"프레쥬 레틴 콜라겐 3D 코어 파우더 워시 1g * 30ea","Fraijour Retin-Collagen 3D Core Powder Wash 1g * 30ea","[Fraijour] Укрепляющая энзимная пудра КОЛЛАГЕН / РЕТИНАЛЬ Retin-Collagen 3D Core Powder Wash, 30 шт * 1 гр",8802929009759,FRAIJOUR,,50,50.00,2.80,3.80,0.038310,,3401.30-0000,active
FJSC002,"프레쥬 어성초 에어리 핏 선크림 SPF 50+ PA ++++ 50ml","Fraijour Heartleaf Airy Fit Sun Cream  SPF 50+ PA ++++ 50ml","[Fraijour] Солнцезащитный крем Heartleaf Airy Fit Sun Cream SPF 50+ PA ++++, 50 мл",8802929008899,FRAIJOUR,,96,96.00,6.60,7.60,0.033660,,3304.99-1000,active
FJSC003,"프레쥬 어성초 워터 핏 선스크린 [50ml]","Fraijour Heartleaf Water Fit Sun Screen","[Fraijour] Лёгкий солнцезащитный крем для лица с SPF 50+ PA++++ Heartleaf Water Fit Sun Screen, 50 мл",8802929009025,FRAIJOUR,,80,80.00,5.80,6.80,0.026700,,3304.99-1000,active
FJSL001,"프레쥬 자연약쑥 진정 토너 500ml","Fraijour mugwort claming tonner","[Fraijour] Тонер для лица AHA-/BHA-КИСЛОТЫ Original Herb Wormwood Calming Toner, 500 мл",8802929000473,FRAIJOUR,,30,30.00,18.00,19.00,0.037600,,3304.99-1000,active
FJSL002,"프레쥬 프로 모이스처 크리미 토너 500ml","Fraijour Pro-moisture creamy toner 500ml","[Fraijour] Тонер для лица УВЛАЖНЕНИЕ Pro-moisture creamy toner, 500 мл",8802929005423,FRAIJOUR,,30,30.00,18.00,19.00,0.037600,,3304.99-1000,active
FJSL003,"프레쥬 유쥬 허니 에센셜 토너 250ml","Fraijour Yuzu Honey Essential Toner 250ml","[Fraijour] Тонер для лица ПРОПОЛИС Yuzu Honey Essential Toner, 250 мл",8802929006925,FRAIJOUR,,50,50.00,16.75,17.75,0.028710,,3304.99-1000,active
FJSL004,"프레쥬 어성초 블레미쉬 토너 500ml","Fraijour Heartleaf Blemish Toner","[Fraijour] Тонер для лица ХАУТТЮЙНИЯ Heartleaf Blemish Toner, 500 мл",8802929007380,FRAIJOUR,,30,30.00,18.00,19.00,0.037600,,3304.99-1000,active
FJSL006,"프레쥬 레틴 콜라겐 3D 코어 토너 250ml","Fraijour Retin-Collagen 3D Core Toner 250ml","[Fraijour] Тонер для лица КОЛЛАГЕН / РЕТИНОЛ Retin-Collagen 3D Core Toner, 250 мл",8802929008080,FRAIJOUR,,50,50.00,15.50,16.50,0.028230,,3304.99-1000,active
FJSL007,"프레쥬 바이옴 5-락토 밸런스 토너 300ml","Fraijour Biome 5-Lacto Balance Toner 300ml","[Fraijour] Biome 5-Lacto Balance Toner Тонер для лица ПРОБИОТИКИ, 300 мл",8802929008608,FRAIJOUR,,32,32.00,12.30,12.30,0.025200,,3304.99-1000,active
FJSL008,"프레쥬 알케믹 진세노사이드 허벌 알엑스 토너 250ml","Fraijour Alchemic Ginsenoside Herbal Rx Toner 250ml","[Fraijour] Антивозрастной тонер для лица КРАСНЫЙ ЖЕНЬШЕНЬ Alchemic Ginsenoside Herbal Rx Toner, 250 мл",8802929009858,FRAIJOUR,,45,45.00,13.60,14.60,0.030010,,3304.99-1000,active
FJSLM08,"프레쥬 알케믹 진세노사이드 허벌 알엑스 토너 30ml","Fraijour Alchemic Ginsenoside Herbal Rx Toner 30ml","[Fraijour] Антивозрастной тонер для лица КРАСНЫЙ ЖЕНЬШЕНЬ Alchemic Ginsenoside Herbal Rx Toner, 30 мл",8802929009803,FRAIJOUR,,187,187.00,8.80,9.80,0.025630,,3304.99-1000,active
FJSM001,"프레쥬 인진쑥 스팀 마스크팩 50g","Fraijour Original Artemisia Steam Mask","[Fraijour] Маска для лица РАСТИТЕЛЬНЫЕ ЭКСТРАКТЫ Original Artemisia Steam Mask, 50 мл",8802929004303,FRAIJOUR,,99,99.00,7.10,8.10,0.033660,,3307.90-9000,active
FJWE001,"프레쥬 알케믹 진세노사이드 워터리 에센스 250ml","Fraijour Alchemic Ginsenoside Watery Essence 250ml","[Fraijour] Антивозрастное гидрофильное масло-пенка КРАСНЫЙ ЖЕНЬШЕНЬ Alchemic Ginsenoside Oil to Foam Cleanser, 210 мл",8802929009841,FRAIJOUR,,45,45.00,14.00,15.00,0.037870,,3304.99-1000,active
FJWEM01,"프레쥬 알케믹 진세노사이드 워터리 에센스 30ml","Fraijour Alchemic Ginsenoside Watery Essence 30ml","[Fraijour] Антивозрастное гидрофильное масло-пенка КРАСНЫЙ ЖЕНЬШЕНЬ Alchemic Ginsenoside Oil to Foam Cleanser, 30 мл",8802929009773,FRAIJOUR,,187,187.00,7.80,9.80,0.025630,,3304.99-1000,active
FJXX3T1,"프레쥬 레틴 콜라겐 3D 코어 기프트 세트","Fraijour Retin-Collagen 3D Core Gift Set","[Fraijour] Набор КОЛЛАГЕН/РЕТИНОЛ Retin Collagen 3D Core Gift Set, 250 мл/50 мл/15 мл*2 шт",8802929008363,FRAIJOUR,,12,12.00,8.80,9.80,0.039760,,3304.99-1000,active
KBBC001,"키스바이 로즈마인 스텔라리 바디 워시 센슈얼리티 300ml","KISS BY ROSEMINE STELLARY BODY WASH Sensuality 300ml","[Kiss by Rosemine] Гель для душа Чувственность STELLARY Body Wash «Sensuality», 300 мл",8802929010434,ROSEMINE,,28,28.00,10.60,11.60,0.033660,,3401.30-0000,active
KBBC002,"키스바이 로즈마인 스텔라리 바디 워시 호프 300ml","KISS BY ROSEMINE STELLARY BODY WASH Hope 300ml","[Kiss by Rosemine] Гель для душа Обещание STELLARY Body Wash «Hope», 300 мл",8802929010441,ROSEMINE,,28,28.00,10.60,11.60,0.033660,,3401.30-0000,active
KBBC003,"키스바이 로즈마인 스텔라리 바디 워시 블리스 300ml","KISS BY ROSEMINE STELLARY BODY WASH Bliss 300ml","[Kiss by Rosemine] Гель для душа Блаженство STELLARY Body Wash «Bliss», 300 мл",8802929010465,ROSEMINE,,28,28.00,10.60,11.60,0.033660,,3401.30-0000,active
KBBC004,"키스바이 로즈마인 스텔라리 바디 워시 스너그 300ml","KISS BY ROSEMINE STELLARY BODY WASH Snug 300ml","[Kiss by Rosemine] Гель для душа Гармония STELLARY Body Wash «Snug», 300 мл",8802929010458,ROSEMINE,,28,28.00,10.60,11.60,0.033660,,3401.30-0000,active
KBCR001,"키스바이 로즈마인 프래그런스 크림- 글래머 센슈얼리티","Kiss by Rosemine Fragrance Cream - Glamour Sensuality 140ml","[Kiss by Rosemine] Крем для тела ДРЕВЕСНО-МУСКУСНЫЙ АРОМАТ Fragrance Cream - Glamour Sensuality, 140 мл",8802929004105,ROSEMINE,,60,60.00,11.38,12.38,0.032340,,3304.99-1000,active
KBCR002,"키스바이 로즈마인 프래그런스 크림- 글래머 판타지","Kiss by Rosemine Fragrance Cream - Glamour Fantasy 140ml","[Kiss by Rosemine] Крем для тела АРОМАТ СПЕЛЫХ ФРУКТОВ Fragrance Cream - Glamour Fantasy, 140 мл",8802929004129,ROSEMINE,,60,60.00,11.38,12.38,0.032340,,3304.99-1000,active
KBCR003,"키스바이 로즈마인 프래그런스 크림- 글래머 프레셔스","Kiss by Rosemine Fragrance Cream - Glamour Precious 140ml","[Kiss by Rosemine] Крем для тела МАНДАРИН/СЛАДКИЙ ЖАСМИН Fragrance Cream - Glamour Precious, 140 мл",8802929004112,ROSEMINE,,60,60.00,11.38,12.38,0.032340,,3304.99-1000,active
KBCR004,"키스바이 로즈마인 프래그런스 크림- 오,프레쉬 포에버","Kiss by Rosemine Fragrance Cream -  Oh, Fresh Forever 140ml","[Kiss by Rosemine] Крем для тела ЦВЕТОЧНЫЙ АРОМАТ ИРИСА Fragrance Cream - Oh, Fresh Forever, 140 мл",8802929004082,ROSEMINE,,60,60.00,11.38,12.38,0.032340,,3304.99-1000,active
KBCR005,"키스바이 로즈마인 프래그런스 크림- 오,프레쉬 허브가든","Kiss by Rosemine Fragrance Cream - Oh, Fresh Herb Garden 140ml","[Kiss by Rosemine] Крем для тела СВЕЖИЙ ТРАВЯНОЙ АРОМАТ Fragrance Cream - Oh, Fresh Herb Garden, 140 мл",8802929004099,ROSEMINE,,60,60.00,11.38,12.38,0.032340,,3304.99-1000,active
KBCR006,"키스바이 로즈마인 프래그런스 크림 글래머 대즐링","Kiss by Rosemine Fragrance Cream-Glamour Dazzling 140ml","[Kiss by Rosemine] Крем для тела ЦВЕТОЧНО-ФРУКТОВЫЙ АРОМАТ ИЛАНГ-ИЛАНГ/ЯБЛОКО Fragrance Cream - Glamour Dazzling, 140 мл",8802929007250,ROSEMINE,,60,60.00,11.38,12.38,0.032340,,3304.99-1000,active
KBCR007,"키스바이 로즈마인 프래그런스 크림 글래머 멜로우","Kiss by Rosemine Fragrance Cream-Glamour Mellow 140ml","[Kiss by Rosemine] Крем для тела ДРЕВЕСНО-ЦИТРУСОВЫЙ АРОМАТ Fragrance Cream - Glamour Mellow, 140 мл",8802929007267,ROSEMINE,,60,60.00,11.38,12.38,0.032340,,3304.99-1000,active
KBCR008,"키스바이 로즈마인 프래그런스 크림 글래머 캔디 블룸","Kiss by Rosemine Fragrance Cream- Glamour Candy Bloom 140ml","[Kiss by Rosemine] Крем для тела КАРАМЕЛЬНО-ЦВЕТОЧНЫЙ АРОМАТ Fragrance Cream Candy Bloom, 140 мл",8802929008561,ROSEMINE,,60,60.00,11.38,12.38,0.032340,,3304.99-1000,active
KBHC001,"키스바이 로즈마인 핸드크림 엔젤스 퓨어","Kiss by Rosemine Fragrance Hand Cream Angel's Pure","[Kiss by Rosemine] Крем для рук АРОМАТ ""ЧИСТОТА АНГЕЛА"" Kiss by Rosemine Fragrance Hand Cream Angel's Pure, 60 мл",8802929004167,ROSEMINE,,100,100.00,7.60,8.60,0.026360,,3304.99-1000,active
KBHC002,"키스바이 로즈마인 핸드크림 엔젤스 패션","Kiss by Rosemine Fragrance Hand Cream Angel's Passion","[Kiss by Rosemine] Крем для рук АРОМАТ ""СТРАСТЬ АНГЕЛА"" Kiss by Rosemine Fragrance Hand Cream Angel's Passion, 60 мл",8802929004174,ROSEMINE,,100,100.00,7.60,8.60,0.026360,,3304.99-1000,active
KBHC003,"키스바이 로즈마인 핸드크림 엔젤스 하트","Kiss by Rosemine Fragrance Hand Cream Angel's Heart","[Kiss by Rosemine] Крем для рук АРОМАТ ""СЕРДЦЕ АНГЕЛА"" Kiss by Rosemine Fragrance Hand Cream Angel's Heart, 60 мл",8802929004181,ROSEMINE,,100,100.00,7.60,8.60,0.026360,,3304.99-1000,active
KBHC004,"키스바이 로즈마인 핸드크림 엔젤스 로즈","Kiss by Rosemine Fragrance Hand Cream Angel's Rose","[Kiss by Rosemine] Крем для рук АРОМАТ ""АНГЕЛЬСКАЯ РОЗА"" Kiss by Rosemine Fragrance Hand Cream Angel's Rose, 60 мл",8802929004198,ROSEMINE,,100,100.00,7.60,8.60,0.026360,,3304.99-1000,active
KBHC005,"키스바이 로즈마인 핸드크림 엔젤스 러브","Kiss by Rosemine Fragrance Hand Cream Angel's Love","[Kiss by Rosemine] Крем для рук АРОМАТ ""ЛЮБОВЬ АНГЕЛА"" Kiss by Rosemine Fragrance Hand Cream Angel's Love, 60 мл",8802929004204,ROSEMINE,,100,100.00,7.60,8.60,0.026360,,3304.99-1000,active
KBHC006,"키스바이 로즈마인 프래그런스 핸드크림- 글래머 센슈얼리티","Kiss by Rosemine Fragrance Hand Cream-Glamour Sensuality 30ml","[Kiss by Rosemine] Крем для рук ДРЕВЕСНО-МУСКУСНЫЙ АРОМАТ Fragrance Hand Cream - Glamour Sensuality, 30 мл",8802929006819,ROSEMINE,,400,400.00,14.40,15.40,0.023800,,3304.99-1000,active
KBHC007,"키스바이 로즈마인 프래그런스 핸드크림- 글래머 판타지","Kiss by Rosemine Fragrance Hand Cream-Glamour Fantasy 30ml","[Kiss by Rosemine] Крем для рук АРОМАТ СПЕЛЫХ ФРУКТОВ Fragrance Hand Cream - Glamour Fantasy, 30 мл",8802929006826,ROSEMINE,,400,400.00,14.40,15.40,0.023800,,3304.99-1000,active
KBHC008,"키스바이 로즈마인 프래그런스 핸드크림- 글래머 프레셔스","Kiss by Rosemine Fragrance Hand Cream-Glamour Precious 30ml","[Kiss by Rosemine] Крем для рук МАНДАРИН/СЛАДКИЙ ЖАСМИН Fragrance Hand Cream - Glamour Precious, 30 мл",8802929006833,ROSEMINE,,400,400.00,14.40,15.40,0.023800,,3304.99-1000,active
KBHC009,"키스바이 로즈마인 프래그런스 핸드크림- 오,프레쉬 포에버","Kiss by Rosemine Fragrance Hand Cream-Oh, Fresh Forever 30ml","[Kiss by Rosemine] Крем для рук ЦВЕТОЧНЫЙ АРОМАТ ИРИСА Fragrance Hand Cream - Oh, Fresh Forever, 30 мл",8802929006840,ROSEMINE,,400,400.00,14.40,15.40,0.023800,,3304.99-1000,active
KBHC010,"키스바이 로즈마인 프래그런스 핸드크림- 오,프레쉬 허브가든","Kiss by Rosemine Fragrance Hand Cream-Oh, Fresh Herb Garden 30ml","[Kiss by Rosemine] Крем для рук СВЕЖИЙ ТРАВЯНОЙ АРОМАТ Fragrance Hand Cream - Oh, Fresh Herb Garden, 30 мл",8802929006857,ROSEMINE,,400,400.00,14.40,15.40,0.023800,,3304.99-1000,active
KBHC011,"키스바이 로즈마인 프래그런스 핸드크림- 글래머 대즐링","Kiss by rosemine fragrance hand cream 30ml  Glamour Dazzling","[Kiss by Rosemine] Крем для рук ЦВЕТОЧНО-ФРУКТОВЫЙ АРОМАТ ИЛАНГ-ИЛАНГ / ЯБЛОКО Fragrance hand cream - Glamour Dazzling, 30 мл",8802929009674,ROSEMINE,,400,400.00,14.40,15.40,0.023800,,3304.99-1000,active
KBHC012,"키스바이 로즈마인 프래그런스 핸드크림- 글래머 멜로우","Kiss by rosemine fragrance hand cream 30ml  Glamour Mellow","[Kiss by Rosemine] Крем для рук ДРЕВЕСНО-ЦИТРУСОВЫЙ АРОМАТ Fragrance hand cream - Glamour Mellow, 30 мл",8802929009681,ROSEMINE,,400,400.00,14.40,15.40,0.023800,,3304.99-1000,active
KBHC013,"키스바이 로즈마인 프래그런스 핸드크림- 글래머 캔디블룸","Kiss by rosemine fragrance hand cream 30ml  Glamour Candy Bloom","[Kiss by Rosemine] Крем для рук КАРАМЕЛЬНО-ЦВЕТОЧНЫЙ АРОМАТ Fragrance hand cream Glamour Candy Bloom, 30 мл",8802929009698,ROSEMINE,,400,400.00,14.40,15.40,0.023800,,3304.99-1000,active
KBOW001,"키스바이 로즈마인 프래그런스 오일워시 글래머 센슈얼리티","Kiss by Rosemine Fragrance Oil Wash-Glamour Sensuality","[Kiss by Rosemine] Гель для душа ДРЕВЕСНО-МУСКУСНЫЙ АРОМАТ Fragrance Oil Wash - Glamour Sensuality, 300 мл",8802929007311,ROSEMINE,,30,30.00,10.60,11.60,0.021300,,3401.30-0000,active
KBOW002,"키스바이 로즈마인 프래그런스 오일워시 글래머 판타지","Kiss by Rosemine Fragrance Oil Wash-Glamour Fantasy","[Kiss by Rosemine] Гель для душа АРОМАТ СПЕЛЫХ ФРУКТОВ Fragrance Oil Wash - Glamour Fantasy, 300 мл",8802929007328,ROSEMINE,,30,30.00,10.60,11.60,0.021300,,3401.30-0000,active
KBOW003,"키스바이 로즈마인 프래그런스 오일워시 글래머 프레셔스","Kiss by Rosemine Fragrance Oil Wash-Glamour Precious","[Kiss by Rosemine] Гель для душа МАНДАРИН/СЛАДКИЙ ЖАСМИН Fragrance Oil Wash - Glamour Precious, 300 мл",8802929007335,ROSEMINE,,30,30.00,10.60,11.60,0.021300,,3401.30-0000,active
KBOW004,"키스바이 로즈마인 프래그런스 오일워시 오 프레쉬 포에버","Kiss by Rosemine Fragrance Oil Wash-Oh, Fresh Forever","[Kiss by Rosemine] Гель для душа ЦВЕТОЧНЫЙ АРОМАТ ИРИСА Fragrance Oil Wash - Oh, Fresh Forever, 300 мл",8802929007342,ROSEMINE,,30,30.00,10.60,11.60,0.021300,,3401.30-0000,active
KBOW005,"키스바이 로즈마인 프래그런스 오일워시 오 프레쉬 허브가든","Kiss by Rosemine Fragrance Oil Wash-Oh, Fresh Herb Garden","[Kiss by Rosemine] Гель для душа СВЕЖИЙ ТРАВЯНОЙ АРОМАТ Fragrance Oil Wash - Oh, Fresh Herb Garden, 300 мл",8802929007359,ROSEMINE,,30,30.00,10.60,11.60,0.021300,,3401.30-0000,active
NPBC001,"나뚜리아 퓨어 바디워시 750ml_크랜베리 앤 오렌지","NATURIA PURE BODY WASH (Cranberry & Orange)","[NATURIA] Гель для душа КЛЮКВА/АПЕЛЬСИН Pure Body Wash (Cranberry & Orange), 750 мл",8802929996677,NATURIA,,24,24.00,20.40,21.40,0.041620,,3401.30-0000,active
NPBC002,"나뚜리아 퓨어 바디워시 750ml_와일드 민트 앤 라임","NATURIA PURE BODY WASH (Wild Mint & Lime)","[NATURIA] Гель для душа МЯТА/ЛАЙМ Pure Body Wash (Wild Mint & Lime), 750 мл",8802929996684,NATURIA,,24,24.00,20.40,21.40,0.041620,,3401.30-0000,active
NPBC003,"나뚜리아 퓨어 바디워시 750ml_로즈 앤 로즈마리","NATURIA PURE BODY WASH (Rose & Rosemary)","[NATURIA] Гель для душа РОЗА/РОЗМАРИН Pure Body Wash (Rose & Rosemary), 750 мл",8802929996691,NATURIA,,24,24.00,20.40,21.40,0.041620,,3401.30-0000,active
NPBC004,"나뚜리아 퓨어 바디워시 750ml_허니 앤 화이트 릴리","NATURIA PURE BODY WASH (Honey & White Lily)","[NATURIA] Гель для душа МЕД/ЛИЛИЯ Pure Body Wash (Honey & White Lily), 750 мл",8802929996707,NATURIA,,24,24.00,20.40,21.40,0.041620,,3401.30-0000,active
NPBC005,"나뚜리아 크리미 밀크 바디워시 750ml- 밀크미","NATURIA  CREAMY MILK BODY WASH  MILK ME","[NATURIA] Гель для душа МОЛОЧНЫЙ Creamy Milk Body Wash - Milk me, 750 мл",8802929005638,NATURIA,,24,24.00,20.40,21.40,0.041620,,3401.30-0000,active
NPBC006,"나뚜리아 크리미 밀크 바디워시 750ml- 쏘바닐라","NATURIA  CREAMY MILK BODY WASH  SO VANILLA","[NATURIA] Гель для душа ВАНИЛЬ Creamy Milk Body Wash - So vanilla, 750 мл",8802929005645,NATURIA,,24,24.00,20.40,21.40,0.041620,,3401.30-0000,active
NPBC007,"나뚜리아 크리미 밀크 바디워시 750ml- 초코라떼","NATURIA  CREAMY MILK BODY WASH  CHOCO LATTE","[NATURIA] Гель для душа ШОКОЛАД Creamy Milk Body Wash - Choco latte, 750 мл",8802929005652,NATURIA,,24,24.00,20.40,21.40,0.041620,,3401.30-0000,active
NPBC008,"나뚜리아 크리미 밀크 바디워시 750ml- 그린티","NATURIA  CREAMY MILK BODY WASH  GREEN TEA","[NATURIA] Гель для душа ЗЕЛЕНЫЙ ЧАЙ Creamy Milk Body Wash - Green tea, 750 мл",8802929005669,NATURIA,,24,24.00,20.40,21.40,0.041620,,3401.30-0000,active
NPBC009,"나뚜리아 크리미 밀크 바디워시 750ml- 무화과","NATURIA  CREAMY MILK BODY WASH  FIG PULP","[NATURIA] Гель для душа ИНЖИР Creamy Milk Body Wash - Fig Pulp, 750 мл",8802929006413,NATURIA,,24,24.00,20.40,21.40,0.041620,,3401.30-0000,active
NPBCT01,"나뚜리아 퓨어 바디워시 100ml_크랜베리 앤 오렌지","NATURIA PURE BODY WASH 100ml  (Cranberry & Orange)","[NATURIA] Гель для душа КЛЮКВА/АПЕЛЬСИН Pure Body Wash (Cranberry & Orange), 100 мл",8802929004921,NATURIA,,80,,,,,,,active
NPBCT02,"나뚜리아 퓨어 바디워시 100ml_와일드 민트 앤 라임","NATURIA PURE BODY WASH 100ml (Wild Mint & Lime)","[NATURIA] Гель для душа МЯТА/ЛАЙМ Pure Body Wash (Wild Mint & Lime), 100 мл",8802929004938,NATURIA,,80,,,,,,,active
NPBCT03,"나뚜리아 퓨어 바디워시 100ml_로즈 앤 로즈마리","NATURIA PURE BODY WASH 100ml (Rose & Rosemary)","[NATURIA] Гель для душа РОЗА/РОЗМАРИН Pure Body Wash (Rose & Rosemary), 100 мл",8802929004945,NATURIA,,80,,,,,,,active
NPBCT04,"나뚜리아 퓨어 바디워시 100ml_허니 앤 화이트 릴리","NATURIA PURE BODY WASH 100ml (Honey & White Lily)","[NATURIA] Гель для душа МЕД/ЛИЛИЯ Pure Body Wash (Honey & White Lily), 100 мл",8802929004952,NATURIA,,80,,,,,,,active
NPSS001,"나뚜리아  크리미 오일 솔트 스크럽 250g  밀크미","NATURIA  CREAMY OIL SALT SCRUB 250g MILK ME","[NATURIA] Скраб для тела МОЛОЧНЫЙ Creamy Oil Salt Scrub Milk Me, 250 гр",8802929005676,NATURIA,,40,,,,,,,active
NPSS002,"나뚜리아  크리미 오일 솔트 스크럽 250g  쏘바닐라","NATURIA  CREAMY OIL SALT SCRUB 250g SO VANILLA","[NATURIA] Скраб для тела ВАНИЛЬ Creamy Oil Salt Scrub So Vanilla, 250 гр",8802929005683,NATURIA,,40,,,,,,,active
NPSS003,"나뚜리아  크리미 오일 솔트 스크럽 250g  초코라떼","NATURIA  CREAMY OIL SALT SCRUB 250g CHOCO LATTE","[NATURIA] Скраб для тела ШОКОЛАД Creamy Oil Salt Scrub Choco Latte, 250 гр",8802929005690,NATURIA,,40,,,,,,,active
NPSS004,"나뚜리아  크리미 오일 솔트 스크럽 250g  그린티","NATURIA  CREAMY OIL SALT SCRUB 250g GREEN TEA","[NATURIA] Скраб для тела ЗЕЛЕНЫЙ ЧАЙ Creamy Oil Salt Scrub Green Tea, 250 гр",8802929005706,NATURIA,,40,,,,,,,active
NPSS005,"나뚜리아  크리미 오일 솔트 스크럽 250g  무화과","NATURIA  CREAMY OIL SALT SCRUB 250g FIG PULP",,8802929006390,NATURIA,,40,,,,,,,active
PDBC001,"페디슨 데오드 바디클렌저","PEDISON DEO DE Body Cleanser","[Pedison] Гель для душа ЛИМОН/МЯТА Deo De Body Cleanser, 750 мл",8802929000671,PEDISON,,20,20.00,16.50,17.50,0.031100,,3401.30-0000,active
PDBC002,"페디슨 데오드 바디 클렌져 패션 프루츠 750ml","PEDISON DEO DE Body Cleanser Passion Fruits","[Pedison] Гель для душа ФРУКТЫ DEO DE Body Cleanser Passion Fruits, 750 мл",8802929007434,PEDISON,,20,20.00,16.50,17.50,0.031100,,3401.30-0000,active
PDBCT01,"페디슨 데오드 바디클렌저 100ml","PEDISON DEO DE Body Cleanser 100ml","[Pedison] Гель для душа ЛИМОН/МЯТА Deo De Body Cleanser, 100 мл",8802929004907,PEDISON,,80,80.00,,,,,3401.30-0000,active
PDHS001,"페디슨 인스티튜트 보떼 아르간&퍼퓸 헤어세럼 130ml_ 로맨틱","PEDISON INSTITUT BEAUTE ARGAN PERFUME HAIR OIL SERUM 130ml_ROMANTIC","[Pedison] Парфюмированная сыворотка для волос с аргановым маслом INSTITUT BEAUTE ARGAN PERFUME HAIR OIL SERUM_ROMANTIC, 130 мл",8802929883724,PEDISON,,70,70.00,12.20,13.20,0.033660,,3305.90-9000,active
PDHS002,"페디슨 인스티튜트 보떼 아르간&퍼퓸 헤어세럼 130ml_ 소프트","PEDISON INSTITUT BEAUTE ARGAN PERFUME HAIR OIL SERUM 130ml_SOFT","[Pedison] Парфюмированная сыворотка для волос с аргановым маслом INSTITUT BEAUTE ARGAN PERFUME HAIR OIL SERUM, 130 мл",8802929883731,PEDISON,,70,70.00,12.20,13.20,0.033660,,3305.90-9000,active
PDHS003,"페디슨 인스티튜트 보떼 아르간&퍼퓸 헤어세럼 130ml_ 블루밍","PEDISON INSTITUT BEAUTE ARGAN PERFUME HAIR OIL SERUM 130ml_BLOOMING","[Pedison] Парфюмированная сыворотка для волос с аргановым маслом INSTITUT BEAUTE ARGAN PERFUME HAIR OIL SERUM BLOOMING, 130 мл",8802929883748,PEDISON,,70,70.00,12.20,13.20,0.033660,,3305.90-9000,active
PDHS004,"페디슨 인스티튜트 보떼 아르간&퍼퓸 헤어세럼 130ml_ 러브","PEDISON INSTITUT BEAUTE ARGAN PERFUME HAIR OIL SERUM 130ml_LOVE","[Pedison] Парфюмированная сыворотка для волос с аргановым маслом INSTITUT BEAUTE ARGAN PERFUME HAIR OIL SERUM_LOVE, 130 мл",8802929001449,PEDISON,,70,70.00,12.20,13.20,0.033660,,3305.90-9000,active
PDHS005,"페디슨 인스티튜트 보떼 아르간&퍼퓸 헤어세럼 130ml_ 프레쉬","PEDISON INSTITUT BEAUTE ARGAN PERFUME HAIR OIL SERUM 130ml_FRESH","[Pedison] Парфюмированная сыворотка для волос с аргановым маслом INSTITUT BEAUTE ARGAN PERFUME HAIR OIL SERUM_FRESH, 130 мл",8802929001456,PEDISON,,70,70.00,12.20,13.20,0.033660,,3305.90-9000,active
PDIR000,"페디슨 메터니티 퓨어 페미닌 클렌저 200g_밸런스 케어","PEDISON Maternity Pure Feminine Cleanser 200g_Balance Care",,8802929996028,PEDISON,,70,70.00,18.40,19.40,0.037870,,3307.90-9000,active
PDIR002,"페디슨 메터니티 퓨어 페미닌 클렌저 200g_플로랄 자무","PEDISON Maternity Pure Feminine Cleanser 200g_Floral Jamu",,8802929881706,PEDISON,,70,70.00,18.40,19.40,0.037870,,3307.90-9000,active
PDIR004,"페디슨 메터니티 퓨어 페미닌 클렌저 200g_오리엔탈 허브","PEDISON Maternity Pure Feminine Cleanser 200g_Oriental Herb",,8802929882734,PEDISON,,70,70.00,18.40,19.40,0.037870,,3307.90-9000,active
PDIR006,"페디슨 메터니티 퓨어 페미닌 클렌저 200g_알로에&콜라겐","PEDISON Maternity Pure Feminine Cleanser 200g_Aloe & Collagen",,8802929001678,PEDISON,,70,70.00,18.40,19.40,0.037870,,3307.90-9000,active
PDIR008,"페디슨 메터니티 퓨어 페미닌 클렌저 200g_허니 프로폴리스","PEDISON Maternity Pure Feminine Cleanser 200g_Honey Propolis",,8802929001692,PEDISON,,70,70.00,18.40,19.40,0.037870,,3307.90-9000,active
PDIR011,"페디슨 락토 플로라 릴리프 페미닌 클렌저 200g","PEDISON Lacto Flora Relief Feminine Cleanser 200g",,8802929009537,PEDISON,,70,70.00,18.40,19.40,0.037870,,3307.90-9000,active
PDIR012,"페디슨 락토 그린 리프레쉬 페미닌 클렌저 200g","PEDISON Lacto Green Refresh Feminine Cleanser 200g",,8802929009520,PEDISON,,70,70.00,18.40,19.40,0.037870,,3307.90-9000,active
PDRS001,"페디슨 인스티튜트 보떼 한방 뿌리 케어 헤어 컨디셔너(Hair Conditioner) 750 ml","Pedison Institut-beaute Oriental Root Care Conditioner","[Pedison] Кондиционер для волос ТРАВЫ Institut-beaute Oriental Root Care Conditioner, 750 мл",8802929000053,PEDISON,,20,20.00,16.50,17.50,0.031100,,3305.90-1000,active
PDRS003,"페디슨 인스티튜트보떼 프로폴리스 헤어트리트먼트(Propolis LPP treatment) 2L","Pedison Institut-Beaute Propolis LPP Treatment","[Pedison] Маска для волос ПРОПОЛИС Institut-Beaute Propolis LPP Treatment, 2000 мл",8802929001654,PEDISON,,6,6.00,13.00,14.00,0.027800,,3305.90-1000,active
PDRS004,"페디슨 인스티튜트 보떼 망고 리치 단백질 헤어 트리트먼트 2L","PEDISON Institut-Beaute Mango Rich LPP Treatment","[Pedison] Маска для волос МАНГО Institut-Beaute Mango Rich LPP Treatment, 2000 мл",8802929002187,PEDISON,,6,6.00,13.00,14.00,0.027800,,3305.90-1000,active
PDRS006,"페디슨 인스티튜트 보떼 아로니아 컬러 프로텍션 헤어 트리트먼트 2L","PEDISON Institute-beaut Aronia Color Protection Treatment","[Pedison] Маска для волос АРОНИЯ Institute-beaut Aronia Color Protection Treatment, 2000 мл",8802929002842,PEDISON,,6,6.00,13.00,14.00,0.027800,,3305.90-1000,active
PDRSM03,"페디슨 인스티튜트보떼 프로폴리스 헤어트리트먼트(Propolis LPP treatment) 500ml","Pedison Institut-Beaute Propolis LPP Treatment 500ml","[Pedison] Маска для волос ПРОПОЛИС Institut-Beaute Propolis LPP Treatment, 500 мл",8802929004563,PEDISON,,20,20.00,11.00,12.00,0.028310,,3305.90-1000,active
PDRSM04,"페디슨 인스티튜트 보떼 망고 리치 단백질 헤어 트리트먼트 500ml","PEDISON Institut-Beaute Mango Rich LPP Treatment 500ml","[Pedison] Маска для волос МАНГО Institut-Beaute Mango Rich LPP Treatment, 500 мл",8802929004754,PEDISON,,20,20.00,11.00,12.00,0.028310,,3305.90-1000,active
PDRSM06,"페디슨 인스티튜트 보떼 아로니아 컬러 프로텍션 헤어 트리트먼트 500ml","PEDISON Institute-beaut Aronia Color Protection Treatment 500ml","[Pedison] Маска для волос АРОНИЯ Institute-beaut Aronia Color Protection Treatment, 500 мл",8802929004815,PEDISON,,20,20.00,11.00,12.00,0.028310,,3305.90-1000,active
PDRST03,"페디슨 인스티튜트보떼 프로폴리스 헤어트리트먼트 100ml","Pedison Institut-Beaute Propolis LPP Treatment 100ml","[Pedison] Маска для волос ПРОПОЛИС Institut-Beaute Propolis LPP Treatment, 100 мл",8802929004808,PEDISON,,80,80.00,9.50,10.50,0.035900,,3305.90-1000,active
PDRST04,"페디슨 인스티튜트 보떼 망고 리치 단백질 헤어 트리트먼트 100ml","PEDISON Institut-Beaute Mango Rich LPP Treatment 100ml","[Pedison] Маска для волос МАНГО Institut-Beaute Mango Rich LPP Treatment, 100 мл",8802929004884,PEDISON,,80,80.00,9.50,10.50,0.035900,,3305.90-1000,active
PDRST06,"페디슨 인스티튜트 보떼 아로니아 컬러 프로텍션 헤어 트리트먼트 100ml","PEDISON Institute-beaut Aronia Color Protection Treatment 100ml","[Pedison] Маска для волос АРОНИЯ Institute-beaut Aronia Color Protection Treatment, 100 мл",8802929004877,PEDISON,,80,80.00,9.50,10.50,0.035900,,3305.90-1000,active
PDSP003,"페디슨 인스티튜트 보떼 한방 뿌리 케어 헤어샴푸(Hair Shampoo) 750 ml","Pedison Institut-beaute Oriental Root Care Shampoo","[Pedison] Шампунь для волос ТРАВЫ Institut-beaute Oriental Root Care Shampoo, 750 мл",8802929000046,PEDISON,,20,20.00,16.80,17.80,0.031100,,3305.10-0000,active
PDSP005,"페디슨 인스티튜트보떼 프로폴리스 헤어샴푸(Propolis LPP shampoo) 2L","Pedison Institut-Beaute Propolis Protein Shampoo","[Pedison] Шампунь для волос ПРОПОЛИС Institut-Beaute Propolis Protein Shampoo, 2000 мл",8802929001647,PEDISON,,6,6.00,13.00,14.00,0.027800,,3305.10-0000,active
PDSP006,"페디슨 인스티튜트 보떼 망고 리치 단백질 헤어 샴푸 2L","PEDISON Institute-Beaute Mango Rich Protein Hair Shampoo","[Pedison] Шампунь для волос МАНГО Institute-Beaute Mango Rich Protein Hair Shampoo, 2000 мл",8802929002170,PEDISON,,6,6.00,13.00,14.00,0.027800,,3305.10-0000,active
PDSP009,"페디슨 인스티튜트 보떼 아로니아 컬러 프로텍션 헤어 샴푸 2L","PEDISON Institute-beaut Aronia Color Protection Shampoo","[Pedison] Шампунь для волос АРОНИЯ Institute-beaut Aronia Color Protection Shampoo, 2000 мл",8802929002835,PEDISON,,6,6.00,13.00,14.00,0.027800,,3305.10-0000,active
PDSPM05,"페디슨 인스티튜트보떼 프로폴리스 헤어샴푸(Propolis LPP shampoo) 500ml","Pedison Institut-Beaute Propolis Protein Shampoo 500ml","[Pedison] Шампунь для волос ПРОПОЛИС Institut-Beaute Propolis Protein Shampoo, 500 мл",8802929004556,PEDISON,,20,20.00,11.00,12.00,0.028310,,3305.10-0000,active
PDSPM06,"페디슨 인스티튜트 보떼 망고 리치 단백질 헤어 샴푸 500ml","PEDISON Institute-Beaute Mango Rich Protein Hair Shampoo 500ml","[Pedison] Шампунь для волос МАНГО Institute-Beaute Mango Rich Protein Hair Shampoo, 500 мл",8802929004747,PEDISON,,20,20.00,11.00,12.00,0.028310,,3305.10-0000,active
PDSPM09,"페디슨 인스티튜트 보떼 아로니아 컬러 프로텍션 헤어 샴푸 500ml","PEDISON Institute-beaut Aronia Color Protection Shampoo 500ml","[Pedison] Шампунь для волос АРОНИЯ Institute-beaute Aronia Color Protection Shampoo, 500 мл",8802929004761,PEDISON,,20,20.00,11.00,12.00,0.028310,,3305.10-0000,active
PDSPT05,"페디슨 인스티튜트보떼 프로폴리스 헤어샴푸 100ml","Pedison Institut-Beaute Propolis Protein Shampoo 100ml","[Pedison] Шампунь для волос ПРОПОЛИС Institut-Beaute Propolis Protein Shampoo, 100 мл",8802929004792,PEDISON,,80,80.00,9.50,10.50,0.035900,,3305.10-0000,active
PDSPT06,"페디슨 인스티튜트 보떼 망고 리치 단백질 헤어 샴푸 100ml","PEDISON Institute-Beaute Mango Rich Protein Hair Shampoo 100ml","[Pedison] Шампунь для волос МАНГО Institute-Beaute Mango Rich Protein Hair Shampoo, 100 мл",8802929004853,PEDISON,,80,80.00,9.50,10.50,0.035900,,3305.10-0000,active
PDSPT09,"페디슨 인스티튜트 보떼 아로니아 컬러 프로텍션 헤어 샴푸 100ml","PEDISON Institute-beaut Aronia Color Protection Shampoo 100ml","[Pedison] Шампунь для волос АРОНИЯ Institute-beaute Aronia Color Protection Shampoo, 100 мл",8802929004839,PEDISON,,80,80.00,9.50,10.50,0.035900,,3305.10-0000,active
PTBC002,"위드미 판테스틱 더마 아크네 클렌져 500ml","WITHME Panthestic Derma Acne Cleanser",,8802929003559,PANTHESTIC,,30,30.00,16.90,17.90,0.034320,,3401.30-0000,active
PTBL001,"위드미 판테스틱 더마 시카 AC로션 500ml","WITHME Panthestic Derma Cica AC Lotion",,8802929007991,PANTHESTIC,,28,,,,,,,active
PTEF001,"판테스틱 원더필 하이드라 뮤신 이펙터 35ml","PANTHESTIC WONDERFILL HYDRA MUCIN EFFECTOR 35ml",,8802929006239,PANTHESTIC,,72,,,,,,,active
PTEF002,"판테스틱 원더필 써마필 이펙터 35ml","PANTHESTIC WONDERFILL THERMAPILL EFFECTOR 35ml",,8802929006253,PANTHESTIC,,72,,,,,,,active
PTEF003,"판테스틱 원더필 클리어링 이펙터 35ml","PANTHESTIC WONDERFILL CLEARING EFFECTOR 35ml",,8802929006246,PANTHESTIC,,72,,,,,,,active
PTFC001,"판테스틱 더마 시카 아크네 클렌징 폼 140ml","PANTHESTIC DERMA CICA ACNE CLEANSING FOAM",,8802929005959,PANTHESTIC,,56,56.00,9.00,10.00,0.033660,,3401.30-0000,active
PTPW001,"판테스틱 더마 시카 파우더 7g","PANTHESTIC DERMA CICA POWDER",,8802929005911,PANTHESTIC,,187,,,,,,,active
PTPW002,"판테스틱 더마 비타 파우더 7g","PANTHESTIC DERMA VITA POWDER",,8802929005928,PANTHESTIC,,187,,,,,,,active
PVMBA0010,"밸르모나 얼쓰 리페어 본딩 앰플 15ml","VALMONA Earth Repair Bonding Ampoule 15ml","[VALMONA] Сыворотка для волос ВОССТАНОВЛЕНИЕ Earth Repair Bonding Ampoule, 15 мл",8802929006109,VALMONA,,100,,,,,,,active
PVMSS0010,"밸르모나 얼쓰 테라피 스칼프 스켈러 15ml","VALMONA Earth Therapy Scalp Scaler 15ml","[VALMONA] Сыворотка для кожи головы ОЧИЩАЮЩАЯ Earth Therapy Scalp Scaler, 15 мл",8802929006093,VALMONA,,600,,,,,,,active
RABD2T1,"로즈마인 아로마 리 고요 바디 세트 (2종) [워시300ml+로션300ml]","Rosemine Aroma Re: Goyo Body Set",,8802929010564,ROSEMINE,,14,14.00,10.90,11.90,0.033660,,3304.99-1000,active
RMHC001,"로즈마인 퍼퓸드 핸드크림 가든 로즈","Rosemine Perfumed Hand Cream - Garden Rose",,8802929997438,ROSEMINE,,240,240.00,16.80,17.80,0.040390,,3304.99-1000,active
RMHC002,"로즈마인 퍼퓸드 핸드크림 패션 프룻","Rosemine Perfumed Hand Cream - Passion Fruits",,8802929997445,ROSEMINE,,240,240.00,16.80,17.80,0.040390,,3304.99-1000,active
RMHC003,"로즈마인 퍼퓸드 핸드크림 쁘띠 베이비","Rosemine Perfumed Hand Cream - Petit Baby",,8802929997452,ROSEMINE,,240,240.00,16.80,17.80,0.040390,,3304.99-1000,active
RMHC007,"로즈마인 퍼퓸드 핸드크림 헤스페리데스","Rosemine Perfumed Hand Cream - Hesperides",,8802929999203,ROSEMINE,,240,240.00,16.80,17.80,0.040390,,3304.99-1000,active
RMHC008,"로즈마인 퍼퓸드 핸드크림 나나즈 릴리","Rosemine Perfumed Hand Cream - Nana's Lily",,8802929999210,ROSEMINE,,240,240.00,16.80,17.80,0.040390,,3304.99-1000,active
RMHC015,"로즈마인 퍼퓸드 핸드크림- 모링가","Rosemine Perfumed Hand Cream - Moringa",,8802929883151,ROSEMINE,,240,240.00,16.80,17.80,0.040390,,3304.99-1000,active
RMHC016,"로즈마인 퍼퓸드 핸드크림- 머스크앤머스크2","Rosemine Perfumed Hand Cream - Musk & Musk Ⅱ",,8802929883168,ROSEMINE,,240,240.00,16.80,17.80,0.040390,,3304.99-1000,active
RMHC017,"로즈마인 퍼퓸드 핸드크림- 클래식","Rosemine Perfumed Hand Cream - Classic",,8802929883175,ROSEMINE,,240,240.00,16.80,17.80,0.040390,,3304.99-1000,active
RMHC018,"로즈마인 퍼퓸드 핸드크림- 오, 프레쉬","Rosemine Perfumed Hand Cream - Oh, Fresh",,8802929883182,ROSEMINE,,240,240.00,16.80,17.80,0.040390,,3304.99-1000,active
RMHC019,"로즈마인 퍼퓸드 핸드크림- 라비에","Rosemine Perfumed Hand Cream - Lavie",,8802929883199,ROSEMINE,,240,240.00,16.80,17.80,0.040390,,3304.99-1000,active
VMBA001,"밸르모나 얼쓰 리페어 본딩 앰플 15ml * 6ea","VALMONA Earth Repair Bonding Ampoule 15ml * 6ea","[VALMONA] НАБОР Сыворотка для волос ВОССТАНОВЛЕНИЕ Earth Repair Bonding Ampoule, 6 шт * 15 мл",8802929006109,VALMONA,,30,,,,,,,active
VMCP001,"밸르모나 얼쓰 리페어 본딩 컴파운드 40ml","VALMONA Earth Repair Bonding Compound 40ml","[VALMONA] Маска для волос Earth Repair Bonding Compound, 40 мл",8802929006123,VALMONA,,110,,,,,,,active
VMOL001,"밸르모나 얼쓰 리페어 본딩 오일 30ml","VALMONA EARTH REPAIR BONDING OIL 30ml","[VALMONA] Масло для волос ВОССТАНОВЛЕНИЕ Earth Repair Bonding Oil, 30 мл",8802929006284,VALMONA,,96,,,,,,,active
VMRS004,"밸르모나 아유르베딕 두피 솔루션 블랙 커민 컨디셔너 480ml","VALMONA Ayurvedic Repair Solution Black Cumin Nutrient Conditioner","[VALMONA] Кондиционер для волос АЮРВЕДА Ayurvedic Repair Solution Black Cumin Nutrient Conditioner, 480 мл",8802929002941,VALMONA,,20,20.00,11.00,12.00,0.023800,,3305.90-1000,active
VMRS005,"밸르모나 서리태 컨디셔너","VALMONA Powerful Solution Black Peony Seoritae Nutrient Conditioner","[VALMONA] Кондиционер ЧЕРНЫЙ ПИОН/БОБЫ Black Peony Seoritae Nutrient Conditioner, 480 мл",8802929003795,VALMONA,,20,20.00,11.00,12.00,0.023800,,3305.90-1000,active
VMRS007,"밸르모나 비듬 두피 솔루션 슈가벨벳 컨디셔너","VALMONA Sugar Velvet Milk Nutrient Conditioner","[VALMONA] Кондиционер ЯГОДЫ Sugar Velvet Milk Nutrient Conditioner, 480 мл",8802929003924,VALMONA,,20,20.00,11.00,12.00,0.023800,,3305.90-1000,active
VMRS008,"밸르모나 요크마요 영양팩 480ml","VALMONA Yolk Mayo Nutrient Conditioner","[VALMONA] Кондиционер для волос ПИТАНИЕ Nourishing Solution Yolk-Mayo Nutrient Conditioner, 480 мл",8802929004464,VALMONA,,20,20.00,11.00,12.00,0.023800,,3305.90-1000,active
VMRS009,"밸르모나 블루클리닉 컨디셔너 480ml","VALMONA Blue Clinic Nutrient Conditioner","[VALMONA] Кондиционер для волос УВЛАЖНЕНИЕ Recharge Solution Blue Clinic Nutrient Conditioner,480 мл",8802929004433,VALMONA,,20,20.00,11.00,12.00,0.023800,,3305.90-1000,active
VMRSM04,"밸르모나 아유르베딕 두피 솔루션 블랙 커민 컨디셔너 100ml","VALMONA Ayurvedic Repair Solution Black Cumin Nutrient Conditioner 100ml","[VALMONA] Кондиционер для волос АЮРВЕДА Ayurvedic Repair Solution Black Cumin Nutrient Conditioner, 100 мл",8802929004372,VALMONA,,80,80.00,9.50,10.50,0.035900,,3305.90-1000,active
VMRSM05,"밸르모나 서리태 컨디셔너 100ml","VALMONA Powerful Solution Black Peony Seoritae Nutrient Conditioner 100ml","[VALMONA] Кондиционер ЧЕРНЫЙ ПИОН/БОБЫ Black Peony Seoritae Nutrient Conditioner, 480 мл",8802929004334,VALMONA,,80,80.00,9.50,10.50,0.035900,,3305.90-1000,active
VMRSM07,"밸르모나 비듬 두피 솔루션 슈가벨벳 컨디셔너 100ml","VALMONA Sugar Velvet Milk Nutrient Conditioner 100ml","[VALMONA] Кондиционер ЯГОДЫ Sugar Velvet Milk Nutrient Conditioner,100 мл",8802929004358,VALMONA,,80,80.00,9.50,10.50,0.035900,,3305.90-1000,active
VMRSM08,"밸르모나 요크마요 영양팩 100ml","VALMONA Yolk Mayo Nutrient Conditioner 100ml","[VALMONA] Кондиционер для волос ПИТАНИЕ Nourishing Solution Yolk-Mayo Nutrient Conditioner, 100 мл",8802929004518,VALMONA,,80,80.00,9.50,10.50,0.035900,,3305.90-1000,active
VMRSM09,"밸르모나 블루클리닉 컨디셔너 100ml","VALMONA Blue Clinic Nutrient Conditioner 100ml","[VALMONA] Кондиционер для волос УВЛАЖНЕНИЕ Recharge Solution Blue Clinic Nutrient Conditioner,100 мл",8802929004501,VALMONA,,80,80.00,9.50,10.50,0.035900,,3305.90-1000,active
VMRSP04,"밸르모나 아유르베딕 두피 솔루션 블랙 커민 컨디셔너 파우치 10ml","Valmona Ayurvedic Scalp Solution Black Cumin Nutrient Conditioner POUCH 10ml",,"(파우치)8802929005096
 (단상자)8802929005201",VALMONA,,500,,,,,,,active
VMRSP05,"밸르모나 서리태 컨디셔너 파우치 10ml","VALMONA Powerful Solution Black Peony Seoritae Nutrient Conditioner  POUCH 10ml",,"(파우치)8802929005058
 (단상자)8802929005164",VALMONA,,500,,,,,,,active
VMRSP07,"밸르모나 비듬 두피 솔루션 슈가벨벳 컨디셔너 
 파우치 10ml","VALMONA Sugar Velvet Milk Conditioner  POUCH 10ml",,"(파우치)8802929005102
 (단상자)8802929005188",VALMONA,,500,,,,,,,active
VMRSP08,"밸르모나 요크마요 영양팩 파우치 10ml","VALMONA Yolk Mayo Nutrient Conditioner POUCH 10ml",,"(파우치)8802929005140
 (단상자)8802929005249",VALMONA,,500,,,,,,,active
VMRSP09,"밸르모나 블루클리닉 컨디셔너 파우치 10ml","VALMONA Blue Clinic Nutrient Conditioner POUCH 10ml",,"(파우치)8802929005126
 (단상자)8802929005225",VALMONA,,500,,,,,,,active
VMSF001,"밸르모나 얼쓰 테라피 스칼프 퓨리파이어 25ml","VALMONA Earth Therapy Scalp Purifier 25ml","[VALMONA] Сыворотка для кожи головы УСПОКАИВАЮЩАЯ Earth Therapy Scalp Purifier, 25 мл",8802929006062,VALMONA,,100,,,,,,,active
VMSF3T1,"밸르모나 얼쓰 테라피 스칼프 퓨리파이어 25ml * 3ea","VALMONA Earth Therapy Scalp Purifier 25ml * 3ea","[VALMONA] НАБОР Сыворотка для кожи головы УСПОКАИВАЮЩАЯ Earth Therapy Scalp Purifier, 3 шт * 25 мл",8802929006079,VALMONA,,100,,,,,,,active
VMSP004,"밸르모나 아유르베딕 두피 솔루션 블랙 커민 샴푸액 (Black Cumin Shampoo) 480ml","Valmona Ayurvedic Scalp Solution Black Cumin Shampoo","[VALMONA] Шампунь для волос АЮРВЕДА Ayurvedic Scalp Solution Black Cumin Shampoo, 480 мл",8802929883205,VALMONA,,20,20.00,11.00,12.00,0.023800,,3305.10-0000,active
VMSP005,"밸르모나 서리태 샴푸","VALMONA Powerful Solution Black Peony Seoritae Shampoo","[VALMONA] Шампунь для волос ЧЕРНЫЙ ПИОН/БОБЫ Powerful Solution Black Peony Seoritae Shampoo, 480 мл",8802929003788,VALMONA,,20,20.00,11.00,12.00,0.023800,,3305.10-0000,active
VMSP006,"밸르모나 진생 헤리티지 고삼 샴푸 300ml","VALMONA Ginseng Heritage Gosam Shampoo","[VALMONA] Шампунь для волос ЗАЩИТА / УКРЕПЛЕНИЕ Ginseng Heritage Gosam Shampoo, 300 мл",8802929007427,VALMONA,,30,30.00,10.30,11.30,0.021840,,3305.10-0000,active
VMSP007,"밸르모나 비듬 두피 솔루션 슈가벨벳 샴푸","VALMONA Sugar Velvet Milk Shampoo","[VALMONA] Шампунь для волос ЯГОДЫ Sugar Velvet Milk Shampoo, 480 мл",8802929003931,VALMONA,,20,20.00,11.00,12.00,0.023800,,3305.10-0000,active
VMSP008,"밸르모나 요크마요 샴푸 480ml","VALMONA Yolk Mayo Shampoo","[VALMONA] Шампунь для волос ПИТАНИЕ Nourishing Solution Yolk-Mayo Shampoo, 480 мл",8802929004440,VALMONA,,20,20.00,11.00,12.00,0.023800,,3305.10-0000,active
VMSP009,"밸르모나 블루클리닉 샴푸 480ml","VALMONA Blue Clinic Shampoo","[VALMONA] Шампунь для волос УВЛАЖНЕНИЕ Recharge Solution Blue Clinic Shampoo, 480 мл",8802929004457,VALMONA,,20,20.00,11.00,12.00,0.023800,,3305.10-0000,active
VMSP013,"밸르모나 얼쓰 바이탈 샴푸 500ml","VALMONA Earth Vital Shampoo 500ml","[VALMONA] Earth Vital Shampoo 500ml",8802929009414,VALMONA,,30,20.00,11.00,12.00,0.030360,,3305.10-0000,active
VMSPM07,"밸르모나 비듬 두피 솔루션 슈가벨벳 샴푸 100ml","VALMONA Sugar Velvet Milk Shampoo 100ml","[VALMONA] Шампунь для волос ЯГОДЫ Sugar Velvet Milk Shampoo, 100 мл",8802929004341,VALMONA,,80,80.00,9.50,10.50,0.035900,,3305.10-0000,active
VMSPM08,"밸르모나 요크마요 샴푸 100ml","VALMONA Yolk Mayo Shampoo 100ml","[VALMONA] Шампунь для волос ПИТАНИЕ Nourishing Solution Yolk-Mayo Shampoo, 100 мл",8802929004495,VALMONA,,80,80.00,9.50,10.50,0.035900,,3305.10-0000,active
VMSPM09,"밸르모나 블루클리닉 샴푸 100ml","VALMONA Blue Clinic Shampoo 100ml","[VALMONA] Шампунь для волос УВЛАЖНЕНИЕ Recharge Solution Blue Clinic Shampoo, 100 мл",8802929004488,VALMONA,,80,80.00,9.50,10.50,0.035900,,3305.10-0000,active
VMSPMR4,"밸르모나 아유르베딕 두피 솔루션 블랙 커민 샴푸액 (Black Cumin Shampoo) 100ml","Valmona Ayurvedic Scalp Solution Black Cumin Shampoo 100ml","[VALMONA] Шампунь для волос АЮРВЕДА Ayurvedic Scalp Solution Black Cumin Shampoo, 100 мл",8802929004365,VALMONA,,80,80.00,9.50,10.50,0.035900,,3305.10-0000,active
VMSPMR5,"밸르모나 서리태 샴푸 100ml","VALMONA Powerful Solution Black Peony Seoritae Shampoo 100ml","[VALMONA] Шампунь для волос ЧЕРНЫЙ ПИОН/БОБЫ Powerful Solution Black Peony Seoritae Shampoo, 100 мл",8802929004327,VALMONA,,80,80.00,9.50,10.50,0.035900,,3305.10-0000,active
VMSPP04,"밸르모나 아유르베딕 두피 솔루션 블랙 커민 샴푸 파우치 10ml","Valmona Ayurvedic Scalp Solution Black Cumin Shampoo  POUCH 10ml",,"(파우치)8802929005089
 (단상자)8802929005195",VALMONA,,500,,,,,,,active
VMSPP05,"밸르모나 서리태 샴푸 파우치 10ml","VALMONA Powerful Solution Black Peony Seoritae Shampoo  POUCH 10ml",,"(파우치)8802929005041
 (단상자)8802929005157",VALMONA,,500,,,,,,,active
VMSPP07,"밸르모나 비듬 두피 솔루션 슈가벨벳 샴푸 파우치 10ml","VALMONA Sugar Velvet Milk Shampoo  POUCH 10ml",,"(파우치)8802929005065
 (단상자)8802929005171",VALMONA,,500,,,,,,,active
VMSPP08,"밸르모나 요크마요 샴푸 파우치 10ml","VALMONA Yolk Mayo Shampoo POUCH 10ml",,"(파우치)8802929005133
 (단상자)8802929005232",VALMONA,,500,,,,,,,active
VMSPP09,"밸르모나 블루클리닉 샴푸 파우치 10ml","VALMONA Blue Clinic Shampoo POUCH 10ml",,"(파우치)8802929005119
 (단상자)8802929005218",VALMONA,,500,,,,,,,active
VMSS001,"밸르모나 얼쓰 테라피 스칼프 스켈러 15ml * 6ea","VALMONA Earth Therapy Scalp Scaler 15ml * 6ea","[VALMONA] НАБОР Сыворотка для кожи головы ОЧИЩАЮЩАЯ Earth Therapy Scalp Scaler, 6 шт * 15 мл",8802929006093,VALMONA,,30,,,,,,,active
WMCR004,"위드미 판테스틱 더마 시카 크림 100ml","WITHME Panthestic Derma Cica Cream",,8802929003429,PANTHESTIC,,60,,,,,,,active
WMPK001,"위드미 어썸 블랙 포어 클리어팩 30g","WITHME Awesome Black Pore Clear Pack",,8802929002422,WITHME,,168,,,,,,,active
WMTN001,"위드미 스노우 화이트닝 포어 토너 500ml","WITHME Snow Whitening Pore Toner",,8802929003023,WITHME,,24,,,,,,,active