Product Code,Product Name,Brand,Folder Name
KSAM001,까마 옴므 아쿠아 바이오 모이스처라이저,까마,까마 옴므 아쿠아 바이오 스킨케어 세트
KSAMM01,까마 옴므 아쿠아 바이오 모이스처라이저 (미니),까마,까마 옴므 아쿠아 바이오 스킨케어 세트
KSXX2T1,까마 옴므 아쿠아 바이오 스킨케어 세트,까마,까마 옴므 아쿠아 바이오 스킨케어 세트
KSAT001,까마 옴므 아쿠아 바이오 토너,까마,까마 옴므 아쿠아 바이오 스킨케어 세트
KSATM01,까마 옴므 아쿠아 바이오 토너 (미니),까마,까마 옴므 아쿠아 바이오 스킨케어 세트
RRHW002,로에랑스 블루밍 버블 핸드워시- 문라이트,로에랑스,로에랑스 블루밍 버블 핸드워시
RRHW003,로에랑스 블루밍 버블 핸드워시- 퓨어솝,로에랑스,로에랑스 블루밍 버블 핸드워시
RRHW001,로에랑스 블루밍 버블 핸드워시- 화이트머스크,로에랑스,로에랑스 블루밍 버블 핸드워시
RRHWR02,로에랑스 블루밍 퍼퓸 버블 핸드워시- 문라이트 (리필용),로에랑스,로에랑스 블루밍 버블 핸드워시
RRHWR03,로에랑스 블루밍 퍼퓸 버블 핸드워시- 퓨어솝 (리필용),로에랑스,로에랑스 블루밍 버블 핸드워시
RRHWR01,로에랑스 블루밍 퍼퓸 버블 핸드워시- 화이트 머스크 (리필용),로에랑스,로에랑스 블루밍 버블 핸드워시
RRBL001,로에랑스 블리스 마이 바디 퍼퓸 로션- 문라이트,로에랑스,로에랑스 블리스 마이 바디 퍼퓸 로션
RRBL002,로에랑스 블리스 마이 바디 퍼퓸 로션- 체리블러썸,로에랑스,로에랑스 블리스 마이 바디 퍼퓸 로션
RRBM004,로에랑스 블리스 마이바디 퍼퓸미스트- 문라이트,로에랑스,로에랑스 블리스 마이바디 퍼퓸미스트
RRBM013,로에랑스 블리스 마이바디 퍼퓸미스트- 브리즈 250ML,로에랑스,로에랑스 블리스 마이바디 퍼퓸미스트
RRBM010,로에랑스 블리스 마이바디 퍼퓸미스트- 블루밍,로에랑스,로에랑스 블리스 마이바디 퍼퓸미스트
RRBM011,로에랑스 블리스 마이바디 퍼퓸미스트- 엔디어링,로에랑스,로에랑스 블리스 마이바디 퍼퓸미스트
RRBM012,로에랑스 블리스 마이바디 퍼퓸미스트- 체리블러썸,로에랑스,로에랑스 블리스 마이바디 퍼퓸미스트
RRBM006,로에랑스 블리스 마이바디 퍼퓸미스트- 퓨어솝,로에랑스,로에랑스 블리스 마이바디 퍼퓸미스트
RRBM002,로에랑스 블리스 마이바디 퍼퓸미스트- 해피데이,로에랑스,로에랑스 블리스 마이바디 퍼퓸미스트
RRBM001,로에랑스 블리스 마이바디 퍼퓸미스트- 화이트머스크,로에랑스,로에랑스 블리스 마이바디 퍼퓸미스트
RRPM003,로에랑스 퍼퓸 미스트- 나이브,로에랑스,
RRPM001,로에랑스 퍼퓸 미스트- 듀,로에랑스,
RRPM002,로에랑스 퍼퓸 미스트- 레인,로에랑스,
RMOP000,로즈마인 5 오데퍼퓸,로즈마인,로즈마인 5 오데퍼퓸
RLBL001,로즈마인 라파밀리에 바디 모이스처 - 로즈마인5,로즈마인,
RLBL002,로즈마인 라파밀리에 바디 모이스처 - 플로랄파우더,로즈마인,
RLBC001,로즈마인 라파밀리에 바디워시- 로즈마인5,로즈마인,
RLBC003,로즈마인 라파밀리에 바디워시- 보타닉가든,로즈마인,
RLBC002,로즈마인 라파밀리에 바디워시- 플로랄파우더,로즈마인,
RMXX4T1,로즈마인 스팀 소프트 바디 기프트 세트 (4종),로즈마인,로즈마인 스팀 소프트 바디 4종 세트
RMBL000,로즈마인 스팀 소프트 바디로션 - 가든로즈,로즈마인,로즈마인 스팀 소프트 바디 4종 세트
RMBL013,로즈마인 스팀 소프트 바디로션 - 글래밍비쥬,로즈마인,로즈마인 스팀 소프트 바디 4종 세트
RMSG001,로즈마인 스팀 소프트 샤워젤 - 가든로즈,로즈마인,로즈마인 스팀 소프트 바디 4종 세트
RMSG002,로즈마인 스팀 소프트 샤워젤 - 밀크코튼,로즈마인,로즈마인 스팀 소프트 바디 4종 세트
RMSG004,로즈마인 스팀 소프트 샤워젤 - 쁘띠베이비,로즈마인,로즈마인 스팀 소프트 바디 4종 세트
RMHC000,로즈마인 스팀 소프트 핸드크림 - 가든로즈,로즈마인,로즈마인 스팀 소프트 바디 4종 세트
RABD2T1,로즈마인 아로마 리 고요 바디 세트 (2종),로즈마인,로즈마인 아로마 리 고요 바디 2종 선물세트
RABL004,로즈마인 아로마 리 고요 바디로션,로즈마인,로즈마인 아로마 리 고요 바디 2종 선물세트
RABC004,로즈마인 아로마 리 고요 바디워시,로즈마인,로즈마인 아로마 리 고요 바디 2종 선물세트
RMBL015,로즈마인 퍼퓸드 바디로션 - 가든로즈,로즈마인,로즈마인 퍼퓸드 바디
RMBL016,로즈마인 퍼퓸드 바디로션 - 러브센세이션,로즈마인,로즈마인 퍼퓸드 바디
RMBL007,로즈마인 퍼퓸드 바디로션 - 메이비,로즈마인,로즈마인 퍼퓸드 바디
RMBL014,로즈마인 퍼퓸드 바디로션 - 모링가,로즈마인,로즈마인 퍼퓸드 바디
RMBL006,로즈마인 퍼퓸드 바디로션 - 블레싱 블러썸,로즈마인,로즈마인 퍼퓸드 바디
RMBL017,로즈마인 퍼퓸드 바디로션 - 클래식,로즈마인,로즈마인 퍼퓸드 바디
RMBL005,로즈마인 퍼퓸드 바디로션 - 프레쉬 그린티,로즈마인,로즈마인 퍼퓸드 바디
RMBL003,로즈마인 퍼퓸드 바디로션 글래밍 비쥬,로즈마인,로즈마인 퍼퓸드 바디
RMBL004,로즈마인 퍼퓸드 바디로션 머스크 앤 머스크,로즈마인,로즈마인 퍼퓸드 바디
RMBL002,로즈마인 퍼퓸드 바디로션 쁘띠 베이비,로즈마인,로즈마인 퍼퓸드 바디
RMBL001,로즈마인 퍼퓸드 바디로션 플로랄 어도르,로즈마인,로즈마인 퍼퓸드 바디
RMBL023,로즈마인 퍼퓸드 바디로션- 골든플라워,로즈마인,로즈마인 퍼퓸드 바디
RMBL021,로즈마인 퍼퓸드 바디로션- 퍼플글로우,로즈마인,로즈마인 퍼퓸드 바디
RPBC015,로즈마인 퍼퓸드 바디워시 - 가든로즈,로즈마인,로즈마인 퍼퓸드 바디
RPBC003,로즈마인 퍼퓸드 바디워시 - 글래밍 비쥬,로즈마인,로즈마인 퍼퓸드 바디
RPBC016,로즈마인 퍼퓸드 바디워시 - 러브센세이션,로즈마인,로즈마인 퍼퓸드 바디
RPBC004,로즈마인 퍼퓸드 바디워시 - 머스크 앤 머스크,로즈마인,로즈마인 퍼퓸드 바디
RPBC007,로즈마인 퍼퓸드 바디워시 - 메이비,로즈마인,로즈마인 퍼퓸드 바디
RPBC008,로즈마인 퍼퓸드 바디워시 - 모링가,로즈마인,로즈마인 퍼퓸드 바디
RPBC006,로즈마인 퍼퓸드 바디워시 - 블레싱 블러썸,로즈마인,로즈마인 퍼퓸드 바디
RPBC002,로즈마인 퍼퓸드 바디워시 - 쁘띠 베이비,로즈마인,로즈마인 퍼퓸드 바디
RPBC017,로즈마인 퍼퓸드 바디워시 - 클래식,로즈마인,로즈마인 퍼퓸드 바디
RPBC005,로즈마인 퍼퓸드 바디워시 - 프레쉬 그린티,로즈마인,로즈마인 퍼퓸드 바디
RPBC001,로즈마인 퍼퓸드 바디워시 - 플로랄 어도르,로즈마인,로즈마인 퍼퓸드 바디
RMHC05T,로즈마인 퍼퓸드 핸드크림 5종 세트,로즈마인,
RMHC001,로즈마인 퍼퓸드 핸드크림 가든 로즈,로즈마인,로즈마인 퍼퓸드 핸드크림
RMHC009,로즈마인 퍼퓸드 핸드크림 글래밍 비쥬,로즈마인,로즈마인 퍼퓸드 핸드크림
RMHC008,로즈마인 퍼퓸드 핸드크림 나나즈 릴리,로즈마인,로즈마인 퍼퓸드 핸드크림
RMHC010,로즈마인 퍼퓸드 핸드크림 머스크 앤 머스크,로즈마인,로즈마인 퍼퓸드 핸드크림
RMHC011,로즈마인 퍼퓸드 핸드크림 메이비,로즈마인,로즈마인 퍼퓸드 핸드크림
RMHC003,로즈마인 퍼퓸드 핸드크림 쁘띠 베이비,로즈마인,로즈마인 퍼퓸드 핸드크림
RMHC002,로즈마인 퍼퓸드 핸드크림 패션 프룻,로즈마인,로즈마인 퍼퓸드 핸드크림
RMHC007,로즈마인 퍼퓸드 핸드크림 헤스페리데스,로즈마인,로즈마인 퍼퓸드 핸드크림
RMHC019,로즈마인 퍼퓸드 핸드크림- 라비에,로즈마인,로즈마인 퍼퓸드 핸드크림
RMHC016,로즈마인 퍼퓸드 핸드크림- 머스크앤머스크2,로즈마인,로즈마인 퍼퓸드 핸드크림
RMHC015,로즈마인 퍼퓸드 핸드크림- 모링가,로즈마인,로즈마인 퍼퓸드 핸드크림
RMHC018,"로즈마인 퍼퓸드 핸드크림- 오, 프레쉬",로즈마인,로즈마인 퍼퓸드 핸드크림
RMHC017,로즈마인 퍼퓸드 핸드크림- 클래식,로즈마인,로즈마인 퍼퓸드 핸드크림
RMSCN10,로즈마인5샤워코롱재공품,로즈마인,
BRSCN10,블루로즈마인 샤워코롱(2011),로즈마인,로즈마인 샤워코롱
MLDMB30,미미로린스 드레스 퍼퓸 모먼트 레스트- 가든파티,미미로린스,미미로린스 드레스 퍼퓸 모먼트 레스트
MLDMB31,미미로린스 드레스 퍼퓸 모먼트 레스트- 레몬트리,미미로린스,미미로린스 드레스 퍼퓸 모먼트 레스트
MLDMB29,미미로린스 드레스 퍼퓸 모먼트 레스트- 로즈부쉬,미미로린스,미미로린스 드레스 퍼퓸 모먼트 레스트
MLDM3T1,미미로린스 드레스 퍼퓸 모먼트 블러썸 3종 세트,미미로린스,
MLDMB27,미미로린스 드레스 퍼퓸 모먼트 블러썸- 런드로맷,미미로린스,미미로린스 드레스 퍼퓸 모먼트 블러썸
MLDMB28,미미로린스 드레스 퍼퓸 모먼트 블러썸- 어도러블,미미로린스,미미로린스 드레스 퍼퓸 모먼트 블러썸
MLDMB26,미미로린스 드레스 퍼퓸 모먼트 블러썸- 퓨어그린,미미로린스,미미로린스 드레스 퍼퓸 모먼트 블러썸
MLDM003,미미로린스 드레스 퍼퓸 미스트 - 드 그레이프프룻,미미로린스,
MLDMB02,미미로린스 드레스 퍼퓸 미스트 - 머스크엣머스크,미미로린스,미미로린스 드레스 퍼퓸 미스트
MLDMB08,미미로린스 드레스 퍼퓸 미스트 - 블랙베리,미미로린스,
MLDMB09,미미로린스 드레스 퍼퓸 미스트 - 스파클링 사케,미미로린스,
MLDMB07,미미로린스 드레스 퍼퓸 미스트 - 아로마틱 시트러스,미미로린스,
MLDMB04,미미로린스 드레스 퍼퓸 미스트 - 주스 드 시트론,미미로린스,
MLDMB05,미미로린스 드레스 퍼퓸 미스트 - 프레쉬 라임,미미로린스,
MLDM006,미미로린스 드레스 퍼퓸 미스트 - 프렌치 블러썸,미미로린스,
MLDM001,미미로린스 드레스 퍼퓸 미스트 - 프리지아 로맨스,미미로린스,미미로린스 드레스 퍼퓸 미스트
MLDMB10,미미로린스 드레스 퍼퓸 미스트 - 화이트 코튼,미미로린스,미미로린스 드레스 퍼퓸 미스트
MLDMT32,미미로린스 드레스 퍼퓸 미스트 딥 퍼퓸- 네트와제 (선물세트),미미로린스,
MLDM032,미미로린스 드레스 퍼퓸 미스트 딥 퍼퓸- 네트와제(300ML),미미로린스,미미로린스 드레스 퍼퓸 미스트 딥 퍼퓸
MLDM035,미미로린스 드레스 퍼퓸 미스트 딥 퍼퓸- 오브 (300ML),미미로린스,미미로린스 드레스 퍼퓸 미스트 딥 퍼퓸
MLDM033,미미로린스 드레스 퍼퓸 미스트 딥 퍼퓸- 테르 (300ML),미미로린스,미미로린스 드레스 퍼퓸 미스트 딥 퍼퓸
MLDMT33,미미로린스 드레스 퍼퓸 미스트 딥 퍼퓸- 테르 (선물세트),미미로린스,
MLDM034,미미로린스 드레스 퍼퓸 미스트 딥 퍼퓸- 플로르 (300ML),미미로린스,미미로린스 드레스 퍼퓸 미스트 딥 퍼퓸
MLDM036,미미로린스 드레스 퍼퓸 미스트 딥 퍼퓸- 피브완로즈 (300ML),미미로린스,미미로린스 드레스 퍼퓸 미스트 딥 퍼퓸
MLDMT36,미미로린스 드레스 퍼퓸 미스트 딥 퍼퓸- 피브완로즈 (선물세트),미미로린스,
MLDMB12,미미로린스 드레스 퍼퓸 미스트 딥퍼퓸 레이블- 네트와제,미미로린스,
MLDMA12,미미로린스 드레스 퍼퓸 미스트 딥퍼퓸 레이블- 네트와제(200ML),미미로린스,
MLDMB14,미미로린스 드레스 퍼퓸 미스트 딥퍼퓸 레이블- 로우드로얄,미미로린스,
MLDMB19,미미로린스 드레스 퍼퓸 미스트 딥퍼퓸 레이블- 모닝듀,미미로린스,
MLDMA08,미미로린스 드레스 퍼퓸 미스트 딥퍼퓸 레이블- 블랙베리(200ML),미미로린스,
MLDMA21,미미로린스 드레스 퍼퓸 미스트 딥퍼퓸 레이블- 블리스드(200ML),미미로린스,
MLDMB18,미미로린스 드레스 퍼퓸 미스트 딥퍼퓸 레이블- 세인트로즈,미미로린스,
MLDMB17,미미로린스 드레스 퍼퓸 미스트 딥퍼퓸 레이블- 우드세이지,미미로린스,
MLDMB13,미미로린스 드레스 퍼퓸 미스트 딥퍼퓸 레이블- 인헤븐,미미로린스,
MLDMB16,미미로린스 드레스 퍼퓸 미스트 딥퍼퓸 레이블- 퀸스플라워,미미로린스,
MLDMA01,미미로린스 드레스 퍼퓸 미스트 딥퍼퓸 레이블- 프리지아로맨스(200ML),미미로린스,
MLDMB15,미미로린스 드레스 퍼퓸 미스트 딥퍼퓸 레이블- 플로레종,미미로린스,
MLDMA15,미미로린스 드레스 퍼퓸 미스트 딥퍼퓸 레이블- 플로레종(200ML),미미로린스,
MLDMB11,미미로린스 드레스 퍼퓸 미스트 딥퍼퓸 레이블- 피브완로즈,미미로린스,
MLDMB20,미미로린스 드레스 퍼퓸 미스트 딥퍼퓸 레이블- 피치플로랄,미미로린스,
MLDMA20,미미로린스 드레스 퍼퓸 미스트 딥퍼퓸 레이블- 피치플로랄(200ML),미미로린스,
MLDF029,미미로린스 딥 퍼퓸 디퓨져- 네트와제,미미로린스,미미로린스 딥 퍼퓸 디퓨져
MLDF030,미미로린스 딥 퍼퓸 디퓨져- 테르,미미로린스,미미로린스 딥 퍼퓸 디퓨져
MLDF028,미미로린스 딥 퍼퓸 디퓨져- 피브완로즈,미미로린스,미미로린스 딥 퍼퓸 디퓨져
MLHC3T2,미미로린스 모먼트 래디언스 핸드 포마드크림 3종 세트,미미로린스,
MLHC020,미미로린스 모먼트 래디언스 핸드 포마드크림- 글로우온 페탈,미미로린스,미미로린스 모먼트 래디언스 핸드 포마드크림
MLHC019,미미로린스 모먼트 래디언스 핸드 포마드크림- 드로우인 선셋,미미로린스,미미로린스 모먼트 래디언스 핸드 포마드크림
MLHC018,미미로린스 모먼트 래디언스 핸드 포마드크림- 아로마틱 리플렉션,미미로린스,미미로린스 모먼트 래디언스 핸드 포마드크림
MLHD002,미미로린스 모먼트 래디언스 핸드솝 아주르 프로스티,미미로린스,미미로린스 모먼트 래디언스 핸드솝 
MLHD003,미미로린스 모먼트 래디언스 핸드솝 애프터 레인,미미로린스,미미로린스 모먼트 래디언스 핸드솝 
MLHD001,미미로린스 모먼트 래디언스 핸드솝 에테리얼 그레이스,미미로린스,미미로린스 모먼트 래디언스 핸드솝 
MLSP005,미미로린스 모먼트 릴렉스 헤어 샴푸 그린 블리스,미미로린스,
MLRS005,미미로린스 모먼트 릴렉스 헤어 컨디셔너 그린 블리스,미미로린스,
MLBL009,미미로린스 모먼트 바디로션- 가드니아,미미로린스,미미로린스 모먼트 바디로션
MLBL008,미미로린스 모먼트 바디로션- 멜리플루어스,미미로린스,미미로린스 모먼트 바디로션
MLBL007,미미로린스 모먼트 바디로션- 뮤즈,미미로린스,미미로린스 모먼트 바디로션
MLBM003,미미로린스 모먼트 코스트 바디미스트- 마린브리즈,미미로린스,미미로린스 모먼트 코스트 바디미스트
MLBM004,미미로린스 모먼트 코스트 바디미스트- 블루웨이브,미미로린스,미미로린스 모먼트 코스트 바디미스트
MLBM002,미미로린스 모먼트 코스트 바디미스트- 오션딥,미미로린스,미미로린스 모먼트 코스트 바디미스트
MLHW002,미미로린스 모먼트 플랜트 핸드워시- 베리비트,미미로린스,미미로린스 모먼트 플랜트 핸드워시
MLHW004,미미로린스 모먼트 플랜트 핸드워시- 퓨어피치,미미로린스,미미로린스 모먼트 플랜트 핸드워시
MLHW003,미미로린스 모먼트 플랜트 핸드워시- 해피텐져린,미미로린스,미미로린스 모먼트 플랜트 핸드워시
MLHW001,미미로린스 모먼트 플랜트 핸드워시- 헤이그린,미미로린스,미미로린스 모먼트 플랜트 핸드워시
MLHC2T2,미미로린스 모먼트 플랜트 핸드케어 세트- 베리비트,미미로린스,
MLHC2T3,미미로린스 모먼트 플랜트 핸드케어 세트- 해피텐져린,미미로린스,
MLHC2T1,미미로린스 모먼트 플랜트 핸드케어 세트- 헤이그린,미미로린스,
MLHC007,미미로린스 모먼트 플랜트 핸드크림- 베리비트,미미로린스,미미로린스 모먼트 플랜트 핸드크림
MLHC009,미미로린스 모먼트 플랜트 핸드크림- 퓨어피치 [500mL],미미로린스,미미로린스 모먼트 플랜트 핸드크림
MLHC008,미미로린스 모먼트 플랜트 핸드크림- 해피텐져린,미미로린스,미미로린스 모먼트 플랜트 핸드크림
MLHC006,미미로린스 모먼트 플랜트 핸드크림- 헤이그린,미미로린스,미미로린스 모먼트 플랜트 핸드크림
MLHC017,미미로린스 모먼트 핸드크림- 가드니아,미미로린스,미미로린스 모먼트 핸드크림
MLHC015,미미로린스 모먼트 핸드크림- 멜리플루어스,미미로린스,미미로린스 모먼트 핸드크림
MLHC014,미미로린스 모먼트 핸드크림- 뮤즈,미미로린스,미미로린스 모먼트 핸드크림
MLHC016,미미로린스 모먼트 핸드크림- 스칼렛,미미로린스,미미로린스 모먼트 핸드크림
MLHC3T1,미미로린스 뷰티레슨 핸드크림 3종세트,미미로린스,
MLLS006,미미로린스 하니수플레 리퀴드 핸드솝- 네트와제,미미로린스,
MLLS005,미미로린스 하니수플레 리퀴드 핸드솝- 세인트 로즈,미미로린스,
MLLS004,미미로린스 하니수플레 리퀴드 핸드솝- 우드 세이지,미미로린스,
MLLS003,미미로린스 하니수플레 리퀴드 핸드솝- 퀸스 플라워,미미로린스,
MLLS002,미미로린스 하니수플레 리퀴드 핸드솝- 프레쉬 라임,미미로린스,
MLLS001,미미로린스 하니수플레 리퀴드 핸드솝- 프리지아 로맨스,미미로린스,
BTCR003,바스파 바디 톤 업 크림 미네랄 케어,바스파,바스파 바디 톤 업 크림 미네랄 케어
BTBC004,바스파 바쓰 솔트 스크럽 바디워시- 소프트 로지,바스파,바스파 바쓰 솔트 스크럽 바디워시
BTBC006,바스파 바쓰 솔트 스크럽 바디워시- 쏠티 씨,바스파,바스파 바쓰 솔트 스크럽 바디워시
BTBC009,바스파 바쓰 솔트 스크럽 바디워시- 차콜,바스파,바스파 바쓰 솔트 스크럽 바디워시 차콜
BTBC005,바스파 바쓰 솔트 스크럽 바디워시- 컴포트 라벤더,바스파,바스파 바쓰 솔트 스크럽 바디워시
BTBC007,바스파 바쓰 솔트 스크럽 바디워시- 코지허그,바스파,바스파 바쓰 솔트 스크럽 바디워시
BTBC010,바스파 바쓰 솔트 스크럽 바디워시- 클리어 팝,바스파,바스파 바쓰 솔트 스크럽 바디워시 클리어 팝
BTBC008,바스파 바쓰 솔트 스크럽 에이씨 바디워시- 퓨어리프,바스파,바스파 바쓰 솔트 스크럽 에이씨 바디워시
BTST2T2,바스파 아로마 라운지 로얄허니 바디세트 (2종),바스파,바스파 아로마 라운지 바디 2종 기프트세트
BTBL003,바스파 아로마 라운지 로얄허니 바디에멀젼,바스파,바스파 아로마 라운지 바디 2종 기프트세트
BTBC003,바스파 아로마 라운지 로얄허니 바디워시,바스파,바스파 무드 퍼퓸
BTDM002,바스파 아로마 라운지 무드 퍼퓸 드레스 미스트 NO.2 오크 베르단트,바스파,바스파 무드 퍼퓸
BTDM003,바스파 아로마 라운지 무드 퍼퓸 드레스 미스트 NO.3 루바브,바스파,
BTDM1T1,바스파 아로마 라운지 무드 퍼퓸 드레스 미스트 기프트 세트- NO.1 코지우드,바스파,바스파 무드 퍼퓸
BTDM001,바스파 아로마 라운지 무드 퍼퓸 드레스 미스트- NO.1 코지우드,바스파,
BTST2T1,바스파 아로마 라운지 베르가못 바디세트 (2종),바스파,바스파 아로마 라운지 바디 2종 기프트세트
BTBL002,바스파 아로마 라운지 베르가못 바디에멀젼,바스파,바스파 아로마 라운지 바디 2종 기프트세트
BTBC002,바스파 아로마 라운지 베르가못 바디워시,바스파,바스파 아로마 라운지 바디 2종 기프트세트
BTBO003,바스파 아로마틱 플로우 바디 트리트먼트 오일- 넥타 세레니티 300 ml,바스파,바스파 아로마틱 플로우 바디 트리트먼트 오일
BTBO002,바스파 아로마틱 플로우 바디 트리트먼트 오일- 로즈 레베리 300 ml,바스파,바스파 아로마틱 플로우 바디 트리트먼트 오일
BTBO001,바스파 아로마틱 플로우 바디 트리트먼트 오일- 머스크 앰비언스 300 ml,바스파,바스파 아로마틱 플로우 바디 트리트먼트 오일
BTSS003,바스파 오스트레일리안 솔트 바디 스크럽- 그린티,바스파,
BTSS002,바스파 오스트레일리안 솔트 바디 스크럽- 블랙베리,바스파,
BTSS001,바스파 오스트레일리안 솔트 바디 스크럽- 컴포트 라벤더,바스파,
BTCR001,바스파 텐션케어 쿨 크림,바스파,바스파 텐션케어
BTCR002,바스파 텐션케어 핫 크림,바스파,바스파 텐션케어
BTBL001,바스파 플랜트 퓨어 로즈힙 바디로션,바스파,
VMRS009,밸르모나 블루클리닉 모발 영양팩,밸르모나,밸르모나 블루클리닉 모발 영양팩
VMRSM09,밸르모나 블루클리닉 모발 영양팩 100ML,밸르모나,밸르모나 블루클리닉 모발 영양팩
VMSPP09,밸르모나 블루클리닉 샴푸액,밸르모나,밸르모나 블루클리닉 샴푸액
VMSPM09,밸르모나 블루클리닉 샴푸액 100ML,밸르모나,밸르모나 블루클리닉 샴푸액
VMSP009,밸르모나 블루클리닉 샴푸액 480ML,밸르모나,밸르모나 블루클리닉 샴푸액
VMPF009,밸르모나 블루클리닉 프로테인 필드,밸르모나,밸르모나 블루클리닉 프로테인 필드
VMRS007,밸르모나 슈가 벨벳 밀크 모발 영양팩,밸르모나,밸르모나 슈가 벨벳 밀크 모발 영양팩
VMRSM07,밸르모나 슈가 벨벳 밀크 모발 영양팩 (100ML),밸르모나,밸르모나 슈가 벨벳 밀크 모발 영양팩
VMSP007,밸르모나 슈가 벨벳 밀크 샴푸액,밸르모나,밸르모나 슈가 벨벳 밀크 샴푸액
VMSPM07,밸르모나 슈가 벨벳 밀크 샴푸액 (100ML),밸르모나,밸르모나 슈가 벨벳 밀크 샴푸액
VMSP004,밸르모나 아유르베딕 두피 솔루션 블랙커민 샴푸액,밸르모나,밸르모나 아유르베딕 두피 솔루션 블랙커민 샴푸액
VMSPMR4,밸르모나 아유르베딕 두피 솔루션 블랙커민 샴푸액 (100ML),밸르모나,밸르모나 아유르베딕 두피 솔루션 블랙커민 샴푸액
VMSPM04,밸르모나 아유르베딕 두피 솔루션 블랙커민 샴푸액(120ML),밸르모나,밸르모나 아유르베딕 두피 솔루션 블랙커민 샴푸액
VMRS004,밸르모나 아유르베딕 손상모 솔루션 블랙커민 모발 영양팩,밸르모나,밸르모나 아유르베딕 손상모 솔루션 블랙커민 모발 영양팩
VMRSM04,밸르모나 아유르베딕 손상모 솔루션 블랙커민 모발 영양팩 (100ML),밸르모나,밸르모나 아유르베딕 손상모 솔루션 블랙커민 모발 영양팩
VMSP011,밸르모나 얼쓰 리페어 본딩 샴푸,밸르모나,
VMRS011,밸르모나 얼쓰 리페어 본딩 트리트먼트,밸르모나,
VMSP014,밸르모나 얼쓰 아르간 오일 샴푸,밸르모나,
VMSP010,밸르모나 얼쓰 안티 헤어로스 샴푸,밸르모나,밸르모나 얼쓰 안티 헤어로스 샴푸
VMST001,밸르모나 얼쓰 안티 헤어로스 스칼프 토닉,밸르모나,밸르모나 얼쓰 안티 헤어로스 스칼프 토닉
VMRS010,밸르모나 얼쓰 안티 헤어로스 트리트먼트,밸르모나,밸르모나 얼쓰 안티 헤어로스 트리트먼트
VMBA001,밸르모나 얼쓰리페어 본딩 앰플,밸르모나,밸르모나 얼쓰리페어 본딩 앰플
VMOL001,밸르모나 얼쓰리페어 본딩 오일,밸르모나,밸르모나 얼쓰리페어 본딩 오일
VMCP001,밸르모나 얼쓰리페어 본딩 컴파운드,밸르모나,밸르모나 얼쓰리페어 본딩 컴파운드
VMSS001,밸르모나 얼쓰테라피 스칼프 스켈러,밸르모나,밸르모나 얼쓰테라피 스칼프 스켈러
VMSF001,밸르모나 얼쓰테라피 스칼프 퓨리파이어,밸르모나,밸르모나 얼쓰테라피 스칼프 퓨리파이어
VMSF3T1,밸르모나 얼쓰테라피 스칼프 퓨리파이어 (3개 세트),밸르모나,밸르모나 얼쓰테라피 스칼프 퓨리파이어
VMHS003,밸르모나 얼티밋 헤어 오일 세럼- 블랙피오니,밸르모나,밸르모나 얼티밋 헤어 오일 세럼
VMHS001,밸르모나 얼티밋 헤어 오일 세럼- 아로마 컴포지션,밸르모나,밸르모나 얼티밋 헤어 오일 세럼
VMHS002,밸르모나 얼티밋 헤어 오일 세럼- 애프리콧 컨져브,밸르모나,밸르모나 얼티밋 헤어 오일 세럼
VMHS004,밸르모나 얼티밋 헤어 오일 세럼- 앰버바닐라,밸르모나,밸르모나 얼티밋 헤어 오일 세럼
VMHS005,밸르모나 얼티밋 헤어 오일 세럼- 프레쉬베이,밸르모나,밸르모나 얼티밋 헤어 오일 세럼
VMRS008,밸르모나 요크마요 모발 영양팩,밸르모나,밸르모나 요크마요 모발 영양팩
VMRSM08,밸르모나 요크마요 모발 영양팩 100ML,밸르모나,밸르모나 요크마요 모발 영양팩
VMSPP08,밸르모나 요크마요 샴푸액,밸르모나,밸르모나 요크마요 샴푸액
VMSPM08,밸르모나 요크마요 샴푸액 100ML,밸르모나,밸르모나 요크마요 샴푸액
VMSP008,밸르모나 요크마요 샴푸액 480ML,밸르모나,밸르모나 요크마요 샴푸액
VMPF008,밸르모나 요크마요 프로테인 필드,밸르모나,밸르모나 요크마요 프로테인 필드
VMSP006,밸르모나 진생 헤리티지 고삼 샴푸액,밸르모나,
VMRS005,밸르모나 파워풀 솔루션 블랙피오니 서리태 모발 영양팩,밸르모나,밸르모나 파워풀 솔루션 블랙피오니 서리태 모발 영양팩
VMRSM05,밸르모나 파워풀 솔루션 블랙피오니 서리태 모발 영양팩 (100ML),밸르모나,밸르모나 파워풀 솔루션 블랙피오니 서리태 모발 영양팩
VMSP005,밸르모나 파워풀 솔루션 블랙피오니 서리태 샴푸액,밸르모나,밸르모나 파워풀 솔루션 블랙피오니 서리태 샴푸액
VMSPMR5,밸르모나 파워풀 솔루션 블랙피오니 서리태 샴푸액 (100ML),밸르모나,밸르모나 파워풀 솔루션 블랙피오니 서리태 샴푸액
VMSPM05,밸르모나 파워풀 솔루션 블랙피오니 서리태 샴푸액(120ML),밸르모나,밸르모나 파워풀 솔루션 블랙피오니 서리태 샴푸액
BDFS003,보르도 드래곤 풋 샴푸,보르도,보르도 드래곤 풋 샴푸
BDFS002,보르도 드래곤 풋 필링 스프레이,보르도,보르도 드래곤 풋 필링 스프레이
BDFD001,보르도 민트 쿨링 풋 데오드란트,보르도,보르도 민트 쿨링 풋 데오드란트
BDFS001,보르도 민트 쿨링 풋 스프레이,보르도,보르도 민트 쿨링 풋 스프레이
BDFC001,보르도 민트 쿨링 풋 케어 크림,보르도,보르도 민트 쿨링 풋 케어 크림
AOFC001,샤샤 녹두 시카 클렌징 폼,샤샤,샤샤 녹두 시카 클렌징 폼
AOFC002,샤샤 라이스 크림 클렌징 폼,샤샤,샤샤 라이스 크림 클렌징 폼
CHHC001,샤샤 밀크 앤 허니 핸드크림- 듀이 플로럴,샤샤,
CHHC003,샤샤 밀크 앤 허니 핸드크림- 소프트 머스크,샤샤,
CHHC002,샤샤 밀크 앤 허니 핸드크림- 쥬이시 그레이프프룻,샤샤,
AOBL001,샤샤 밀크앤허니 바디로션- 듀이 플로럴,샤샤,
AOBL003,샤샤 밀크앤허니 바디로션- 소프트 머스크,샤샤,
AOBL002,샤샤 밀크앤허니 바디로션- 쥬이시 그레이프프룻,샤샤,
AOBC001,샤샤 밀크앤허니 바디워시- 듀이 플로럴,샤샤,
AOBC003,샤샤 밀크앤허니 바디워시- 소프트 머스크,샤샤,
AOBC002,샤샤 밀크앤허니 바디워시- 쥬이시 그레이프프룻,샤샤,
AOBL005,샤샤 세라 데오 바디로션,샤샤,샤샤 세라 데오 바디로션
AOBL000,샤샤 아르간 오일 바디로션,샤샤,샤샤 아르간 오일 바디로션
AOBC000,샤샤 아르간 오일 바디워시,샤샤,샤샤 아르간 오일 바디워시
AOSP000,샤샤 아르간 오일 샴푸,샤샤,샤샤 아르간 오일 샴푸
AOSP003,샤샤 아르간 오일 어성초 캡슐 스크럽 샴푸,샤샤,샤샤 아르간 오일 어성초 캡슐 스크럽 샴푸
AOBC005,샤샤 아르간 오일 진저 쿨링 케어 바디워시,샤샤,샤샤 아르간 오일 진저 쿨링 케어 바디워시
AORS000,샤샤 아르간 오일 컨디셔너,샤샤,샤샤 아르간 오일 컨디셔너
AOHSR00,샤샤 아르간 오일 헤어 세럼,샤샤,샤샤 아르간 오일 헤어 세럼
AOHA001,샤샤 아르간오일 단백질 헤어 앰플,샤샤,샤샤 아르간오일 단백질 헤어 앰플
AOHA5T1,샤샤 아르간오일 단백질 헤어 앰플 (세트),샤샤,
AOHAM01,샤샤 아르간오일 단백질 헤어 앰플 15ML,샤샤,
AOWS000,샤샤 아르간오일 슈퍼하드 워터 스프레이,샤샤,샤샤 아르간 오일 슈퍼하드 워터 스프레이
AORS001,샤샤 아르간오일 어성초 엘피피 프로테인 헤어팩,샤샤,
AOHE001,샤샤 아르간오일 웨이브 볼륨 에센스,샤샤,샤샤 아르간오일 웨이브 볼륨 에센스
AOSP002,샤샤 아르간오일 진저 쿨링 케어 샴푸,샤샤,샤샤 아르간오일 진저 쿨링 케어 샴푸
AOBL004,샤샤 알로에베라 바디로션,샤샤,
AOBC004,샤샤 알로에베라 바디워시,샤샤,
AOSP004,샤샤 알로에베라 앤 프로폴리스 샴푸,샤샤,
AORS004,샤샤 알로에베라 앤 프로폴리스 컨디셔너,샤샤,
CCSP003,세라클리닉 더마이드 4.0 노옐로우 샴푸 프로테인 퀀치 500ml,세라클리닉,세라클리닉 더마이드 4.0 노옐로우 샴푸 프로테인 퀀치
CCSP001,세라클리닉 더마이드 4.0 보태니컬 샴푸,세라클리닉,세라클리닉 더마이드 4.0 보태니컬 샴푸
CCRS001,세라클리닉 더마이드 4.0 보태니컬 트리트먼트 플루이드,세라클리닉,세라클리닉 더마이드 4.0 보태니컬 트리트먼트 플루이드
CCRSP01,세라클리닉 더마이드 4.0 보태니컬 트리트먼트 플루이드 5ML,세라클리닉,세라클리닉 더마이드 4.0 보태니컬 트리트먼트 플루이드
CCVF000,세라클리닉 더마이드 4.0 볼륨 픽서 프로테인 퀀치,세라클리닉,세라클리닉 더마이드 4.0 볼륨 픽서 프로테인 퀀치
CCBL001,세라클리닉 더마이드 4.0 세라마이드 바디로션 [500 ml],세라클리닉,세라클리닉 더마이드 4.0 세라마이드 바디로션
CCAB001,세라클리닉 더마이드 4.0 앰플 밤 프로테인 퀀치,세라클리닉,세라클리닉 더마이드 4.0 앰플 밤 프로테인 퀀치
CCSP004,세라클리닉 더마이드 4.0 앰플 샴푸 프로테인 퀀치,세라클리닉,세라클리닉 더마이드 4.0 앰플 샴푸 프로테인 퀀치
CCSPM04,세라클리닉 더마이드 4.0 앰플 샴푸 프로테인 퀀치 30ml,세라클리닉,세라클리닉 더마이드 4.0 앰플 샴푸 프로테인 퀀치
CCAO001,세라클리닉 더마이드 4.0 앰플 오일 프로테인 퀀치,세라클리닉,세라클리닉 더마이드 4.0 앰플 오일 프로테인 퀀치
CCAT001,세라클리닉 더마이드 4.0 앰플 트리트먼트 (노린스) 프로테인 퀀치,세라클리닉,세라클리닉 더마이드 4.0 앰플 트리트먼트 프로테인 퀀치
CCATR01,세라클리닉 더마이드 4.0 앰플 트리트먼트 프로테인 퀀치,세라클리닉,세라클리닉 더마이드 4.0 앰플 트리트먼트 프로테인 퀀치
CCCR001,세라클리닉 더마이드 4.0 인텐시브 크림,세라클리닉,세라클리닉 더마이드 4.0 인텐시브 크림
CCHP001,세라클리닉 더마이드 4.0 헤어팩 프로테인 퀀치,세라클리닉,세라클리닉 더마이드 4.0 헤어팩 프로테인 퀀치
CCHPM01,세라클리닉 더마이드 4.0 헤어팩 프로테인 퀀치 30ml,세라클리닉,세라클리닉 더마이드 4.0 헤어팩 프로테인 퀀치
CCSP005,세라클리닉 더마이드4.0 안티헤어로스 샴푸,세라클리닉,
CCRS005,세라클리닉 더마이드4.0 안티헤어로스 컨디셔너,세라클리닉,
CCCC001,세라클리닉 더마이드4.0 컬링 크림 프로테인 퀀치,세라클리닉,세라클리닉 더마이드4.0 컬링 크림 프로테인 퀀치
CCHW001,세라클리닉 보태니컬 핸드솝- 로즈오브예리코,세라클리닉,세라클리닉 보태니컬 핸드솝 기프트세트
CCHW002,세라클리닉 보태니컬 핸드솝- 포레스트 워크,세라클리닉,세라클리닉 보태니컬 핸드솝 기프트세트
CCHW2T1,세라클리닉 보태니컬 핸드케어 & 마스크 세트,세라클리닉,
TOAP002,시온 세라-샷 피디알엔 핑크 리페어 앰플,시온,시온 세라-샷 피디알엔 핑크 리페어 앰플
TOAP003,시온 알파-알부틴 멀티토닝 앰플,시온,시온 알파-알부틴 멀티토닝 앰플
TOAP001,시온 테카줄렌 블루 카밍 앰플,시온,시온 테카줄렌 블루 카밍 앰플
NPBC008,에바스 나뚜리아 크리미 밀크 바디워시- 그린티,에바스,
NPBC005,에바스 나뚜리아 크리미 밀크 바디워시- 밀크미,에바스,
NPBC006,에바스 나뚜리아 크리미 밀크 바디워시- 쏘바닐라,에바스,
NPBC007,에바스 나뚜리아 크리미 밀크 바디워시- 초코라떼,에바스,
NPBC009,에바스 나뚜리아 크리미 밀크 바디워시- 휘그펄프,에바스,
NPSS004,에바스 나뚜리아 크리미 오일 솔트 스크럽- 그린티,에바스,
NPSS001,에바스 나뚜리아 크리미 오일 솔트 스크럽- 밀크미,에바스,
NPSS002,에바스 나뚜리아 크리미 오일 솔트 스크럽- 쏘바닐라,에바스,
NPSS003,에바스 나뚜리아 크리미 오일 솔트 스크럽- 초코라떼,에바스,
NPSS005,에바스 나뚜리아 크리미 오일 솔트 스크럽- 휘그펄프,에바스,
RMSC003,에바스 로즈마인 루지 샤워코롱,에바스,
RMSC002,에바스 로즈마인 블랑쉬 샤워코롱,에바스,
RMSC004,에바스 로즈마인 클레어 샤워코롱,에바스,
KBBC003,키스바이 로즈마인 스텔라리 바디워시- 블리스,키스바이,키스바이 로즈마인 스텔라리 바디워시
KBBC001,키스바이 로즈마인 스텔라리 바디워시- 센슈얼리티,키스바이,키스바이 로즈마인 스텔라리 바디워시
KBBC004,키스바이 로즈마인 스텔라리 바디워시- 스너그,키스바이,키스바이 로즈마인 스텔라리 바디워시
KBBC002,키스바이 로즈마인 스텔라리 바디워시- 호프,키스바이,키스바이 로즈마인 스텔라리 바디워시
KBOW001,키스바이 로즈마인 프래그런스 오일워시- 글래머 센슈얼리티,키스바이,키스바이 로즈마인 오일 워시
KBOW002,키스바이 로즈마인 프래그런스 오일워시- 글래머 판타지,키스바이,키스바이 로즈마인 오일 워시
KBOW003,키스바이 로즈마인 프래그런스 오일워시- 글래머 프레셔스,키스바이,키스바이 로즈마인 오일 워시
KBOW004,"키스바이 로즈마인 프래그런스 오일워시- 오,프레쉬 포에버",키스바이,키스바이 로즈마인 오일 워시
KBOW005,"키스바이 로즈마인 프래그런스 오일워시- 오,프레쉬 허브가든",키스바이,키스바이 로즈마인 오일 워시
KBCR006,키스바이 로즈마인 프래그런스 크림- 글래머 대즐링,키스바이,키스바이 로즈마인 프래그런스 크림
KBCR007,키스바이 로즈마인 프래그런스 크림- 글래머 멜로우,키스바이,키스바이 로즈마인 프래그런스 크림
KBCR001,키스바이 로즈마인 프래그런스 크림- 글래머 센슈얼리티,키스바이,키스바이 로즈마인 프래그런스 크림
KBCR008,키스바이 로즈마인 프래그런스 크림- 글래머 캔디블룸,키스바이,키스바이 로즈마인 프래그런스 크림
KBCR002,키스바이 로즈마인 프래그런스 크림- 글래머 판타지,키스바이,키스바이 로즈마인 프래그런스 크림
KBCR003,키스바이 로즈마인 프래그런스 크림- 글래머 프레셔스,키스바이,키스바이 로즈마인 프래그런스 크림
KBCR004,"키스바이 로즈마인 프래그런스 크림- 오,프레쉬 포에버",키스바이,키스바이 로즈마인 프래그런스 크림
KBCR005,"키스바이 로즈마인 프래그런스 크림- 오,프레쉬 허브가든",키스바이,키스바이 로즈마인 프래그런스 크림
KBHC5T1,키스바이 로즈마인 프래그런스 핸드크림 5종 세트,키스바이,
KBHC3T1,키스바이 로즈마인 프래그런스 핸드크림 트리오 (3종세트),키스바이,
KBHC011,키스바이 로즈마인 프래그런스 핸드크림- 글래머 대즐링,키스바이,키스바이 로즈마인 프래그런스 핸드크림
KBHC012,키스바이 로즈마인 프래그런스 핸드크림- 글래머 멜로우,키스바이,키스바이 로즈마인 프래그런스 핸드크림
KBHC006,키스바이 로즈마인 프래그런스 핸드크림- 글래머 센슈얼리티,키스바이,키스바이 로즈마인 프래그런스 핸드크림
KBHC013,키스바이 로즈마인 프래그런스 핸드크림- 글래머 캔디블룸,키스바이,키스바이 로즈마인 프래그런스 핸드크림
KBHC007,키스바이 로즈마인 프래그런스 핸드크림- 글래머 판타지,키스바이,키스바이 로즈마인 프래그런스 핸드크림
KBHC008,키스바이 로즈마인 프래그런스 핸드크림- 글래머 프레셔스,키스바이,키스바이 로즈마인 프래그런스 핸드크림
KBHC005,키스바이 로즈마인 프래그런스 핸드크림- 엔젤스 러브,키스바이,키스바이 로즈마인 엔젤스 핸드크림
KBHC004,키스바이 로즈마인 프래그런스 핸드크림- 엔젤스 로즈,키스바이,키스바이 로즈마인 엔젤스 핸드크림
KBHC002,키스바이 로즈마인 프래그런스 핸드크림- 엔젤스 패션,키스바이,키스바이 로즈마인 엔젤스 핸드크림
KBHC001,키스바이 로즈마인 프래그런스 핸드크림- 엔젤스 퓨어,키스바이,키스바이 로즈마인 엔젤스 핸드크림
KBHC003,키스바이 로즈마인 프래그런스 핸드크림- 엔젤스 하트,키스바이,키스바이 로즈마인 엔젤스 핸드크림
KBHC009,"키스바이 로즈마인 프래그런스 핸드크림- 오,프레쉬 포에버",키스바이,키스바이 로즈마인 프래그런스 핸드크림
KBHC010,"키스바이 로즈마인 프래그런스 핸드크림- 오,프레쉬 허브가든",키스바이,키스바이 로즈마인 프래그런스 핸드크림
PTPW002,판테스틱 더마 비타 파우더,판테스틱,
PTBL001,판테스틱 더마 시카 AC로션,판테스틱,
PTBC002,판테스틱 더마 시카 아크네 클렌저,판테스틱,
PTFC001,판테스틱 더마 시카 아크네 클렌징폼,판테스틱,
PTAP001,판테스틱 더마 시카 에이씨 수딩 앰플,판테스틱,
PTMT001,판테스틱 더마 시카 에이씨 컨트롤 미스트,판테스틱,
PTPW001,판테스틱 더마 시카 파우더,판테스틱,
PTEF002,판테스틱 원더필 써마필 이펙터,판테스틱,
PTEF003,판테스틱 원더필 클리어링 이펙터,판테스틱,
PTEF001,판테스틱 원더필 하이드라 뮤신 이펙터,판테스틱,
PTLM001,판테스틱 탑원 6978 비타로닉 립 슬리핑 마스크,판테스틱,판테스틱 탑원 6978 비타로닉 립 슬리핑 마스크
PDBLB00,페디슨 뉴트리티브 세라마이드 바디로션,페디슨,
PDML001,페디슨 뉴트리티브 인퓨전 모이스처 로션,페디슨,
PDBL001,페디슨 더마 프로 311 바디로션,페디슨,페디슨 더마 프로 311 바디로션
PDBC001,페디슨 데오 드 바디클렌저,페디슨,
PDBC002,페디슨 데오 드 바디클렌저 패션프루츠,페디슨,
PDIR010,페디슨 두 프레쉬 소다 페미닌 클렌져 (베이직),페디슨,페디슨 두 프레쉬 소다 페미닌 클렌져
PDIR012,페디슨 락토 그린 리프레쉬 페미닌 클렌저 200g,페디슨,페디슨 락토 그린 리프레쉬 페미닌 클렌저
PDIR011,페디슨 락토 플로라 릴리프 페미닌 클렌저 200g,페디슨,페디슨 락토 플로라 릴리프 페미닌 클렌저
PDIR001,페디슨 메터니티 퓨어 페미닌 클렌저 (밸런스 케어 베이직),페디슨,페디슨 메터니티 퓨어 페미닌 클렌저
PDIR000,페디슨 메터니티 퓨어 페미닌 클렌저 (밸런스 케어),페디슨,페디슨 메터니티 퓨어 페미닌 클렌저
PDIR007,페디슨 메터니티 퓨어 페미닌 클렌저 (알로에&콜라겐 베이직),페디슨,페디슨 메터니티 퓨어 페미닌 클렌저
PDIR006,페디슨 메터니티 퓨어 페미닌 클렌저 (알로에&콜라겐),페디슨,페디슨 메터니티 퓨어 페미닌 클렌저
PDIR005,페디슨 메터니티 퓨어 페미닌 클렌저 (오리엔탈 허브 베이직),페디슨,페디슨 메터니티 퓨어 페미닌 클렌저
PDIR004,페디슨 메터니티 퓨어 페미닌 클렌저 (오리엔탈 허브),페디슨,페디슨 메터니티 퓨어 페미닌 클렌저
PDIR003,페디슨 메터니티 퓨어 페미닌 클렌저 (플로랄 자무 베이직),페디슨,페디슨 메터니티 퓨어 페미닌 클렌저
PDIR002,페디슨 메터니티 퓨어 페미닌 클렌저 (플로랄 자무),페디슨,페디슨 메터니티 퓨어 페미닌 클렌저
PDIR009,페디슨 메터니티 퓨어 페미닌 클렌저 (허니 프로폴리스 베이직),페디슨,페디슨 메터니티 퓨어 페미닌 클렌저
PDIR008,페디슨 메터니티 퓨어 페미닌 클렌저 (허니 프로폴리스),페디슨,페디슨 메터니티 퓨어 페미닌 클렌저
PDSL001,페디슨 아로마틱 카밍 토너,페디슨,
PDSP004,페디슨 인스티튜트 보떼 로즈마리&민트 두피 샴푸,페디슨,
PDRS002,페디슨 인스티튜트 보떼 로즈마리&민트 두피 컨디셔너,페디슨,
PDSP002,페디슨 인스티튜트 보떼 모링가&프로테인 샴푸,페디슨,
PDRS000,페디슨 인스티튜트 보떼 모링가&프로테인 컨디셔너,페디슨,
PDHM001,페디슨 인스티튜트 보떼 아르간&퍼퓸 헤어 미스트- 로맨틱,페디슨,페디슨 인스티튜트 보떼 아르간&퍼퓸 헤어 미스트
PDHM003,페디슨 인스티튜트 보떼 아르간&퍼퓸 헤어 미스트- 블루밍,페디슨,페디슨 인스티튜트 보떼 아르간&퍼퓸 헤어 미스트
PDHM002,페디슨 인스티튜트 보떼 아르간&퍼퓸 헤어 미스트- 소프트,페디슨,페디슨 인스티튜트 보떼 아르간&퍼퓸 헤어 미스트
PDHS004,페디슨 인스티튜트 보떼 아르간&퍼퓸 헤어세럼- 러브,페디슨,페디슨 인스티튜트 보떼 아르간&퍼퓸 헤어세럼
PDHS001,페디슨 인스티튜트 보떼 아르간&퍼퓸 헤어세럼- 로맨틱,페디슨,페디슨 인스티튜트 보떼 아르간&퍼퓸 헤어세럼
PDHS003,페디슨 인스티튜트 보떼 아르간&퍼퓸 헤어세럼- 블루밍,페디슨,페디슨 인스티튜트 보떼 아르간&퍼퓸 헤어세럼
PDHS002,페디슨 인스티튜트 보떼 아르간&퍼퓸 헤어세럼- 소프트,페디슨,페디슨 인스티튜트 보떼 아르간&퍼퓸 헤어세럼
PDHS005,페디슨 인스티튜트 보떼 아르간&퍼퓸 헤어세럼- 프레쉬,페디슨,페디슨 인스티튜트 보떼 아르간&퍼퓸 헤어세럼
PDSP010,페디슨 인스티튜트 보떼 아미노 카렌듈라 샴푸,페디슨,
PDRS007,페디슨 인스티튜트 보떼 아미노 카렌듈라 컨디셔너,페디슨,
PDSP008,페디슨 인스티튜트 보떼 엔젤스 아보카도 샴푸,페디슨,
PDRS005,페디슨 인스티튜트 보떼 엔젤스 아보카도 컨디셔너,페디슨,
PDSP003,페디슨 인스티튜트 보떼 한방 뿌리 케어 샴푸,페디슨,
PDRS001,페디슨 인스티튜트 보떼 한방 뿌리 케어 컨디셔너,페디슨,
PDRS004,페디슨 인스티튜트-보떼 망고리치 LPP 트리트먼트,페디슨,페디슨 인스티튜트 보떼 망고리치 LPP 트리트먼트
PDSP006,페디슨 인스티튜트-보떼 망고리치 단백질 샴푸,페디슨,페디슨 인스티튜트 보떼 망고리치 프로틴 샴푸
PDBC003,페디슨 인스티튜트-보떼 망고리치 밸런싱 바디워시,페디슨,페디슨 인스티튜트 보떼 망고리치 밸런싱 바디워시
PDSP009,페디슨 인스티튜트-보떼 아로니아 컬러 프로텍션 샴푸,페디슨,페디슨 인스티튜트 보떼 아로니아 컬러 프로텍션 샴푸
PDRS006,페디슨 인스티튜트-보떼 아로니아 컬러 프로텍션 트리트먼트,페디슨,페디슨 인스티튜트 보떼 아로니아 컬러 프로텍션 트리트먼트
PDBC004,페디슨 인스티튜트-보떼 자몽 핑크 밸런싱 바디워시,페디슨,페디슨 인스티튜트 보떼 자몽 핑크 밸런싱 바디워시
PDRS003,페디슨 인스티튜트-보떼 프로폴리스 LPP 트리트먼트,페디슨,페디슨 인스티튜트 보떼 프로폴리스 LPP 트리트먼트
PDSP005,페디슨 인스티튜트-보떼 프로폴리스 단백질 샴푸,페디슨,페디슨 인스티튜트 보떼 프로폴리스 프로틴 샴푸
FJMK006,프레쥬 레틴 콜라겐 3D 코어 래디언스 마스크,프레쥬,프레쥬 레틴 콜라겐 3D 코어 래디언스 마스크
FJBB001,프레쥬 레틴 콜라겐 3D 코어 블레미쉬 밤,프레쥬,프레쥬 레틴 콜라겐 3D 코어 블레미쉬 밤
FJBB002,프레쥬 레틴 콜라겐 3D 코어 블레미쉬 밤 클레어,프레쥬,프레쥬 레틴 콜라겐 3D 코어 블레미쉬 밤 클레어
FJEC006,프레쥬 레틴 콜라겐 3D 코어 아이크림,프레쥬,프레쥬 레틴 콜라겐 3D 코어 아이크림
FJAP001,프레쥬 레틴 콜라겐 3D 코어 앰플,프레쥬,프레쥬 레틴 콜라겐 3D 코어 앰플
FJMT001,프레쥬 레틴 콜라겐 3D 코어 앰플미스트,프레쥬,프레쥬 레틴 콜라겐 3D 코어 앰플미스트
FJCR006,프레쥬 레틴 콜라겐 3D 코어 크림,프레쥬,프레쥬 레틴 콜라겐 3D 코어 크림
FJCRM06,프레쥬 레틴 콜라겐 3D 코어 크림 10ml,프레쥬,프레쥬 레틴 콜라겐 3D 코어 크림
FJFC005,프레쥬 레틴 콜라겐 3D 코어 클렌징폼,프레쥬,프레쥬 레틴 콜라겐 3D 코어 클렌징폼
FJSL006,프레쥬 레틴 콜라겐 3D 코어 토너,프레쥬,프레쥬 레틴 콜라겐 3D 코어 토너
FJXX3T1,프레쥬 레틴 콜라겐 3종 세트,프레쥬,
FJLO001,프레쥬 레틴콜라겐 3D 코어 립 오일,프레쥬,프레쥬 레틴콜라겐 3D 코어 립 오일
FJOF001,프레쥬 레틴콜라겐 3D 코어 오일 투 폼클렌저,프레쥬,프레쥬 레틴콜라겐 3D 코어 오일 투 폼클렌저
FJPW001,프레쥬 레틴콜라겐 3D 코어 파우더 워시,프레쥬,프레쥬 레틴콜라겐 3D 코어 파우더 워시
FJMK007,프레쥬 바이옴 5-락토 리텍스쳐라이징 로지 마스크,프레쥬,프레쥬 바이옴 5-락토 리텍스쳐라이징 로지 마스크
FJCR007,프레쥬 바이옴 5-락토 밸런스 모이스처라이저,프레쥬,프레쥬 바이옴 5-락토 밸런스 모이스처라이저
FJGC007,프레쥬 바이옴 5-락토 밸런스 젤 클렌저,프레쥬,프레쥬 바이옴 5-락토 밸런스 젤 클렌저
FJSL007,프레쥬 바이옴 5-락토 밸런스 토너,프레쥬,프레쥬 바이옴 5-락토 밸런스 토너
FJAP007,프레쥬 바이옴 5-락토 트리트먼트 앰플,프레쥬,프레쥬 바이옴 5-락토 트리트먼트 앰플
FJMK008,프레쥬 알케믹 진세노사이드 엑소 랩 마스크,프레쥬,프레쥬 알케믹 진세노사이드 엑소 랩 마스크
FJOF002,프레쥬 알케믹 진세노사이드 오일 투 폼 클렌저,프레쥬,프레쥬 알케믹 진세노사이드 오일 투 폼 클렌저
FJOFM02,프레쥬 알케믹 진세노사이드 오일 투 폼 클렌저-미니 30 g,프레쥬,프레쥬 알케믹 진세노사이드 오일 투 폼 클렌저
FJWE001,프레쥬 알케믹 진세노사이드 워터리 에센스,프레쥬,프레쥬 알케믹 진세노사이드 워터리 에센스
FJWEM01,프레쥬 알케믹 진세노사이드 워터리 에센스- 미니 30 ml,프레쥬,프레쥬 알케믹 진세노사이드 워터리 에센스
FJCR008,프레쥬 알케믹 진세노사이드 인텐스 퍼밍 크림,프레쥬,프레쥬 알케믹 진세노사이드 인텐스 퍼밍 크림
FJCRM08,프레쥬 알케믹 진세노사이드 인텐스 퍼밍 크림- 미니 10 ml,프레쥬,프레쥬 알케믹 진세노사이드 인텐스 퍼밍 크림
FJES001,프레쥬 알케믹 진세노사이드 컨투어 아이 세럼,프레쥬,프레쥬 알케믹 진세노사이드 컨투어 아이 세럼
FJSL008,프레쥬 알케믹 진세노사이드 허벌 알엑스 토너,프레쥬,프레쥬 알케믹 진세노사이드 허벌 알엑스 토너
FJSLM08,프레쥬 알케믹 진세노사이드 허벌 알엑스 토너- 미니 30 ml,프레쥬,프레쥬 알케믹 진세노사이드 허벌 알엑스 토너
FJAP005,프레쥬 어성초 블레미쉬 리뉴 앰플,프레쥬,프레쥬 어성초 블레미쉬 리뉴 앰플
FJCR005,프레쥬 어성초 블레미쉬 수분크림,프레쥬,프레쥬 어성초 블레미쉬 수분크림
FJCRM05,프레쥬 어성초 블레미쉬 수분크림 [10ml / 튜브],프레쥬,프레쥬 어성초 블레미쉬 수분크림
FJFC003,프레쥬 어성초 블레미쉬 약산성 클렌징폼,프레쥬,프레쥬 어성초 블레미쉬 약산성 클렌징폼
FJGB001,프레쥬 어성초 블레미쉬 클렌징 젤 밤,프레쥬,프레쥬 어성초 블레미쉬 클렌징 젤 밤
FJSL004,프레쥬 어성초 블레미쉬 토너,프레쥬,프레쥬 어성초 블레미쉬 토너
FJSC002,프레쥬 어성초 에어리 핏 선크림,프레쥬,프레쥬 어성초 에어리 핏 선크림
FJEX002,프레쥬 어성초 인텐시브 카밍 에센스,프레쥬,프레쥬 어성초 인텐시브 카밍 에센스
FJMK005,프레쥬 어성초 포어 멜팅 겔 마스크,프레쥬,프레쥬 어성초 포어 멜팅 겔 마스크
FJCO002,프레쥬 어성초 포어 멜팅 클렌징 오일,프레쥬,프레쥬 어성초 포어 멜팅 클렌징 오일
FJBF001,프레쥬 오리지날 인진쑥 버블 페이셜 폼,프레쥬,프레쥬 오리지날 인진쑥 버블 페이셜 폼
FJSM001,프레쥬 오리지날 인진쑥 스팀 마스크,프레쥬,프레쥬 오리지날 인진쑥 스팀 마스크
FJEX001,프레쥬 오리지날 인진쑥 에센스,프레쥬,프레쥬 오리지날 인진쑥 에센스
FJCR002,프레쥬 오리지날 자연약쑥 진정 수분크림,프레쥬,프레쥬 오리지날 자연약쑥 진정 수분크림
FJCRM02,프레쥬 오리지날 자연약쑥 진정 수분크림(10ML),프레쥬,프레쥬 오리지날 자연약쑥 진정 수분크림
FJEX003,프레쥬 오리지날 자연약쑥 파하 필링 에센스,프레쥬,프레쥬 오리지날 자연약쑥 파하 필링 에센스
FJCP001,프레쥬 오리지날 자연약쑥 효소 클렌징팩,프레쥬,프레쥬 오리지날 자연약쑥 효소 클렌징팩
FJSC001,프레쥬 오리지날 허브 자연약쑥 디펜딩 썬 마스크,프레쥬,
FJPK001,프레쥬 오리지날 허브 자연약쑥 산소 마스크팩,프레쥬,프레쥬 오리지날 허브 자연약쑥 산소 마스크팩
FJCR001,프레쥬 오리지날 허브 자연약쑥 진정 수분크림,프레쥬,프레쥬 오리지날 허브 자연약쑥 진정 수분크림
FJSL001,프레쥬 오리지날 허브 자연약쑥 진정 토너,프레쥬,프레쥬 오리지날 허브 자연약쑥 진정 토너
FJCO001,프레쥬 오리지날 허브 자연약쑥 클렌징 오일,프레쥬,프레쥬 오리지날 허브 자연약쑥 클렌징 오일
FJCW001,프레쥬 오리지날 허브 자연약쑥 클렌징워터,프레쥬,프레쥬 오리지날 허브 자연약쑥 클렌징워터
FJFC002,프레쥬 오리지날 허브 자연약쑥 클렌징폼,프레쥬,프레쥬 오리지날 허브 자연약쑥 클렌징폼
FJPD001,프레쥬 오리지날 허브 자연약쑥 포어 패드,프레쥬,프레쥬 오리지날 허브 자연약쑥 포어 패드
FJPDR01,프레쥬 오리지날 허브 자연약쑥 포어 패드 (리필용),프레쥬,프레쥬 오리지날 허브 자연약쑥 포어 패드
FJPG002,프레쥬 오리지날 허브 자연약쑥 필링젤,프레쥬,프레쥬 오리지날 허브 자연약쑥 필링젤
FJPGM02,프레쥬 오리지날 허브 자연약쑥 필링젤(튜브타입),프레쥬,프레쥬 오리지날 허브 자연약쑥 필링젤
FJSL003,프레쥬 유주 허니 에센셜 토너,프레쥬,프레쥬 유주 허니 에센셜 토너
FJCR004,프레쥬 유주 허니 인리치드 크림,프레쥬,프레쥬 유주 허니 인리치드 크림
FJCRM04,프레쥬 유주 허니 인리치드 크림 [10ml / 튜브],프레쥬,프레쥬 유주 허니 인리치드 크림
FJLM002,프레쥬 유주허니 립 슬리핑 마스크,프레쥬,프레쥬 유주허니 립 슬리핑 마스크
FJMK004,프레쥬 유주허니 안티 멜라 캡슐 마스크,프레쥬,프레쥬 유주허니 안티 멜라 캡슐 마스크
FJCB001,프레쥬 유주허니 올 클렌징밤,프레쥬,프레쥬 유주허니 올 클렌징밤
FJFC004,프레쥬 유주허니 올 클리어 클렌징폼,프레쥬,프레쥬 유주허니 올 클리어 클렌징폼
FJAP004,프레쥬 유주허니 올리고 써지 앰플,프레쥬,프레쥬 유주허니 올리고 써지 앰플
FJEC001,프레쥬 유주허니 캡슐 아이크림,프레쥬,프레쥬 유주허니 캡슐 아이크림
FJLM001,프레쥬 자연약쑥 립 슬리핑 마스크,프레쥬,프레쥬 자연약쑥 립 슬리핑 마스크
FJMK003,프레쥬 프로 모이스처 밀크 토닝 클레이 마스크,프레쥬,프레쥬 프로 모이스처 밀크 토닝 클레이 마스크
FJCL001,프레쥬 프로 모이스처 버블 클렌저,프레쥬,프레쥬 프로 모이스처 버블 클렌저
FJCR009,프레쥬 프로 모이스처 세라토 에어리 크림,프레쥬,프레쥬 프로 모이스처 세라토 에어리 크림
FJCB002,프레쥬 프로 모이스처 엔자임 클렌징 밤,프레쥬,프레쥬 프로 모이스처 엔자임 클렌징 밤
FJPW000,프레쥬 프로 모이스처 엔자임 파우더 워시,프레쥬,프레쥬 프로 모이스처 엔자임 파우더 워시
FJCR003,프레쥬 프로 모이스처 인텐시브 크림,프레쥬,프레쥬 프로 모이스처 인텐시브 크림
FJCRM03,프레쥬 프로 모이스처 인텐시브 크림 10ml,프레쥬,프레쥬 프로 모이스처 인텐시브 크림
FJSL002,프레쥬 프로 모이스처 크리미 토너,프레쥬,프레쥬 프로 모이스처 크리미 토너
FJMT002,프레쥬 프로 모이스처 크림 미스트,프레쥬,프레쥬 프로 모이스처 크림 미스트
FJAP003,프레쥬 프로모이스처 B5-히알루 앰플,프레쥬,프레쥬 프로모이스처 B5-히알루 앰플
HCBL001,호텔 크레센도 너리싱 바디로션,호텔,
HCBC001,호텔 크레센도 너리싱 바디워시,호텔,
HCSP001,호텔 크레센도 너리싱 샴푸,호텔,
HCRS001,호텔 크레센도 너리싱 컨디셔너,호텔,
HCHW001,호텔 크레센도 젠틀 핸드워시,호텔,