product_code,product_name,brand,content_slug,BRAND_EN,name_en,name_zh,name_ru,name_ja,name_vi
KSAM001,까마 옴므 아쿠아 바이오 모이스처라이저,까마,KSAM001,KAMA,KAMA Homme Aqua Bio Moisturizer,KAMA 男士水活生物保湿霜,KAMA Homme Aqua Bio Увлажняющий крем,KAMA オム アクア バイオ モイスチャライザー,KAMA Homme Kem dưỡng ẩm Aqua Bio
KSAMM01,까마 옴므 아쿠아 바이오 모이스처라이저 (미니),까마,KSAM001,KAMA,KAMA Homme Aqua Bio Moisturizer (Mini),KAMA 男士水活生物保湿霜（迷你装）,KAMA Homme Aqua Bio Увлажняющий крем (мини),KAMA オム アクア バイオ モイスチャライザー（ミニ）,KAMA Homme Kem dưỡng ẩm Aqua Bio (Mini)
KSXX2T1,까마 옴므 아쿠아 바이오 스킨케어 세트,까마,KSAM001,KAMA,KAMA Homme Aqua Bio Skincare Set,KAMA 男士水活生物护肤套装,KAMA Homme Aqua Bio Набор для ухода за кожей,KAMA オム アクア バイオ スキンケア セット,KAMA Homme Bộ chăm sóc da Aqua Bio
KSAT001,까마 옴므 아쿠아 바이오 토너,까마,KSAM001,KAMA,KAMA Homme Aqua Bio Toner,KAMA 男士水活生物爽肤水,KAMA Homme Aqua Bio Тонер,KAMA オム アクア バイオ トナー,KAMA Homme Toner Aqua Bio
KSATM01,까마 옴므 아쿠아 바이오 토너 (미니),까마,KSAM001,KAMA,KAMA Homme Aqua Bio Toner (Mini),KAMA 男士水活生物爽肤水（迷你装）,KAMA Homme Aqua Bio Тонер (мини),KAMA オム アクア バイオ トナー（ミニ）,KAMA Homme Toner Aqua Bio (Mini)
RRHW002,로에랑스 블루밍 버블 핸드워시- 문라이트,로에랑스,RRHW001,ROERANCE,ROERANCE Blooming Bubble Hand Wash - Moonlight,ROERANCE 花漾泡沫洗手液 - 月光,ROERANCE Blooming Bubble Жидкое мыло для рук - Moonlight,ROERANCE ブルーミング バブル ハンドウォッシュ - ムーンライト,ROERANCE Nước rửa tay bọt Blooming - Moonlight
RRHW003,로에랑스 블루밍 버블 핸드워시- 퓨어솝,로에랑스,RRHW001,ROERANCE,ROERANCE Blooming Bubble Hand Wash - Pure Soap,ROERANCE 花漾泡沫洗手液 - 纯皂,ROERANCE Blooming Bubble Жидкое мыло для рук - Pure Soap,ROERANCE ブルーミング バブル ハンドウォッシュ - ピュアソープ,ROERANCE Nước rửa tay bọt Blooming - Pure Soap
RRHW001,로에랑스 블루밍 버블 핸드워시- 화이트머스크,로에랑스,RRHW001,ROERANCE,ROERANCE Blooming Bubble Hand Wash - White Musk,ROERANCE 花漾泡沫洗手液 - 白麝香,ROERANCE Blooming Bubble Жидкое мыло для рук - White Musk,ROERANCE ブルーミング バブル ハンドウォッシュ - ホワイトムスク,ROERANCE Nước rửa tay bọt Blooming - White Musk
RRHWR02,로에랑스 블루밍 퍼퓸 버블 핸드워시- 문라이트 (리필용),로에랑스,RRHW001,ROERANCE,ROERANCE Blooming Perfume Bubble Hand Wash - Moonlight (Refill),ROERANCE 花漾香水泡沫洗手液 - 月光（替换装）,ROERANCE Blooming Perfume Bubble Жидкое мыло для рук - Moonlight (сменный блок),ROERANCE ブルーミング パフューム バブル ハンドウォッシュ - ムーンライト（詰替用）,ROERANCE Nước rửa tay bọt hương nước hoa Blooming - Moonlight (Refill)
RRHWR03,로에랑스 블루밍 퍼퓸 버블 핸드워시- 퓨어솝 (리필용),로에랑스,RRHW001,ROERANCE,ROERANCE Blooming Perfume Bubble Hand Wash - Pure Soap (Refill),ROERANCE 花漾香水泡沫洗手液 - 纯皂（替换装）,ROERANCE Blooming Perfume Bubble Жидкое мыло для рук - Pure Soap (сменный блок),ROERANCE ブルーミング パフューム バブル ハンドウォッシュ - ピュアソープ（詰替用）,ROERANCE Nước rửa tay bọt hương nước hoa Blooming - Pure Soap (Refill)
RRHWR01,로에랑스 블루밍 퍼퓸 버블 핸드워시- 화이트 머스크 (리필용),로에랑스,RRHW001,ROERANCE,ROERANCE Blooming Perfume Bubble Hand Wash - White Musk (Refill),ROERANCE 花漾香水泡沫洗手液 - 白麝香（替换装）,ROERANCE Blooming Perfume Bubble Жидкое мыло для рук - White Musk (сменный блок),ROERANCE ブルーミング パフューム バブル ハンドウォッシュ - ホワイトムスク（詰替用）,ROERANCE Nước rửa tay bọt hương nước hoa Blooming - White Musk (Refill)
RRBL001,로에랑스 블리스 마이 바디 퍼퓸 로션- 문라이트,로에랑스,RRBL001,ROERANCE,ROERANCE Bliss My Body Perfume Lotion - Moonlight,ROERANCE 幸福身体香水乳液 - 月光,ROERANCE Bliss My Body Парфюмированный лосьон для тела - Moonlight,ROERANCE ブリス マイボディ パフューム ローション - ムーンライト,ROERANCE Sữa dưỡng thể hương nước hoa Bliss - Moonlight
RRBL002,로에랑스 블리스 마이 바디 퍼퓸 로션- 체리블러썸,로에랑스,RRBL001,ROERANCE,ROERANCE Bliss My Body Perfume Lotion - Cherry Blossom,ROERANCE 幸福身体香水乳液 - 樱花,ROERANCE Bliss My Body Парфюмированный лосьон для тела - Cherry Blossom,ROERANCE ブリス マイボディ パフューム ローション - チェリーブロッサム,ROERANCE Sữa dưỡng thể hương nước hoa Bliss - Cherry Blossom
RRBM004,로에랑스 블리스 마이바디 퍼퓸미스트- 문라이트,로에랑스,RRBM001,ROERANCE,ROERANCE Bliss My Body Perfume Mist - Moonlight,ROERANCE 幸福身体香水喷雾 - 月光,ROERANCE Bliss My Body Парфюмированный мист - Moonlight,ROERANCE ブリス マイボディ パフューム ミスト - ムーンライト,ROERANCE Xịt thơm body hương nước hoa Bliss - Moonlight
RRBM013,로에랑스 블리스 마이바디 퍼퓸미스트- 브리즈 250ML,로에랑스,RRBM001,ROERANCE,ROERANCE Bliss My Body Perfume Mist - Breeze 250ML,ROERANCE 幸福身体香水喷雾 - 微风 250ML,ROERANCE Bliss My Body Парфюмированный мист - Breeze 250ML,ROERANCE ブリス マイボディ パフューム ミスト - ブリーズ 250ML,ROERANCE Xịt thơm body hương nước hoa Bliss - Breeze 250ML
RRBM010,로에랑스 블리스 마이바디 퍼퓸미스트- 블루밍,로에랑스,RRBM001,ROERANCE,ROERANCE Bliss My Body Perfume Mist - Blooming,ROERANCE 幸福身体香水喷雾 - 花漾,ROERANCE Bliss My Body Парфюмированный мист - Blooming,ROERANCE ブリス マイボディ パフューム ミスト - ブルーミング,ROERANCE Xịt thơm body hương nước hoa Bliss - Blooming
RRBM011,로에랑스 블리스 마이바디 퍼퓸미스트- 엔디어링,로에랑스,RRBM001,ROERANCE,ROERANCE Bliss My Body Perfume Mist - Endearing,ROERANCE 幸福身体香水喷雾 - 迷人,ROERANCE Bliss My Body Парфюмированный мист - Endearing,ROERANCE ブリス マイボディ パフューム ミスト - エンディアリング,ROERANCE Xịt thơm body hương nước hoa Bliss - Endearing
RRBM012,로에랑스 블리스 마이바디 퍼퓸미스트- 체리블러썸,로에랑스,RRBM001,ROERANCE,ROERANCE Bliss My Body Perfume Mist - Cherry Blossom,ROERANCE 幸福身体香水喷雾 - 樱花,ROERANCE Bliss My Body Парфюмированный мист - Cherry Blossom,ROERANCE ブリス マイボディ パフューム ミスト - チェリーブロッサム,ROERANCE Xịt thơm body hương nước hoa Bliss - Cherry Blossom
RRBM006,로에랑스 블리스 마이바디 퍼퓸미스트- 퓨어솝,로에랑스,RRBM001,ROERANCE,ROERANCE Bliss My Body Perfume Mist - Pure Soap,ROERANCE 幸福身体香水喷雾 - 纯皂,ROERANCE Bliss My Body Парфюмированный мист - Pure Soap,ROERANCE ブリス マイボディ パフューム ミスト - ピュアソープ,ROERANCE Xịt thơm body hương nước hoa Bliss - Pure Soap
RRBM002,로에랑스 블리스 마이바디 퍼퓸미스트- 해피데이,로에랑스,RRBM001,ROERANCE,ROERANCE Bliss My Body Perfume Mist - Happy Day,ROERANCE 幸福身体香水喷雾 - 快乐日,ROERANCE Bliss My Body Парфюмированный мист - Happy Day,ROERANCE ブリス マイボディ パフューム ミスト - ハッピーデイ,ROERANCE Xịt thơm body hương nước hoa Bliss - Happy Day
RRBM001,로에랑스 블리스 마이바디 퍼퓸미스트- 화이트머스크,로에랑스,RRBM001,ROERANCE,ROERANCE Bliss My Body Perfume Mist - White Musk,ROERANCE 幸福身体香水喷雾 - 白麝香,ROERANCE Bliss My Body Парфюмированный мист - White Musk,ROERANCE ブリス マイボディ パフューム ミスト - ホワイトムスク,ROERANCE Xịt thơm body hương nước hoa Bliss - White Musk
RRPM003,로에랑스 퍼퓸 미스트- 나이브,로에랑스,,ROERANCE,ROERANCE Perfume Mist - Naive,ROERANCE 香水喷雾 - 纯真,ROERANCE Парфюмированный мист - Naive,ROERANCE パフューム ミスト - ナイーブ,ROERANCE Xịt thơm nước hoa - Naive
RRPM001,로에랑스 퍼퓸 미스트- 듀,로에랑스,,ROERANCE,ROERANCE Perfume Mist - Dew,ROERANCE 香水喷雾 - 晨露,ROERANCE Парфюмированный мист - Dew,ROERANCE パフューム ミスト - デュー,ROERANCE Xịt thơm nước hoa - Dew
RRPM002,로에랑스 퍼퓸 미스트- 레인,로에랑스,,ROERANCE,ROERANCE Perfume Mist - Rain,ROERANCE 香水喷雾 - 雨,ROERANCE Парфюмированный мист - Rain,ROERANCE パフューム ミスト - レイン,ROERANCE Xịt thơm nước hoa - Rain
RMOP000,로즈마인 5 오데퍼퓸,로즈마인,RMOP000,ROSEMINE,ROSEMINE 5 Eau de Parfum,ROSEMINE 5 浓香水,ROSEMINE 5 Парфюмерная вода,ROSEMINE 5 オードパルファム,ROSEMINE 5 Nước hoa Eau de Parfum
RLBL001,로즈마인 라파밀리에 바디 모이스처 - 로즈마인5,로즈마인,,ROSEMINE,ROSEMINE La Famille Body Moisture - Rosemine 5,ROSEMINE 家族系列身体保湿乳 - Rosemine 5,ROSEMINE La Famille Увлажняющий лосьон для тела - Rosemine 5,ROSEMINE ラファミリエ ボディ モイスチャー - ローズマイン5,ROSEMINE Sữa dưỡng thể La Famille - Rosemine 5
RLBL002,로즈마인 라파밀리에 바디 모이스처 - 플로랄파우더,로즈마인,,ROSEMINE,ROSEMINE La Famille Body Moisture - Floral Powder,ROSEMINE 家族系列身体保湿乳 - 花粉,ROSEMINE La Famille Увлажняющий лосьон для тела - Floral Powder,ROSEMINE ラファミリエ ボディ モイスチャー - フローラルパウダー,ROSEMINE Sữa dưỡng thể La Famille - Floral Powder
RLBC001,로즈마인 라파밀리에 바디워시- 로즈마인5,로즈마인,,ROSEMINE,ROSEMINE La Famille Body Wash - Rosemine 5,ROSEMINE 家族系列沐浴露 - Rosemine 5,ROSEMINE La Famille Гель для душа - Rosemine 5,ROSEMINE ラファミリエ ボディウォッシュ - ローズマイン5,ROSEMINE Sữa tắm La Famille - Rosemine 5
RLBC003,로즈마인 라파밀리에 바디워시- 보타닉가든,로즈마인,,ROSEMINE,ROSEMINE La Famille Body Wash - Botanic Garden,ROSEMINE 家族系列沐浴露 - 植物花园,ROSEMINE La Famille Гель для душа - Botanic Garden,ROSEMINE ラファミリエ ボディウォッシュ - ボタニックガーデン,ROSEMINE Sữa tắm La Famille - Botanic Garden
RLBC002,로즈마인 라파밀리에 바디워시- 플로랄파우더,로즈마인,,ROSEMINE,ROSEMINE La Famille Body Wash - Floral Powder,ROSEMINE 家族系列沐浴露 - 花粉,ROSEMINE La Famille Гель для душа - Floral Powder,ROSEMINE ラファミリエ ボディウォッシュ - フローラルパウダー,ROSEMINE Sữa tắm La Famille - Floral Powder
RMXX4T1,로즈마인 스팀 소프트 바디 기프트 세트 (4종),로즈마인,RMBL000,ROSEMINE,ROSEMINE Steam Soft Body Gift Set (4 Items),ROSEMINE 蒸汽柔软身体礼盒套装（4件）,ROSEMINE Steam Soft Подарочный набор для тела (4 шт.),ROSEMINE スチーム ソフト ボディ ギフトセット（4種）,ROSEMINE Bộ quà tặng Steam Soft Body (4 món)
RMBL000,로즈마인 스팀 소프트 바디로션 - 가든로즈,로즈마인,RMBL000,ROSEMINE,ROSEMINE Steam Soft Body Lotion - Garden Rose,ROSEMINE 蒸汽柔软身体乳 - 花园玫瑰,ROSEMINE Steam Soft Лосьон для тела - Garden Rose,ROSEMINE スチーム ソフト ボディローション - ガーデンローズ,ROSEMINE Sữa dưỡng thể Steam Soft - Garden Rose
RMBL013,로즈마인 스팀 소프트 바디로션 - 글래밍비쥬,로즈마인,RMBL000,ROSEMINE,ROSEMINE Steam Soft Body Lotion - Glamming Bijou,ROSEMINE 蒸汽柔软身体乳 - 璀璨珠宝,ROSEMINE Steam Soft Лосьон для тела - Glamming Bijou,ROSEMINE スチーム ソフト ボディローション - グラミングビジュー,ROSEMINE Sữa dưỡng thể Steam Soft - Glamming Bijou
RMSG001,로즈마인 스팀 소프트 샤워젤 - 가든로즈,로즈마인,RMBL000,ROSEMINE,ROSEMINE Steam Soft Shower Gel - Garden Rose,ROSEMINE 蒸汽柔软沐浴啫喱 - 花园玫瑰,ROSEMINE Steam Soft Гель для душа - Garden Rose,ROSEMINE スチーム ソフト シャワージェル - ガーデンローズ,ROSEMINE Gel tắm Steam Soft - Garden Rose
RMSG002,로즈마인 스팀 소프트 샤워젤 - 밀크코튼,로즈마인,RMBL000,ROSEMINE,ROSEMINE Steam Soft Shower Gel - Milk Cotton,ROSEMINE 蒸汽柔软沐浴啫喱 - 牛奶棉花,ROSEMINE Steam Soft Гель для душа - Milk Cotton,ROSEMINE スチーム ソフト シャワージェル - ミルクコットン,ROSEMINE Gel tắm Steam Soft - Milk Cotton
RMSG004,로즈마인 스팀 소프트 샤워젤 - 쁘띠베이비,로즈마인,RMBL000,ROSEMINE,ROSEMINE Steam Soft Shower Gel - Petit Baby,ROSEMINE 蒸汽柔软沐浴啫喱 - 小宝贝,ROSEMINE Steam Soft Гель для душа - Petit Baby,ROSEMINE スチーム ソフト シャワージェル - プティベビー,ROSEMINE Gel tắm Steam Soft - Petit Baby
RMHC000,로즈마인 스팀 소프트 핸드크림 - 가든로즈,로즈마인,RMBL000,ROSEMINE,ROSEMINE Steam Soft Hand Cream - Garden Rose,ROSEMINE 蒸汽柔软护手霜 - 花园玫瑰,ROSEMINE Steam Soft Крем для рук - Garden Rose,ROSEMINE スチーム ソフト ハンドクリーム - ガーデンローズ,ROSEMINE Kem dưỡng tay Steam Soft - Garden Rose
RABD2T1,로즈마인 아로마 리 고요 바디 세트 (2종),로즈마인,RABC004,ROSEMINE,ROSEMINE Aroma Lee Goyo Body Set (2 Items),ROSEMINE 香氛李高瑜身体套装（2件）,ROSEMINE Aroma Lee Goyo Набор для тела (2 шт.),ROSEMINE アロマ リ ゴヨ ボディ セット（2種）,ROSEMINE Bộ dưỡng thể Aroma Lee Goyo (2 món)
RABL004,로즈마인 아로마 리 고요 바디로션,로즈마인,RABC004,ROSEMINE,ROSEMINE Aroma Lee Goyo Body Lotion,ROSEMINE 香氛李高瑜身体乳,ROSEMINE Aroma Lee Goyo Лосьон для тела,ROSEMINE アロマ リ ゴヨ ボディローション,ROSEMINE Sữa dưỡng thể Aroma Lee Goyo
RABC004,로즈마인 아로마 리 고요 바디워시,로즈마인,RABC004,ROSEMINE,ROSEMINE Aroma Lee Goyo Body Wash,ROSEMINE 香氛李高瑜沐浴露,ROSEMINE Aroma Lee Goyo Гель для душа,ROSEMINE アロマ リ ゴヨ ボディウォッシュ,ROSEMINE Sữa tắm Aroma Lee Goyo
RMBL015,로즈마인 퍼퓸드 바디로션 - 가든로즈,로즈마인,RMBL001,ROSEMINE,ROSEMINE Perfumed Body Lotion - Garden Rose,ROSEMINE 香水身体乳 - 花园玫瑰,ROSEMINE Парфюмированный лосьон для тела - Garden Rose,ROSEMINE パフュームド ボディローション - ガーデンローズ,ROSEMINE Sữa dưỡng thể hương nước hoa - Garden Rose
RMBL016,로즈마인 퍼퓸드 바디로션 - 러브센세이션,로즈마인,RMBL001,ROSEMINE,ROSEMINE Perfumed Body Lotion - Love Sensation,ROSEMINE 香水身体乳 - 爱的感觉,ROSEMINE Парфюмированный лосьон для тела - Love Sensation,ROSEMINE パフュームド ボディローション - ラブセンセーション,ROSEMINE Sữa dưỡng thể hương nước hoa - Love Sensation
RMBL007,로즈마인 퍼퓸드 바디로션 - 메이비,로즈마인,RMBL001,ROSEMINE,ROSEMINE Perfumed Body Lotion - Maybe,ROSEMINE 香水身体乳 - Maybe,ROSEMINE Парфюмированный лосьон для тела - Maybe,ROSEMINE パフュームド ボディローション - メイビー,ROSEMINE Sữa dưỡng thể hương nước hoa - Maybe
RMBL014,로즈마인 퍼퓸드 바디로션 - 모링가,로즈마인,RMBL001,ROSEMINE,ROSEMINE Perfumed Body Lotion - Moringa,ROSEMINE 香水身体乳 - 辣木,ROSEMINE Парфюмированный лосьон для тела - Moringa,ROSEMINE パフュームド ボディローション - モリンガ,ROSEMINE Sữa dưỡng thể hương nước hoa - Moringa
RMBL006,로즈마인 퍼퓸드 바디로션 - 블레싱 블러썸,로즈마인,RMBL001,ROSEMINE,ROSEMINE Perfumed Body Lotion - Blessing Blossom,ROSEMINE 香水身体乳 - 祝福花开,ROSEMINE Парфюмированный лосьон для тела - Blessing Blossom,ROSEMINE パフュームド ボディローション - ブレッシングブロッサム,ROSEMINE Sữa dưỡng thể hương nước hoa - Blessing Blossom
RMBL017,로즈마인 퍼퓸드 바디로션 - 클래식,로즈마인,RMBL001,ROSEMINE,ROSEMINE Perfumed Body Lotion - Classic,ROSEMINE 香水身体乳 - 经典,ROSEMINE Парфюмированный лосьон для тела - Classic,ROSEMINE パフュームド ボディローション - クラシック,ROSEMINE Sữa dưỡng thể hương nước hoa - Classic
RMBL005,로즈마인 퍼퓸드 바디로션 - 프레쉬 그린티,로즈마인,RMBL001,ROSEMINE,ROSEMINE Perfumed Body Lotion - Fresh Green Tea,ROSEMINE 香水身体乳 - 清新绿茶,ROEMINE Парфюмированный лосьон для тела - Fresh Green Tea,ROSEMINE パフュームド ボディローション - フレッシュグリーンティー,ROSEMINE Sữa dưỡng thể hương nước hoa - Fresh Green Tea
RMBL003,로즈마인 퍼퓸드 바디로션 글래밍 비쥬,로즈마인,RMBL001,ROSEMINE,ROSEMINE Perfumed Body Lotion Glamming Bijou,ROSEMINE 香水身体乳 璀璨珠宝,ROSEMINE Парфюмированный лосьон для тела Glamming Bijou,ROSEMINE パフュームド ボディローション グラミングビジュー,ROSEMINE Sữa dưỡng thể hương nước hoa Glamming Bijou
RMBL004,로즈마인 퍼퓸드 바디로션 머스크 앤 머스크,로즈마인,RMBL001,ROSEMINE,ROSEMINE Perfumed Body Lotion Musk & Musk,ROSEMINE 香水身体乳 麝香与麝香,ROSEMINE Парфюмированный лосьон для тела Musk & Musk,ROSEMINE パフュームド ボディローション ムスク アンド ムスク,ROSEMINE Sữa dưỡng thể hương nước hoa Musk & Musk
RMBL002,로즈마인 퍼퓸드 바디로션 쁘띠 베이비,로즈마인,RMBL001,ROSEMINE,ROSEMINE Perfumed Body Lotion Petit Baby,ROSEMINE 香水身体乳 小宝贝,ROSEMINE Парфюмированный лосьон для тела Petit Baby,ROSEMINE パフュームド ボディローション プティ ベビー,ROSEMINE Sữa dưỡng thể hương nước hoa Petit Baby
RMBL001,로즈마인 퍼퓸드 바디로션 플로랄 어도르,로즈마인,RMBL001,ROSEMINE,ROSEMINE Perfumed Body Lotion Floral Adore,ROSEMINE 香水身体乳 花之倾慕,ROSEMINE Парфюмированный лосьон для тела Floral Adore,ROSEMINE パフュームド ボディローション フローラル アドール,ROSEMINE Sữa dưỡng thể hương nước hoa Floral Adore
RMBL023,로즈마인 퍼퓸드 바디로션- 골든플라워,로즈마인,RMBL001,ROSEMINE,ROSEMINE Perfumed Body Lotion - Golden Flower,ROSEMINE 香水身体乳 - 金色花朵,ROSEMINE Парфюмированный лосьон для тела - Golden Flower,ROSEMINE パフュームド ボディローション - ゴールデンフラワー,ROSEMINE Sữa dưỡng thể hương nước hoa - Golden Flower
RMBL021,로즈마인 퍼퓸드 바디로션- 퍼플글로우,로즈마인,RMBL001,ROSEMINE,ROSEMINE Perfumed Body Lotion - Purple Glow,ROSEMINE 香水身体乳 - 紫色光芒,ROSEMINE Парфюмированный лосьон для тела - Purple Glow,ROSEMINE パフュームド ボディローション - パープルグロウ,ROSEMINE Sữa dưỡng thể hương nước hoa - Purple Glow
RPBC015,로즈마인 퍼퓸드 바디워시 - 가든로즈,로즈마인,RMBL001,ROSEMINE,ROSEMINE Perfumed Body Wash - Garden Rose,ROSEMINE 香水沐浴露 - 花园玫瑰,ROSEMINE Парфюмированный гель для душа - Garden Rose,ROSEMINE パフュームド ボディウォッシュ - ガーデンローズ,ROSEMINE Sữa tắm hương nước hoa - Garden Rose
RPBC003,로즈마인 퍼퓸드 바디워시 - 글래밍 비쥬,로즈마인,RMBL001,ROSEMINE,ROSEMINE Perfumed Body Wash - Glamming Bijou,ROSEMINE 香水沐浴露 - 璀璨珠宝,ROSEMINE Парфюмированный гель для душа - Glamming Bijou,ROSEMINE パフュームド ボディウォッシュ - グラミングビジュー,ROSEMINE Sữa tắm hương nước hoa - Glamming Bijou
RPBC016,로즈마인 퍼퓸드 바디워시 - 러브센세이션,로즈마인,RMBL001,ROSEMINE,ROSEMINE Perfumed Body Wash - Love Sensation,ROSEMINE 香水沐浴露 - 爱的感觉,ROSEMINE Парфюмированный гель для душа - Love Sensation,ROSEMINE パフュームド ボディウォッシュ - ラブセンセーション,ROSEMINE Sữa tắm hương nước hoa - Love Sensation
RPBC004,로즈마인 퍼퓸드 바디워시 - 머스크 앤 머스크,로즈마인,RMBL001,ROSEMINE,ROSEMINE Perfumed Body Wash - Musk & Musk,ROSEMINE 香水沐浴露 - 麝香与麝香,ROSEMINE Парфюмированный гель для душа - Musk & Musk,ROSEMINE パフュームド ボディウォッシュ - ムスク アンド ムスク,ROSEMINE Sữa tắm hương nước hoa - Musk & Musk
RPBC007,로즈마인 퍼퓸드 바디워시 - 메이비,로즈마인,RMBL001,ROSEMINE,ROSEMINE Perfumed Body Wash - Maybe,ROSEMINE 香水沐浴露 - Maybe,ROSEMINE Парфюмированный гель для душа - Maybe,ROSEMINE パフュームド ボディウォッシュ - メイビー,ROSEMINE Sữa tắm hương nước hoa - Maybe
RPBC008,로즈마인 퍼퓸드 바디워시 - 모링가,로즈마인,RMBL001,ROSEMINE,ROSEMINE Perfumed Body Wash - Moringa,ROSEMINE 香水沐浴露 - 辣木,ROSEMINE Парфюмированный гель для душа - Moringa,ROSEMINE パフュームド ボディウォッシュ - モリンガ,ROSEMINE Sữa tắm hương nước hoa - Moringa
RPBC006,로즈마인 퍼퓸드 바디워시 - 블레싱 블러썸,로즈마인,RMBL001,ROSEMINE,ROSEMINE Perfumed Body Wash - Blessing Blossom,ROSEMINE 香水沐浴露 - 祝福花开,ROSEMINE Парфюмированный гель для душа - Blessing Blossom,ROSEMINE パフュームド ボディウォッシュ - ブレッシングブロッサム,ROSEMINE Sữa tắm hương nước hoa - Blessing Blossom
RPBC002,로즈마인 퍼퓸드 바디워시 - 쁘띠 베이비,로즈마인,RMBL001,ROSEMINE,ROSEMINE Perfumed Body Wash - Petit Baby,ROSEMINE 香水沐浴露 - 小宝贝,ROSEMINE Парфюмированный гель для душа - Petit Baby,ROSEMINE パフュームド ボディウォッシュ - プティ ベビー,ROSEMINE Sữa tắm hương nước hoa - Petit Baby
RPBC017,로즈마인 퍼퓸드 바디워시 - 클래식,로즈마인,RMBL001,ROSEMINE,ROSEMINE Perfumed Body Wash - Classic,ROSEMINE 香水沐浴露 - 经典,ROSEMINE Парфюмированный гель для душа - Classic,ROSEMINE パフュームド ボディウォッシュ - クラシック,ROSEMINE Sữa tắm hương nước hoa - Classic
RPBC005,로즈마인 퍼퓸드 바디워시 - 프레쉬 그린티,로즈마인,RMBL001,ROSEMINE,ROSEMINE Perfumed Body Wash - Fresh Green Tea,ROSEMINE 香水沐浴露 - 清新绿茶,ROSEMINE Парфюмированный гель для душа - Fresh Green Tea,ROSEMINE パフュームド ボディウォッシュ - フレッシュグリーンティー,ROSEMINE Sữa tắm hương nước hoa - Fresh Green Tea
RPBC001,로즈마인 퍼퓸드 바디워시 - 플로랄 어도르,로즈마인,RMBL001,ROSEMINE,ROSEMINE Perfumed Body Wash - Floral Adore,ROSEMINE 香水沐浴露 - 花之倾慕,ROSEMINE Парфюмированный гель для душа - Floral Adore,ROSEMINE パフュームド ボディウォッシュ - フローラル アドール,ROSEMINE Sữa tắm hương nước hoa - Floral Adore
RMHC05T,로즈마인 퍼퓸드 핸드크림 5종 세트,로즈마인,RMHC001,ROSEMINE,ROSEMINE Perfumed Hand Cream 5-Piece Set,ROSEMINE 香水护手霜5件套装,ROSEMINE Парфюмированный крем для рук Набор из 5 шт.,ROSEMINE パフュームド ハンドクリーム 5種セット,ROSEMINE Bộ kem dưỡng tay hương nước hoa 5 món
RMHC001,로즈마인 퍼퓸드 핸드크림 가든 로즈,로즈마인,RMHC001,ROSEMINE,ROSEMINE Perfumed Hand Cream Garden Rose,ROSEMINE 香水护手霜 花园玫瑰,ROSEMINE Парфюмированный крем для рук Garden Rose,ROSEMINE パフュームド ハンドクリーム ガーデンローズ,ROSEMINE Kem dưỡng tay hương nước hoa Garden Rose
RMHC009,로즈마인 퍼퓸드 핸드크림 글래밍 비쥬,로즈마인,RMHC001,ROSEMINE,ROSEMINE Perfumed Hand Cream Glamming Bijou,ROSEMINE 香水护手霜 璀璨珠宝,ROSEMINE Парфюмированный крем для рук Glamming Bijou,ROSEMINE パフュームド ハンドクリーム グラミングビジュー,ROSEMINE Kem dưỡng tay hương nước hoa Glamming Bijou
RMHC008,로즈마인 퍼퓸드 핸드크림 나나즈 릴리,로즈마인,RMHC001,ROSEMINE,ROSEMINE Perfumed Hand Cream Nana's Lily,ROSEMINE 香水护手霜 娜娜百合,ROSEMINE Парфюмированный крем для рук Nana's Lily,ROSEMINE パフュームド ハンドクリーム ナナズリリー,ROSEMINE Kem dưỡng tay hương nước hoa Nana's Lily
RMHC010,로즈마인 퍼퓸드 핸드크림 머스크 앤 머스크,로즈마인,RMHC001,ROSEMINE,ROSEMINE Perfumed Hand Cream Musk & Musk,ROSEMINE 香水护手霜 麝香与麝香,ROSEMINE Парфюмированный крем для рук Musk & Musk,ROSEMINE パフュームド ハンドクリーム ムスク アンド ムスク,ROSEMINE Kem dưỡng tay hương nước hoa Musk & Musk
RMHC011,로즈마인 퍼퓸드 핸드크림 메이비,로즈마인,RMHC001,ROSEMINE,ROSEMINE Perfumed Hand Cream Maybe,ROSEMINE 香水护手霜 Maybe,ROSEMINE Парфюмированный крем для рук Maybe,ROSEMINE パフュームド ハンドクリーム メイビー,ROSEMINE Kem dưỡng tay hương nước hoa Maybe
RMHC003,로즈마인 퍼퓸드 핸드크림 쁘띠 베이비,로즈마인,RMHC001,ROSEMINE,ROSEMINE Perfumed Hand Cream Petit Baby,ROSEMINE 香水护手霜 小宝贝,ROSEMINE Парфюмированный крем для рук Petit Baby,ROSEMINE パフュームド ハンドクリーム プティ ベビー,ROSEMINE Kem dưỡng tay hương nước hoa Petit Baby
RMHC002,로즈마인 퍼퓸드 핸드크림 패션 프룻,로즈마인,RMHC001,ROSEMINE,ROSEMINE Perfumed Hand Cream Passion Fruit,ROSEMINE 香水护手霜 百香果,ROSEMINE Парфюмированный крем для рук Passion Fruit,ROSEMINE パフュームド ハンドクリーム パッションフルーツ,ROSEMINE Kem dưỡng tay hương nước hoa Passion Fruit
RMHC007,로즈마인 퍼퓸드 핸드크림 헤스페리데스,로즈마인,RMHC001,ROSEMINE,ROSEMINE Perfumed Hand Cream Hesperides,ROSEMINE 香水护手霜 赫斯珀里得斯,ROSEMINE Парфюмированный крем для рук Hesperides,ROSEMINE パフュームド ハンドクリーム ヘスペリデス,ROSEMINE Kem dưỡng tay hương nước hoa Hesperides
RMHC019,로즈마인 퍼퓸드 핸드크림- 라비에,로즈마인,RMHC001,ROSEMINE,ROSEMINE Perfumed Hand Cream - La Vie,ROSEMINE 香水护手霜 - La Vie,ROSEMINE Парфюмированный крем для рук - La Vie,ROSEMINE パフュームド ハンドクリーム - ラヴィエ,ROSEMINE Kem dưỡng tay hương nước hoa - La Vie
RMHC016,로즈마인 퍼퓸드 핸드크림- 머스크앤머스크2,로즈마인,RMHC001,ROSEMINE,ROSEMINE Perfumed Hand Cream - Musk & Musk 2,ROSEMINE 香水护手霜 - 麝香与麝香2,ROSEMINE Парфюмированный крем для рук - Musk & Musk 2,ROSEMINE パフュームド ハンドクリーム - ムスクアンドムスク2,ROSEMINE Kem dưỡng tay hương nước hoa - Musk & Musk 2
RMHC015,로즈마인 퍼퓸드 핸드크림- 모링가,로즈마인,RMHC001,ROSEMINE,ROSEMINE Perfumed Hand Cream - Moringa,ROSEMINE 香水护手霜 - 辣木,ROSEMINE Парфюмированный крем для рук - Moringa,ROSEMINE パフュームド ハンドクリーム - モリンガ,ROSEMINE Kem dưỡng tay hương nước hoa - Moringa
RMHC018,"로즈마인 퍼퓸드 핸드크림- 오, 프레쉬",로즈마인,RMHC001,ROSEMINE,"ROSEMINE Perfumed Hand Cream - Oh, Fresh","ROSEMINE 香水护手霜 - 噢，清新","ROSEMINE Парфюмированный крем для рук - Oh, Fresh","ROSEMINE パフュームド ハンドクリーム - オー、フレッシュ","ROSEMINE Kem dưỡng tay hương nước hoa - Oh, Fresh"
RMHC017,로즈마인 퍼퓸드 핸드크림- 클래식,로즈마인,RMHC001,ROSEMINE,ROSEMINE Perfumed Hand Cream - Classic,ROSEMINE 香水护手霜 - 经典,ROSEMINE Парфюмированный крем для рук - Classic,ROSEMINE パフュームド ハンドクリーム - クラシック,ROSEMINE Kem dưỡng tay hương nước hoa - Classic
RMSCN10,로즈마인5샤워코롱재공품,로즈마인,,ROSEMINE,ROSEMINE 5 Shower Cologne (Promotional),ROSEMINE 5 沐浴古龙水（促销品）,ROSEMINE 5 Одеколон для душа (промо),ROSEMINE 5 シャワーコロン（非売品）,ROSEMINE 5 Nước hoa tắm (Quà tặng)
BRSCN10,블루로즈마인 샤워코롱(2011),로즈마인,BRSCN10,ROSEMINE,Blue ROSEMINE Shower Cologne (2011),蓝色ROSEMINE 沐浴古龙水（2011）,Blue ROSEMINE Одеколон для душа (2011),ブルーROSEMINE シャワーコロン（2011）,Blue ROSEMINE Nước hoa tắm (2011)
MLDMB30,미미로린스 드레스 퍼퓸 모먼트 레스트- 가든파티,미미로린스,MLDMB29,MIMI LAURYNES,MIMI LAURYNES Dress Perfume Moment Rest - Garden Party,MIMI LAURYNES 衣物香水 休憩时刻 - 花园派对,MIMI LAURYNES Dress Perfume Moment Rest - Garden Party,MIMI LAURYNES ドレス パフューム モーメント レスト - ガーデンパーティ,MIMI LAURYNES Nước hoa quần áo Moment Rest - Garden Party
MLDMB31,미미로린스 드레스 퍼퓸 모먼트 레스트- 레몬트리,미미로린스,MLDMB29,MIMI LAURYNES,MIMI LAURYNES Dress Perfume Moment Rest - Lemon Tree,MIMI LAURYNES 衣物香水 休憩时刻 - 柠檬树,MIMI LAURYNES Dress Perfume Moment Rest - Lemon Tree,MIMI LAURYNES ドレス パフューム モーメント レスト - レモンツリー,MIMI LAURYNES Nước hoa quần áo Moment Rest - Lemon Tree
MLDMB29,미미로린스 드레스 퍼퓸 모먼트 레스트- 로즈부쉬,미미로린스,MLDMB29,MIMI LAURYNES,MIMI LAURYNES Dress Perfume Moment Rest - Rose Bush,MIMI LAURYNES 衣物香水 休憩时刻 - 玫瑰丛,MIMI LAURYNES Dress Perfume Moment Rest - Rose Bush,MIMI LAURYNES ドレス パフューム モーメント レスト - ローズブッシュ,MIMI LAURYNES Nước hoa quần áo Moment Rest - Rose Bush
MLDM3T1,미미로린스 드레스 퍼퓸 모먼트 블러썸 3종 세트,미미로린스,MLDM3T1,MIMI LAURYNES,MIMI LAURYNES Dress Perfume Moment Blossom 3-Piece Set,MIMI LAURYNES 衣物香水 绽放时刻 3件套装,MIMI LAURYNES Dress Perfume Moment Blossom Набор из 3 шт.,MIMI LAURYNES ドレス パフューム モーメント ブロッサム 3種セット,MIMI LAURYNES Bộ nước hoa quần áo Moment Blossom 3 món
MLDMB27,미미로린스 드레스 퍼퓸 모먼트 블러썸- 런드로맷,미미로린스,MLDM3T1,MIMI LAURYNES,MIMI LAURYNES Dress Perfume Moment Blossom - Laundromat,MIMI LAURYNES 衣物香水 绽放时刻 - 洗衣房,MIMI LAURYNES Dress Perfume Moment Blossom - Laundromat,MIMI LAURYNES ドレス パフューム モーメント ブロッサム - ランドロマット,MIMI LAURYNES Nước hoa quần áo Moment Blossom - Laundromat
MLDMB28,미미로린스 드레스 퍼퓸 모먼트 블러썸- 어도러블,미미로린스,MLDM3T1,MIMI LAURYNES,MIMI LAURYNES Dress Perfume Moment Blossom - Adorable,MIMI LAURYNES 衣物香水 绽放时刻 - 可爱,MIMI LAURYNES Dress Perfume Moment Blossom - Adorable,MIMI LAURYNES ドレス パフューム モーメント ブロッサム - アドラブル,MIMI LAURYNES Nước hoa quần áo Moment Blossom - Adorable
MLDMB26,미미로린스 드레스 퍼퓸 모먼트 블러썸- 퓨어그린,미미로린스,MLDM3T1,MIMI LAURYNES,MIMI LAURYNES Dress Perfume Moment Blossom - Pure Green,MIMI LAURYNES 衣物香水 绽放时刻 - 纯绿,MIMI LAURYNES Dress Perfume Moment Blossom - Pure Green,MIMI LAURYNES ドレス パフューム モーメント ブロッサム - ピュアグリーン,MIMI LAURYNES Nước hoa quần áo Moment Blossom - Pure Green
MLDM003,미미로린스 드레스 퍼퓸 미스트 - 드 그레이프프룻,미미로린스,MLDM001,MIMI LAURYNES,MIMI LAURYNES Dress Perfume Mist - De Grapefruit,MIMI LAURYNES 衣物香水喷雾 - 西柚,MIMI LAURYNES Dress Perfume Мист - De Grapefruit,MIMI LAURYNES ドレス パフューム ミスト - ド グレープフルーツ,MIMI LAURYNES Xịt thơm quần áo - De Grapefruit
MLDMB02,미미로린스 드레스 퍼퓸 미스트 - 머스크엣머스크,미미로린스,MLDM001,MIMI LAURYNES,MIMI LAURYNES Dress Perfume Mist - Musk et Musk,MIMI LAURYNES 衣物香水喷雾 - 麝香与麝香,MIMI LAURYNES Dress Perfume Мист - Musk et Musk,MIMI LAURYNES ドレス パフューム ミスト - ムスクエムスク,MIMI LAURYNES Xịt thơm quần áo - Musk et Musk
MLDMB08,미미로린스 드레스 퍼퓸 미스트 - 블랙베리,미미로린스,MLDM001,MIMI LAURYNES,MIMI LAURYNES Dress Perfume Mist - Blackberry,MIMI LAURYNES 衣物香水喷雾 - 黑莓,MIMI LAURYNES Dress Perfume Мист - Blackberry,MIMI LAURYNES ドレス パフューム ミスト - ブラックベリー,MIMI LAURYNES Xịt thơm quần áo - Blackberry
MLDMB09,미미로린스 드레스 퍼퓸 미스트 - 스파클링 사케,미미로린스,MLDM001,MIMI LAURYNES,MIMI LAURYNES Dress Perfume Mist - Sparkling Sake,MIMI LAURYNES 衣物香水喷雾 - 气泡清酒,MIMI LAURYNES Dress Perfume Мист - Sparkling Sake,MIMI LAURYNES ドレス パフューム ミスト - スパークリングサケ,MIMI LAURYNES Xịt thơm quần áo - Sparkling Sake
MLDMB07,미미로린스 드레스 퍼퓸 미스트 - 아로마틱 시트러스,미미로린스,MLDM001,MIMI LAURYNES,MIMI LAURYNES Dress Perfume Mist - Aromatic Citrus,MIMI LAURYNES 衣物香水喷雾 - 芳香柑橘,MIMI LAURYNES Dress Perfume Мист - Aromatic Citrus,MIMI LAURYNES ドレス パフューム ミスト - アロマティックシトラス,MIMI LAURYNES Xịt thơm quần áo - Aromatic Citrus
MLDMB04,미미로린스 드레스 퍼퓸 미스트 - 주스 드 시트론,미미로린스,MLDM001,MIMI LAURYNES,MIMI LAURYNES Dress Perfume Mist - Jus de Citron,MIMI LAURYNES 衣物香水喷雾 - 柠檬汁,MIMI LAURYNES Dress Perfume Мист - Jus de Citron,MIMI LAURYNES ドレス パフューム ミスト - ジュ ド シトロン,MIMI LAURYNES Xịt thơm quần áo - Jus de Citron
MLDMB05,미미로린스 드레스 퍼퓸 미스트 - 프레쉬 라임,미미로린스,MLDM001,MIMI LAURYNES,MIMI LAURYNES Dress Perfume Mist - Fresh Lime,MIMI LAURYNES 衣物香水喷雾 - 清新青柠,MIMI LAURYNES Dress Perfume Мист - Fresh Lime,MIMI LAURYNES ドレス パフューム ミスト - フレッシュライム,MIMI LAURYNES Xịt thơm quần áo - Fresh Lime
MLDM006,미미로린스 드레스 퍼퓸 미스트 - 프렌치 블러썸,미미로린스,MLDM001,MIMI LAURYNES,MIMI LAURYNES Dress Perfume Mist - French Blossom,MIMI LAURYNES 衣物香水喷雾 - 法式花开,MIMI LAURYNES Dress Perfume Мист - French Blossom,MIMI LAURYNES ドレス パフューム ミスト - フレンチブロッサム,MIMI LAURYNES Xịt thơm quần áo - French Blossom
MLDM001,미미로린스 드레스 퍼퓸 미스트 - 프리지아 로맨스,미미로린스,MLDM001,MIMI LAURYNES,MIMI LAURYNES Dress Perfume Mist - Freesia Romance,MIMI LAURYNES 衣物香水喷雾 - 小苍兰浪漫,MIMI LAURYNES Dress Perfume Мист - Freesia Romance,MIMI LAURYNES ドレス パフューム ミスト - フリージアロマンス,MIMI LAURYNES Xịt thơm quần áo - Freesia Romance
MLDMB10,미미로린스 드레스 퍼퓸 미스트 - 화이트 코튼,미미로린스,MLDM001,MIMI LAURYNES,MIMI LAURYNES Dress Perfume Mist - White Cotton,MIMI LAURYNES 衣物香水喷雾 - 白棉花,MIMI LAURYNES Dress Perfume Мист - White Cotton,MIMI LAURYNES ドレス パフューム ミスト - ホワイトコットン,MIMI LAURYNES Xịt thơm quần áo - White Cotton
MLDMT32,미미로린스 드레스 퍼퓸 미스트 딥 퍼퓸- 네트와제 (선물세트),미미로린스,MLDM032,MIMI LAURYNES,MIMI LAURYNES Dress Perfume Mist Deep Perfume - Nettoyage (Gift Set),MIMI LAURYNES 衣物香水喷雾 深层香水 - Nettoyage（礼盒装）,MIMI LAURYNES Dress Perfume Мист Deep Perfume - Nettoyage (подарочный набор),MIMI LAURYNES ドレス パフューム ミスト ディープパフューム - ネトワゼ（ギフトセット）,MIMI LAURYNES Xịt thơm quần áo Deep Perfume - Nettoyage (Bộ quà tặng)
MLDM032,미미로린스 드레스 퍼퓸 미스트 딥 퍼퓸- 네트와제(300ML),미미로린스,MLDM032,MIMI LAURYNES,MIMI LAURYNES Dress Perfume Mist Deep Perfume - Nettoyage (300ML),MIMI LAURYNES 衣物香水喷雾 深层香水 - Nettoyage（300ML）,MIMI LAURYNES Dress Perfume Мист Deep Perfume - Nettoyage (300ML),MIMI LAURYNES ドレス パフューム ミスト ディープパフューム - ネトワゼ（300ML）,MIMI LAURYNES Xịt thơm quần áo Deep Perfume - Nettoyage (300ML)
MLDM035,미미로린스 드레스 퍼퓸 미스트 딥 퍼퓸- 오브 (300ML),미미로린스,MLDM032,MIMI LAURYNES,MIMI LAURYNES Dress Perfume Mist Deep Perfume - Aube (300ML),MIMI LAURYNES 衣物香水喷雾 深层香水 - Aube（300ML）,MIMI LAURYNES Dress Perfume Мист Deep Perfume - Aube (300ML),MIMI LAURYNES ドレス パフューム ミスト ディープパフューム - オーブ（300ML）,MIMI LAURYNES Xịt thơm quần áo Deep Perfume - Aube (300ML)
MLDM033,미미로린스 드레스 퍼퓸 미스트 딥 퍼퓸- 테르 (300ML),미미로린스,MLDM032,MIMI LAURYNES,MIMI LAURYNES Dress Perfume Mist Deep Perfume - Terre (300ML),MIMI LAURYNES 衣物香水喷雾 深层香水 - Terre（300ML）,MIMI LAURYNES Dress Perfume Мист Deep Perfume - Terre (300ML),MIMI LAURYNES ドレス パフューム ミスト ディープパフューム - テール（300ML）,MIMI LAURYNES Xịt thơm quần áo Deep Perfume - Terre (300ML)
MLDMT33,미미로린스 드레스 퍼퓸 미스트 딥 퍼퓸- 테르 (선물세트),미미로린스,MLDM032,MIMI LAURYNES,MIMI LAURYNES Dress Perfume Mist Deep Perfume - Terre (Gift Set),MIMI LAURYNES 衣物香水喷雾 深层香水 - Terre（礼盒装）,MIMI LAURYNES Dress Perfume Мист Deep Perfume - Terre (подарочный набор),MIMI LAURYNES ドレス パフューム ミスト ディープパフューム - テール（ギフトセット）,MIMI LAURYNES Xịt thơm quần áo Deep Perfume - Terre (Bộ quà tặng)
MLDM034,미미로린스 드레스 퍼퓸 미스트 딥 퍼퓸- 플로르 (300ML),미미로린스,MLDM032,MIMI LAURYNES,MIMI LAURYNES Dress Perfume Mist Deep Perfume - Flore (300ML),MIMI LAURYNES 衣物香水喷雾 深层香水 - Flore（300ML）,MIMI LAURYNES Dress Perfume Мист Deep Perfume - Flore (300ML),MIMI LAURYNES ドレス パフューム ミスト ディープパフューム - フロール（300ML）,MIMI LAURYNES Xịt thơm quần áo Deep Perfume - Flore (300ML)
MLDM036,미미로린스 드레스 퍼퓸 미스트 딥 퍼퓸- 피브완로즈 (300ML),미미로린스,MLDM032,MIMI LAURYNES,MIMI LAURYNES Dress Perfume Mist Deep Perfume - Pivoine Rose (300ML),MIMI LAURYNES 衣物香水喷雾 深层香水 - 芍药玫瑰（300ML）,MIMI LAURYNES Dress Perfume Мист Deep Perfume - Pivoine Rose (300ML),MIMI LAURYNES ドレス パフューム ミスト ディープパフューム - ピヴォワンヌローズ（300ML）,MIMI LAURYNES Xịt thơm quần áo Deep Perfume - Pivoine Rose (300ML)
MLDMT36,미미로린스 드레스 퍼퓸 미스트 딥 퍼퓸- 피브완로즈 (선물세트),미미로린스,MLDM032,MIMI LAURYNES,MIMI LAURYNES Dress Perfume Mist Deep Perfume - Pivoine Rose (Gift Set),MIMI LAURYNES 衣物香水喷雾 深层香水 - 芍药玫瑰（礼盒装）,MIMI LAURYNES Dress Perfume Мист Deep Perfume - Pivoine Rose (подарочный набор),MIMI LAURYNES ドレス パフューム ミスト ディープパフューム - ピヴォワンヌローズ（ギフトセット）,MIMI LAURYNES Xịt thơm quần áo Deep Perfume - Pivoine Rose (Bộ quà tặng)
MLDMB12,미미로린스 드레스 퍼퓸 미스트 딥퍼퓸 레이블- 네트와제,미미로린스,MLDM001,MIMI LAURYNES,MIMI LAURYNES Dress Perfume Mist Deep Perfume Label - Nettoyage,MIMI LAURYNES 衣物香水喷雾 深层香水标签版 - Nettoyage,MIMI LAURYNES Dress Perfume Мист Deep Perfume Label - Nettoyage,MIMI LAURYNES ドレス パフューム ミスト ディープパフューム レーベル - ネトワゼ,MIMI LAURYNES Xịt thơm quần áo Deep Perfume Label - Nettoyage
MLDMA12,미미로린스 드레스 퍼퓸 미스트 딥퍼퓸 레이블- 네트와제(200ML),미미로린스,MLDM001,MIMI LAURYNES,MIMI LAURYNES Dress Perfume Mist Deep Perfume Label - Nettoyage (200ML),MIMI LAURYNES 衣物香水喷雾 深层香水标签版 - Nettoyage（200ML）,MIMI LAURYNES Dress Perfume Мист Deep Perfume Label - Nettoyage (200ML),MIMI LAURYNES ドレス パフューム ミスト ディープパフューム レーベル - ネトワゼ（200ML）,MIMI LAURYNES Xịt thơm quần áo Deep Perfume Label - Nettoyage (200ML)
MLDMB14,미미로린스 드레스 퍼퓸 미스트 딥퍼퓸 레이블- 로우드로얄,미미로린스,MLDM001,MIMI LAURYNES,MIMI LAURYNES Dress Perfume Mist Deep Perfume Label - Leau de Royal,MIMI LAURYNES 衣物香水喷雾 深层香水标签版 - 皇家之水,MIMI LAURYNES Dress Perfume Мист Deep Perfume Label - Leau de Royal,MIMI LAURYNES ドレス パフューム ミスト ディープパフューム レーベル - ローデロイヤル,MIMI LAURYNES Xịt thơm quần áo Deep Perfume Label - Leau de Royal
MLDMB19,미미로린스 드레스 퍼퓸 미스트 딥퍼퓸 레이블- 모닝듀,미미로린스,MLDM001,MIMI LAURYNES,MIMI LAURYNES Dress Perfume Mist Deep Perfume Label - Morning Dew,MIMI LAURYNES 衣物香水喷雾 深层香水标签版 - 晨露,MIMI LAURYNES Dress Perfume Мист Deep Perfume Label - Morning Dew,MIMI LAURYNES ドレス パフューム ミスト ディープパフューム レーベル - モーニングデュー,MIMI LAURYNES Xịt thơm quần áo Deep Perfume Label - Morning Dew
MLDMA08,미미로린스 드레스 퍼퓸 미스트 딥퍼퓸 레이블- 블랙베리(200ML),미미로린스,MLDM001,MIMI LAURYNES,MIMI LAURYNES Dress Perfume Mist Deep Perfume Label - Blackberry (200ML),MIMI LAURYNES 衣物香水喷雾 深层香水标签版 - 黑莓（200ML）,MIMI LAURYNES Dress Perfume Мист Deep Perfume Label - Blackberry (200ML),MIMI LAURYNES ドレス パフューム ミスト ディープパフューム レーベル - ブラックベリー（200ML）,MIMI LAURYNES Xịt thơm quần áo Deep Perfume Label - Blackberry (200ML)
MLDMA21,미미로린스 드레스 퍼퓸 미스트 딥퍼퓸 레이블- 블리스드(200ML),미미로린스,MLDM001,MIMI LAURYNES,MIMI LAURYNES Dress Perfume Mist Deep Perfume Label - Blessed (200ML),MIMI LAURYNES 衣物香水喷雾 深层香水标签版 - 祝福（200ML）,MIMI LAURYNES Dress Perfume Мист Deep Perfume Label - Blessed (200ML),MIMI LAURYNES ドレス パフューム ミスト ディープパフューム レーベル - ブレスド（200ML）,MIMI LAURYNES Xịt thơm quần áo Deep Perfume Label - Blessed (200ML)
MLDMB18,미미로린스 드레스 퍼퓸 미스트 딥퍼퓸 레이블- 세인트로즈,미미로린스,MLDM001,MIMI LAURYNES,MIMI LAURYNES Dress Perfume Mist Deep Perfume Label - Saint Rose,MIMI LAURYNES 衣物香水喷雾 深层香水标签版 - 圣玫瑰,MIMI LAURYNES Dress Perfume Мист Deep Perfume Label - Saint Rose,MIMI LAURYNES ドレス パフューム ミスト ディープパフューム レーベル - セイントローズ,MIMI LAURYNES Xịt thơm quần áo Deep Perfume Label - Saint Rose
MLDMB17,미미로린스 드레스 퍼퓸 미스트 딥퍼퓸 레이블- 우드세이지,미미로린스,MLDM001,MIMI LAURYNES,MIMI LAURYNES Dress Perfume Mist Deep Perfume Label - Wood Sage,MIMI LAURYNES 衣物香水喷雾 深层香水标签版 - 木鼠尾草,MIMI LAURYNES Dress Perfume Мист Deep Perfume Label - Wood Sage,MIMI LAURYNES ドレス パフューム ミスト ディープパフューム レーベル - ウッドセージ,MIMI LAURYNES Xịt thơm quần áo Deep Perfume Label - Wood Sage
MLDMB13,미미로린스 드레스 퍼퓸 미스트 딥퍼퓸 레이블- 인헤븐,미미로린스,MLDM001,MIMI LAURYNES,MIMI LAURYNES Dress Perfume Mist Deep Perfume Label - In Heaven,MIMI LAURYNES 衣物香水喷雾 深层香水标签版 - 天堂,MIMI LAURYNES Dress Perfume Мист Deep Perfume Label - In Heaven,MIMI LAURYNES ドレス パフューム ミスト ディープパフューム レーベル - インヘブン,MIMI LAURYNES Xịt thơm quần áo Deep Perfume Label - In Heaven
MLDMB16,미미로린스 드레스 퍼퓸 미스트 딥퍼퓸 레이블- 퀸스플라워,미미로린스,MLDM001,MIMI LAURYNES,MIMI LAURYNES Dress Perfume Mist Deep Perfume Label - Quince Flower,MIMI LAURYNES 衣物香水喷雾 深层香水标签版 - 榅桲花,MIMI LAURYNES Dress Perfume Мист Deep Perfume Label - Quince Flower,MIMI LAURYNES ドレス パフューム ミスト ディープパフューム レーベル - クインスフラワー,MIMI LAURYNES Xịt thơm quần áo Deep Perfume Label - Quince Flower
MLDMA01,미미로린스 드레스 퍼퓸 미스트 딥퍼퓸 레이블- 프리지아로맨스(200ML),미미로린스,MLDM001,MIMI LAURYNES,MIMI LAURYNES Dress Perfume Mist Deep Perfume Label - Freesia Romance (200ML),MIMI LAURYNES 衣物香水喷雾 深层香水标签版 - 小苍兰浪漫（200ML）,MIMI LAURYNES Dress Perfume Мист Deep Perfume Label - Freesia Romance (200ML),MIMI LAURYNES ドレス パフューム ミスト ディープパフューム レーベル - フリージアロマンス（200ML）,MIMI LAURYNES Xịt thơm quần áo Deep Perfume Label - Freesia Romance (200ML)
MLDMB15,미미로린스 드레스 퍼퓸 미스트 딥퍼퓸 레이블- 플로레종,미미로린스,MLDM001,MIMI LAURYNES,MIMI LAURYNES Dress Perfume Mist Deep Perfume Label - Floraison,MIMI LAURYNES 衣物香水喷雾 深层香水标签版 - 花开,MIMI LAURYNES Dress Perfume Мист Deep Perfume Label - Floraison,MIMI LAURYNES ドレス パフューム ミスト ディープパフューム レーベル - フロレゾン,MIMI LAURYNES Xịt thơm quần áo Deep Perfume Label - Floraison
MLDMA15,미미로린스 드레스 퍼퓸 미스트 딥퍼퓸 레이블- 플로레종(200ML),미미로린스,MLDM001,MIMI LAURYNES,MIMI LAURYNES Dress Perfume Mist Deep Perfume Label - Floraison (200ML),MIMI LAURYNES 衣物香水喷雾 深层香水标签版 - 花开（200ML）,MIMI LAURYNES Dress Perfume Мист Deep Perfume Label - Floraison (200ML),MIMI LAURYNES ドレス パフューム ミスト ディープパフューム レーベル - フロレゾン（200ML）,MIMI LAURYNES Xịt thơm quần áo Deep Perfume Label - Floraison (200ML)
MLDMB11,미미로린스 드레스 퍼퓸 미스트 딥퍼퓸 레이블- 피브완로즈,미미로린스,MLDM001,MIMI LAURYNES,MIMI LAURYNES Dress Perfume Mist Deep Perfume Label - Pivoine Rose,MIMI LAURYNES 衣物香水喷雾 深层香水标签版 - 芍药玫瑰,MIMI LAURYNES Dress Perfume Мист Deep Perfume Label - Pivoine Rose,MIMI LAURYNES ドレス パフューム ミスト ディープパフューム レーベル - ピヴォワンヌローズ,MIMI LAURYNES Xịt thơm quần áo Deep Perfume Label - Pivoine Rose
MLDMB20,미미로린스 드레스 퍼퓸 미스트 딥퍼퓸 레이블- 피치플로랄,미미로린스,MLDM001,MIMI LAURYNES,MIMI LAURYNES Dress Perfume Mist Deep Perfume Label - Peach Floral,MIMI LAURYNES 衣物香水喷雾 深层香水标签版 - 桃花,MIMI LAURYNES Dress Perfume Мист Deep Perfume Label - Peach Floral,MIMI LAURYNES ドレス パフューム ミスト ディープパフューム レーベル - ピーチフローラル,MIMI LAURYNES Xịt thơm quần áo Deep Perfume Label - Peach Floral
MLDMA20,미미로린스 드레스 퍼퓸 미스트 딥퍼퓸 레이블- 피치플로랄(200ML),미미로린스,MLDM001,MIMI LAURYNES,MIMI LAURYNES Dress Perfume Mist Deep Perfume Label - Peach Floral (200ML),MIMI LAURYNES 衣物香水喷雾 深层香水标签版 - 桃花（200ML）,MIMI LAURYNES Dress Perfume Мист Deep Perfume Label - Peach Floral (200ML),MIMI LAURYNES ドレス パフューム ミスト ディープパフューム レーベル - ピーチフローラル（200ML）,MIMI LAURYNES Xịt thơm quần áo Deep Perfume Label - Peach Floral (200ML)
MLDF029,미미로린스 딥 퍼퓸 디퓨져- 네트와제,미미로린스,MLDF028,MIMI LAURYNES,MIMI LAURYNES Deep Perfume Diffuser - Nettoyage,MIMI LAURYNES 深层香水扩香器 - Nettoyage,MIMI LAURYNES Deep Perfume Диффузор - Nettoyage,MIMI LAURYNES ディープパフューム ディフューザー - ネトワゼ,MIMI LAURYNES Tinh dầu khuếch tán Deep Perfume - Nettoyage
MLDF030,미미로린스 딥 퍼퓸 디퓨져- 테르,미미로린스,MLDF028,MIMI LAURYNES,MIMI LAURYNES Deep Perfume Diffuser - Terre,MIMI LAURYNES 深层香水扩香器 - Terre,MIMI LAURYNES Deep Perfume Диффузор - Terre,MIMI LAURYNES ディープパフューム ディフューザー - テール,MIMI LAURYNES Tinh dầu khuếch tán Deep Perfume - Terre
MLDF028,미미로린스 딥 퍼퓸 디퓨져- 피브완로즈,미미로린스,MLDF028,MIMI LAURYNES,MIMI LAURYNES Deep Perfume Diffuser - Pivoine Rose,MIMI LAURYNES 深层香水扩香器 - 芍药玫瑰,MIMI LAURYNES Deep Perfume Диффузор - Pivoine Rose,MIMI LAURYNES ディープパフューム ディフューザー - ピヴォワンヌローズ,MIMI LAURYNES Tinh dầu khuếch tán Deep Perfume - Pivoine Rose
MLHC3T2,미미로린스 모먼트 래디언스 핸드 포마드크림 3종 세트,미미로린스,MLHC018,MIMI LAURYNES,MIMI LAURYNES Moment Radiance Hand Pomade Cream 3-Piece Set,MIMI LAURYNES 时刻光彩手部发蜡霜3件套装,MIMI LAURYNES Moment Radiance Крем-помада для рук Набор из 3 шт.,MIMI LAURYNES モーメント ラディアンス ハンド ポマードクリーム 3種セット,MIMI LAURYNES Bộ kem dưỡng tay Moment Radiance 3 món
MLHC020,미미로린스 모먼트 래디언스 핸드 포마드크림- 글로우온 페탈,미미로린스,MLHC018,MIMI LAURYNES,MIMI LAURYNES Moment Radiance Hand Pomade Cream - Glow On Petal,MIMI LAURYNES 时刻光彩手部发蜡霜 - 花瓣光芒,MIMI LAURYNES Moment Radiance Крем-помада для рук - Glow On Petal,MIMI LAURYNES モーメント ラディアンス ハンド ポマードクリーム - グロウオンペタル,MIMI LAURYNES Kem dưỡng tay Moment Radiance - Glow On Petal
MLHC019,미미로린스 모먼트 래디언스 핸드 포마드크림- 드로우인 선셋,미미로린스,MLHC018,MIMI LAURYNES,MIMI LAURYNES Moment Radiance Hand Pomade Cream - Drawn In Sunset,MIMI LAURYNES 时刻光彩手部发蜡霜 - 沉醉夕阳,MIMI LAURYNES Moment Radiance Крем-помада для рук - Drawn In Sunset,MIMI LAURYNES モーメント ラディアンス ハンド ポマードクリーム - ドローンインサンセット,MIMI LAURYNES Kem dưỡng tay Moment Radiance - Drawn In Sunset
MLHC018,미미로린스 모먼트 래디언스 핸드 포마드크림- 아로마틱 리플렉션,미미로린스,MLHC018,MIMI LAURYNES,MIMI LAURYNES Moment Radiance Hand Pomade Cream - Aromatic Reflection,MIMI LAURYNES 时刻光彩手部发蜡霜 - 芳香倒影,MIMI LAURYNES Moment Radiance Крем-помада для рук - Aromatic Reflection,MIMI LAURYNES モーメント ラディアンス ハンド ポマードクリーム - アロマティックリフレクション,MIMI LAURYNES Kem dưỡng tay Moment Radiance - Aromatic Reflection
MLHD002,미미로린스 모먼트 래디언스 핸드솝 아주르 프로스티,미미로린스,MLHD001,MIMI LAURYNES,MIMI LAURYNES Moment Radiance Hand Soap Azure Frosty,MIMI LAURYNES 时刻光彩洗手液 蔚蓝冰霜,MIMI LAURYNES Moment Radiance Мыло для рук Azure Frosty,MIMI LAURYNES モーメント ラディアンス ハンドソープ アジュール フロスティ,MIMI LAURYNES Nước rửa tay Moment Radiance Azure Frosty
MLHD003,미미로린스 모먼트 래디언스 핸드솝 애프터 레인,미미로린스,MLHD001,MIMI LAURYNES,MIMI LAURYNES Moment Radiance Hand Soap After Rain,MIMI LAURYNES 时刻光彩洗手液 雨后,MIMI LAURYNES Moment Radiance Мыло для рук After Rain,MIMI LAURYNES モーメント ラディアンス ハンドソープ アフターレイン,MIMI LAURYNES Nước rửa tay Moment Radiance After Rain
MLHD001,미미로린스 모먼트 래디언스 핸드솝 에테리얼 그레이스,미미로린스,MLHD001,MIMI LAURYNES,MIMI LAURYNES Moment Radiance Hand Soap Ethereal Grace,MIMI LAURYNES 时刻光彩洗手液 空灵优雅,MIMI LAURYNES Moment Radiance Мыло для рук Ethereal Grace,MIMI LAURYNES モーメント ラディアンス ハンドソープ エーテリアル グレイス,MIMI LAURYNES Nước rửa tay Moment Radiance Ethereal Grace
MLSP005,미미로린스 모먼트 릴렉스 헤어 샴푸 그린 블리스,미미로린스,,MIMI LAURYNES,MIMI LAURYNES Moment Relax Hair Shampoo Green Bliss,MIMI LAURYNES 时刻放松洗发水 绿色幸福,MIMI LAURYNES Moment Relax Шампунь для волос Green Bliss,MIMI LAURYNES モーメント リラックス ヘアシャンプー グリーンブリス,MIMI LAURYNES Dầu gội Moment Relax Green Bliss
MLRS005,미미로린스 모먼트 릴렉스 헤어 컨디셔너 그린 블리스,미미로린스,,MIMI LAURYNES,MIMI LAURYNES Moment Relax Hair Conditioner Green Bliss,MIMI LAURYNES 时刻放松护发素 绿色幸福,MIMI LAURYNES Moment Relax Кондиционер для волос Green Bliss,MIMI LAURYNES モーメント リラックス ヘアコンディショナー グリーンブリス,MIMI LAURYNES Dầu xả Moment Relax Green Bliss
MLBL009,미미로린스 모먼트 바디로션- 가드니아,미미로린스,MLBL007,MIMI LAURYNES,MIMI LAURYNES Moment Body Lotion - Gardenia,MIMI LAURYNES 时刻身体乳 - 栀子花,MIMI LAURYNES Moment Лосьон для тела - Gardenia,MIMI LAURYNES モーメント ボディローション - ガーデニア,MIMI LAURYNES Sữa dưỡng thể Moment - Gardenia
MLBL008,미미로린스 모먼트 바디로션- 멜리플루어스,미미로린스,MLBL007,MIMI LAURYNES,MIMI LAURYNES Moment Body Lotion - Mellifluous,MIMI LAURYNES 时刻身体乳 - 甜美,MIMI LAURYNES Moment Лосьон для тела - Mellifluous,MIMI LAURYNES モーメント ボディローション - メリフルアス,MIMI LAURYNES Sữa dưỡng thể Moment - Mellifluous
MLBL007,미미로린스 모먼트 바디로션- 뮤즈,미미로린스,MLBL007,MIMI LAURYNES,MIMI LAURYNES Moment Body Lotion - Muse,MIMI LAURYNES 时刻身体乳 - 缪斯,MIMI LAURYNES Moment Лосьон для тела - Muse,MIMI LAURYNES モーメント ボディローション - ミューズ,MIMI LAURYNES Sữa dưỡng thể Moment - Muse
MLBM003,미미로린스 모먼트 코스트 바디미스트- 마린브리즈,미미로린스,MLBM002,MIMI LAURYNES,MIMI LAURYNES Moment Coast Body Mist - Marine Breeze,MIMI LAURYNES 时刻海岸身体喷雾 - 海洋微风,MIMI LAURYNES Moment Coast Мист для тела - Marine Breeze,MIMI LAURYNES モーメント コースト ボディミスト - マリンブリーズ,MIMI LAURYNES Xịt thơm body Moment Coast - Marine Breeze
MLBM004,미미로린스 모먼트 코스트 바디미스트- 블루웨이브,미미로린스,MLBM002,MIMI LAURYNES,MIMI LAURYNES Moment Coast Body Mist - Blue Wave,MIMI LAURYNES 时刻海岸身体喷雾 - 蓝色浪潮,MIMI LAURYNES Moment Coast Мист для тела - Blue Wave,MIMI LAURYNES モーメント コースト ボディミスト - ブルーウェイブ,MIMI LAURYNES Xịt thơm body Moment Coast - Blue Wave
MLBM002,미미로린스 모먼트 코스트 바디미스트- 오션딥,미미로린스,MLBM002,MIMI LAURYNES,MIMI LAURYNES Moment Coast Body Mist - Ocean Deep,MIMI LAURYNES 时刻海岸身体喷雾 - 深海,MIMI LAURYNES Moment Coast Мист для тела - Ocean Deep,MIMI LAURYNES モーメント コースト ボディミスト - オーシャンディープ,MIMI LAURYNES Xịt thơm body Moment Coast - Ocean Deep
MLHW002,미미로린스 모먼트 플랜트 핸드워시- 베리비트,미미로린스,MLHW001,MIMI LAURYNES,MIMI LAURYNES Moment Plant Hand Wash - Berry Beat,MIMI LAURYNES 时刻植物洗手液 - 浆果节拍,MIMI LAURYNES Moment Plant Жидкое мыло для рук - Berry Beat,MIMI LAURYNES モーメント プラント ハンドウォッシュ - ベリービート,MIMI LAURYNES Nước rửa tay Moment Plant - Berry Beat
MLHW004,미미로린스 모먼트 플랜트 핸드워시- 퓨어피치,미미로린스,MLHW001,MIMI LAURYNES,MIMI LAURYNES Moment Plant Hand Wash - Pure Peach,MIMI LAURYNES 时刻植物洗手液 - 纯桃,MIMI LAURYNES Moment Plant Жидкое мыло для рук - Pure Peach,MIMI LAURYNES モーメント プラント ハンドウォッシュ - ピュアピーチ,MIMI LAURYNES Nước rửa tay Moment Plant - Pure Peach
MLHW003,미미로린스 모먼트 플랜트 핸드워시- 해피텐져린,미미로린스,MLHW001,MIMI LAURYNES,MIMI LAURYNES Moment Plant Hand Wash - Happy Tangerine,MIMI LAURYNES 时刻植物洗手液 - 快乐柑橘,MIMI LAURYNES Moment Plant Жидкое мыло для рук - Happy Tangerine,MIMI LAURYNES モーメント プラント ハンドウォッシュ - ハッピータンジェリン,MIMI LAURYNES Nước rửa tay Moment Plant - Happy Tangerine
MLHW001,미미로린스 모먼트 플랜트 핸드워시- 헤이그린,미미로린스,MLHW001,MIMI LAURYNES,MIMI LAURYNES Moment Plant Hand Wash - Hey Green,MIMI LAURYNES 时刻植物洗手液 - 嘿绿色,MIMI LAURYNES Moment Plant Жидкое мыло для рук - Hey Green,MIMI LAURYNES モーメント プラント ハンドウォッシュ - ヘイグリーン,MIMI LAURYNES Nước rửa tay Moment Plant - Hey Green
MLHC2T2,미미로린스 모먼트 플랜트 핸드케어 세트- 베리비트,미미로린스,,MIMI LAURYNES,MIMI LAURYNES Moment Plant Hand Care Set - Berry Beat,MIMI LAURYNES 时刻植物手部护理套装 - 浆果节拍,MIMI LAURYNES Moment Plant Набор для ухода за руками - Berry Beat,MIMI LAURYNES モーメント プラント ハンドケア セット - ベリービート,MIMI LAURYNES Bộ chăm sóc tay Moment Plant - Berry Beat
MLHC2T3,미미로린스 모먼트 플랜트 핸드케어 세트- 해피텐져린,미미로린스,,MIMI LAURYNES,MIMI LAURYNES Moment Plant Hand Care Set - Happy Tangerine,MIMI LAURYNES 时刻植物手部护理套装 - 快乐柑橘,MIMI LAURYNES Moment Plant Набор для ухода за руками - Happy Tangerine,MIMI LAURYNES モーメント プラント ハンドケア セット - ハッピータンジェリン,MIMI LAURYNES Bộ chăm sóc tay Moment Plant - Happy Tangerine
MLHC2T1,미미로린스 모먼트 플랜트 핸드케어 세트- 헤이그린,미미로린스,,MIMI LAURYNES,MIMI LAURYNES Moment Plant Hand Care Set - Hey Green,MIMI LAURYNES 时刻植物手部护理套装 - 嘿绿色,MIMI LAURYNES Moment Plant Набор для ухода за руками - Hey Green,MIMI LAURYNES モーメント プラント ハンドケア セット - ヘイグリーン,MIMI LAURYNES Bộ chăm sóc tay Moment Plant - Hey Green
MLHC007,미미로린스 모먼트 플랜트 핸드크림- 베리비트,미미로린스,MLHC006,MIMI LAURYNES,MIMI LAURYNES Moment Plant Hand Cream - Berry Beat,MIMI LAURYNES 时刻植物护手霜 - 浆果节拍,MIMI LAURYNES Moment Plant Крем для рук - Berry Beat,MIMI LAURYNES モーメント プラント ハンドクリーム - ベリービート,MIMI LAURYNES Kem dưỡng tay Moment Plant - Berry Beat
MLHC009,미미로린스 모먼트 플랜트 핸드크림- 퓨어피치 [500mL],미미로린스,MLHC006,MIMI LAURYNES,MIMI LAURYNES Moment Plant Hand Cream - Pure Peach [500mL],MIMI LAURYNES 时刻植物护手霜 - 纯桃 [500mL],MIMI LAURYNES Moment Plant Крем для рук - Pure Peach [500mL],MIMI LAURYNES モーメント プラント ハンドクリーム - ピュアピーチ [500mL],MIMI LAURYNES Kem dưỡng tay Moment Plant - Pure Peach [500mL]
MLHC008,미미로린스 모먼트 플랜트 핸드크림- 해피텐져린,미미로린스,MLHC006,MIMI LAURYNES,MIMI LAURYNES Moment Plant Hand Cream - Happy Tangerine,MIMI LAURYNES 时刻植物护手霜 - 快乐柑橘,MIMI LAURYNES Moment Plant Крем для рук - Happy Tangerine,MIMI LAURYNES モーメント プラント ハンドクリーム - ハッピータンジェリン,MIMI LAURYNES Kem dưỡng tay Moment Plant - Happy Tangerine
MLHC006,미미로린스 모먼트 플랜트 핸드크림- 헤이그린,미미로린스,MLHC006,MIMI LAURYNES,MIMI LAURYNES Moment Plant Hand Cream - Hey Green,MIMI LAURYNES 时刻植物护手霜 - 嘿绿色,MIMI LAURYNES Moment Plant Крем для рук - Hey Green,MIMI LAURYNES モーメント プラント ハンドクリーム - ヘイグリーン,MIMI LAURYNES Kem dưỡng tay Moment Plant - Hey Green
MLHC017,미미로린스 모먼트 핸드크림- 가드니아,미미로린스,MLHC014,MIMI LAURYNES,MIMI LAURYNES Moment Hand Cream - Gardenia,MIMI LAURYNES 时刻护手霜 - 栀子花,MIMI LAURYNES Moment Крем для рук - Gardenia,MIMI LAURYNES モーメント ハンドクリーム - ガーデニア,MIMI LAURYNES Kem dưỡng tay Moment - Gardenia
MLHC015,미미로린스 모먼트 핸드크림- 멜리플루어스,미미로린스,MLHC014,MIMI LAURYNES,MIMI LAURYNES Moment Hand Cream - Mellifluous,MIMI LAURYNES 时刻护手霜 - 甜美,MIMI LAURYNES Moment Крем для рук - Mellifluous,MIMI LAURYNES モーメント ハンドクリーム - メリフルアス,MIMI LAURYNES Kem dưỡng tay Moment - Mellifluous
MLHC014,미미로린스 모먼트 핸드크림- 뮤즈,미미로린스,MLHC014,MIMI LAURYNES,MIMI LAURYNES Moment Hand Cream - Muse,MIMI LAURYNES 时刻护手霜 - 缪斯,MIMI LAURYNES Moment Крем для рук - Muse,MIMI LAURYNES モーメント ハンドクリーム - ミューズ,MIMI LAURYNES Kem dưỡng tay Moment - Muse
MLHC016,미미로린스 모먼트 핸드크림- 스칼렛,미미로린스,MLHC014,MIMI LAURYNES,MIMI LAURYNES Moment Hand Cream - Scarlet,MIMI LAURYNES 时刻护手霜 - 猩红,MIMI LAURYNES Moment Крем для рук - Scarlet,MIMI LAURYNES モーメント ハンドクリーム - スカーレット,MIMI LAURYNES Kem dưỡng tay Moment - Scarlet
MLHC3T1,미미로린스 뷰티레슨 핸드크림 3종세트,미미로린스,,MIMI LAURYNES,MIMI LAURYNES Beauty Lesson Hand Cream 3-Piece Set,MIMI LAURYNES 美丽课堂护手霜3件套装,MIMI LAURYNES Beauty Lesson Крем для рук Набор из 3 шт.,MIMI LAURYNES ビューティーレッスン ハンドクリーム 3種セット,MIMI LAURYNES Bộ kem dưỡng tay Beauty Lesson 3 món
MLLS006,미미로린스 하니수플레 리퀴드 핸드솝- 네트와제,미미로린스,,MIMI LAURYNES,MIMI LAURYNES Honey Souffle Liquid Hand Soap - Nettoyage,MIMI LAURYNES 蜂蜜舒芙蕾洗手液 - Nettoyage,MIMI LAURYNES Honey Souffle Жидкое мыло для рук - Nettoyage,MIMI LAURYNES ハニースフレ リキッドハンドソープ - ネトワゼ,MIMI LAURYNES Nước rửa tay Honey Souffle - Nettoyage
MLLS005,미미로린스 하니수플레 리퀴드 핸드솝- 세인트 로즈,미미로린스,,MIMI LAURYNES,MIMI LAURYNES Honey Souffle Liquid Hand Soap - Saint Rose,MIMI LAURYNES 蜂蜜舒芙蕾洗手液 - 圣玫瑰,MIMI LAURYNES Honey Souffle Жидкое мыло для рук - Saint Rose,MIMI LAURYNES ハニースフレ リキッドハンドソープ - セイントローズ,MIMI LAURYNES Nước rửa tay Honey Souffle - Saint Rose
MLLS004,미미로린스 하니수플레 리퀴드 핸드솝- 우드 세이지,미미로린스,,MIMI LAURYNES,MIMI LAURYNES Honey Souffle Liquid Hand Soap - Wood Sage,MIMI LAURYNES 蜂蜜舒芙蕾洗手液 - 木鼠尾草,MIMI LAURYNES Honey Souffle Жидкое мыло для рук - Wood Sage,MIMI LAURYNES ハニースフレ リキッドハンドソープ - ウッドセージ,MIMI LAURYNES Nước rửa tay Honey Souffle - Wood Sage
MLLS003,미미로린스 하니수플레 리퀴드 핸드솝- 퀸스 플라워,미미로린스,,MIMI LAURYNES,MIMI LAURYNES Honey Souffle Liquid Hand Soap - Quince Flower,MIMI LAURYNES 蜂蜜舒芙蕾洗手液 - 榅桲花,MIMI LAURYNES Honey Souffle Жидкое мыло для рук - Quince Flower,MIMI LAURYNES ハニースフレ リキッドハンドソープ - クインスフラワー,MIMI LAURYNES Nước rửa tay Honey Souffle - Quince Flower
MLLS002,미미로린스 하니수플레 리퀴드 핸드솝- 프레쉬 라임,미미로린스,,MIMI LAURYNES,MIMI LAURYNES Honey Souffle Liquid Hand Soap - Fresh Lime,MIMI LAURYNES 蜂蜜舒芙蕾洗手液 - 清新青柠,MIMI LAURYNES Honey Souffle Жидкое мыло для рук - Fresh Lime,MIMI LAURYNES ハニースフレ リキッドハンドソープ - フレッシュライム,MIMI LAURYNES Nước rửa tay Honey Souffle - Fresh Lime
MLLS001,미미로린스 하니수플레 리퀴드 핸드솝- 프리지아 로맨스,미미로린스,,MIMI LAURYNES,MIMI LAURYNES Honey Souffle Liquid Hand Soap - Freesia Romance,MIMI LAURYNES 蜂蜜舒芙蕾洗手液 - 小苍兰浪漫,MIMI LAURYNES Honey Souffle Жидкое мыло для рук - Freesia Romance,MIMI LAURYNES ハニースフレ リキッドハンドソープ - フリージアロマンス,MIMI LAURYNES Nước rửa tay Honey Souffle - Freesia Romance
BTCR003,바스파 바디 톤 업 크림 미네랄 케어,바스파,BTCR003,BATHPA,BATHPA Body Tone Up Cream Mineral Care,BATHPA 身体提亮霜 矿物护理,BATHPA Крем для тела Tone Up Mineral Care,BATHPA ボディ トーンアップ クリーム ミネラルケア,BATHPA Kem dưỡng thể nâng tông Mineral Care
BTBC004,바스파 바쓰 솔트 스크럽 바디워시- 소프트 로지,바스파,BTBC004,BATHPA,BATHPA Bath Salt Scrub Body Wash - Soft Rosy,BATHPA 浴盐磨砂沐浴露 - 柔玫瑰,BATHPA Солевой скраб-гель для душа - Soft Rosy,BATHPA バスソルト スクラブ ボディウォッシュ - ソフトロージー,BATHPA Sữa tắm tẩy tế bào chết muối tắm - Soft Rosy
BTBC006,바스파 바쓰 솔트 스크럽 바디워시- 쏠티 씨,바스파,BTBC004,BATHPA,BATHPA Bath Salt Scrub Body Wash - Salty Sea,BATHPA 浴盐磨砂沐浴露 - 咸海,BATHPA Солевой скраб-гель для душа - Salty Sea,BATHPA バスソルト スクラブ ボディウォッシュ - ソルティーシー,BATHPA Sữa tắm tẩy tế bào chết muối tắm - Salty Sea
BTBC009,바스파 바쓰 솔트 스크럽 바디워시- 차콜,바스파,BTBC009,BATHPA,BATHPA Bath Salt Scrub Body Wash - Charcoal,BATHPA 浴盐磨砂沐浴露 - 竹炭,BATHPA Солевой скраб-гель для душа - Charcoal,BATHPA バスソルト スクラブ ボディウォッシュ - チャコール,BATHPABTBC005,바스파 바쓰 솔트 스크럽 바디워시- 컴포트 라벤더,바스파,BTBC004,BATHPA,BATHPA Bath Salt Scrub Body Wash - Comfort Lavender,BATHPA 浴盐磨砂沐浴露 - 舒适薰衣草,BATHPA Солевой скраб-гель для душа - Comfort Lavender,BATHPA バスソルト スクラブ ボディウォッシュ - コンフォートラベンダー,BATHPA Sữa tắm tẩy tế bào chết muối tắm - Comfort Lavender
BTBC007,바스파 바쓰 솔트 스크럽 바디워시- 코지허그,바스파,BTBC004,BATHPA,BATHPA Bath Salt Scrub Body Wash - Cozy Hug,BATHPA 浴盐磨砂沐浴露 - 温暖拥抱,BATHPA Солевой скраб-гель для душа - Cozy Hug,BATHPA バスソルト スクラブ ボディウォッシュ - コージーハグ,BATHPA Sữa tắm tẩy tế bào chết muối tắm - Cozy Hug
BTBC010,바스파 바쓰 솔트 스크럽 바디워시- 클리어 팝,바스파,BTBC010,BATHPA,BATHPA Bath Salt Scrub Body Wash - Clear Pop,BATHPA 浴盐磨砂沐浴露 - 清爽泡泡,BATHPA Солевой скраб-гель для душа - Clear Pop,BATHPA バスソルト スクラブ ボディウォッシュ - クリアポップ,BATHPA Sữa tắm tẩy tế bào chết muối tắm - Clear Pop
BTBC008,바스파 바쓰 솔트 스크럽 에이씨 바디워시- 퓨어리프,바스파,BTBC008,BATHPA,BATHPA Bath Salt Scrub AC Body Wash - Pure Leaf,BATHPA 浴盐磨砂AC沐浴露 - 纯叶,BATHPA Солевой скраб AC гель для душа - Pure Leaf,BATHPA バスソルト スクラブ AC ボディウォッシュ - ピュアリーフ,BATHPA Sữa tắm tẩy tế bào chết muối AC - Pure Leaf
BTST2T2,바스파 아로마 라운지 로얄허니 바디세트 (2종),바스파,BTBC002,BATHPA,BATHPA Aroma Lounge Royal Honey Body Set (2 Items),BATHPA 芳香酒廊 皇家蜂蜜身体套装（2件）,BATHPA Aroma Lounge Royal Honey Набор для тела (2 шт.),BATHPA アロマ ラウンジ ロイヤルハニー ボディセット（2種）,BATHPA Bộ dưỡng thể Aroma Lounge Royal Honey (2 món)
BTBL003,바스파 아로마 라운지 로얄허니 바디에멀젼,바스파,BTBC002,BATHPA,BATHPA Aroma Lounge Royal Honey Body Emulsion,BATHPA 芳香酒廊 皇家蜂蜜身体乳液,BATHPA Aroma Lounge Royal Honey Эмульсия для тела,BATHPA アロマ ラウンジ ロイヤルハニー ボディエマルジョン,BATHPA Sữa dưỡng thể Aroma Lounge Royal Honey
BTBC003,바스파 아로마 라운지 로얄허니 바디워시,바스파,BTBC003,BATHPA,BATHPA Aroma Lounge Royal Honey Body Wash,BATHPA 芳香酒廊 皇家蜂蜜沐浴露,BATHPA Aroma Lounge Royal Honey Гель для душа,BATHPA アロマ ラウンジ ロイヤルハニー ボディウォッシュ,BATHPA Sữa tắm Aroma Lounge Royal Honey
BTDM002,바스파 아로마 라운지 무드 퍼퓸 드레스 미스트 NO.2 오크 베르단트,바스파,BTBC003,BATHPA,BATHPA Aroma Lounge Mood Perfume Dress Mist No.2 Oak Verdant,BATHPA 芳香酒廊 氛围香水衣物喷雾 No.2 橡木翠绿,BATHPA Aroma Lounge Mood Perfume Dress Мист No.2 Oak Verdant,BATHPA アロマ ラウンジ ムード パフューム ドレスミスト No.2 オーク ヴェルダント,BATHPA Xịt thơm quần áo Aroma Lounge No.2 Oak Verdant
BTDM003,바스파 아로마 라운지 무드 퍼퓸 드레스 미스트 NO.3 루바브,바스파,,BATHPA,BATHPA Aroma Lounge Mood Perfume Dress Mist No.3 Rhubarb,BATHPA 芳香酒廊 氛围香水衣物喷雾 No.3 大黄,BATHPA Aroma Lounge Mood Perfume Dress Мист No.3 Rhubarb,BATHPA アロマ ラウンジ ムード パフューム ドレスミスト No.3 ルバーブ,BATHPA Xịt thơm quần áo Aroma Lounge No.3 Rhubarb
BTDM1T1,바스파 아로마 라운지 무드 퍼퓸 드레스 미스트 기프트 세트- NO.1 코지우드,바스파,BTBC003,BATHPA,BATHPA Aroma Lounge Mood Perfume Dress Mist Gift Set - No.1 Cozy Wood,BATHPA 芳香酒廊 氛围香水衣物喷雾礼盒 - No.1 温暖木调,BATHPA Aroma Lounge Mood Perfume Dress Мист Подарочный набор - No.1 Cozy Wood,BATHPA アロマ ラウンジ ムード パフューム ドレスミスト ギフトセット - No.1 コージーウッド,BATHPA Bộ quà tặng xịt thơm Aroma Lounge - No.1 Cozy Wood
BTDM001,바스파 아로마 라운지 무드 퍼퓸 드레스 미스트- NO.1 코지우드,바스파,,BATHPA,BATHPA Aroma Lounge Mood Perfume Dress Mist - No.1 Cozy Wood,BATHPA 芳香酒廊 氛围香水衣物喷雾 - No.1 温暖木调,BATHPA Aroma Lounge Mood Perfume Dress Мист - No.1 Cozy Wood,BATHPA アロマ ラウンジ ムード パフューム ドレスミスト - No.1 コージーウッド,BATHPA Xịt thơm quần áo Aroma Lounge - No.1 Cozy Wood
BTST2T1,바스파 아로마 라운지 베르가못 바디세트 (2종),바스파,BTBC002,BATHPA,BATHPA Aroma Lounge Bergamot Body Set (2 Items),BATHPA 芳香酒廊 佛手柑身体套装（2件）,BATHPA Aroma Lounge Bergamot Набор для тела (2 шт.),BATHPA アロマ ラウンジ ベルガモット ボディセット（2種）,BATHPA Bộ dưỡng thể Aroma Lounge Bergamot (2 món)
BTBL002,바스파 아로마 라운지 베르가못 바디에멀젼,바스파,BTBC002,BATHPA,BATHPA Aroma Lounge Bergamot Body Emulsion,BATHPA 芳香酒廊 佛手柑身体乳液,BATHPA Aroma Lounge Bergamot Эмульсия для тела,BATHPA アロマ ラウンジ ベルガモット ボディエマルジョン,BATHPA Sữa dưỡng thể Aroma Lounge Bergamot
BTBC002,바스파 아로마 라운지 베르가못 바디워시,바스파,BTBC002,BATHPA,BATHPA Aroma Lounge Bergamot Body Wash,BATHPA 芳香酒廊 佛手柑沐浴露,BATHPA Aroma Lounge Bergamot Гель для душа,BATHPA アロマ ラウンジ ベルガモット ボディウォッシュ,BATHPA Sữa tắm Aroma Lounge Bergamot
BTBO003,바스파 아로마틱 플로우 바디 트리트먼트 오일- 넥타 세레니티 300 ml,바스파,BTBO001,BATHPA,BATHPA Aromatic Flow Body Treatment Oil - Nectar Serenity 300ml,BATHPA 芳香流动身体护理油 - 蜜露宁静 300ml,BATHPA Aromatic Flow Масло для тела - Nectar Serenity 300ml,BATHPA アロマティック フロウ ボディ トリートメント オイル - ネクター セレニティ 300ml,BATHPA Dầu dưỡng thể Aromatic Flow - Nectar Serenity 300ml
BTBO002,바스파 아로마틱 플로우 바디 트리트먼트 오일- 로즈 레베리 300 ml,바스파,BTBO001,BATHPA,BATHPA Aromatic Flow Body Treatment Oil - Rose Reverie 300ml,BATHPA 芳香流动身体护理油 - 玫瑰遐想 300ml,BATHPA Aromatic Flow Масло для тела - Rose Reverie 300ml,BATHPA アロマティック フロウ ボディ トリートメント オイル - ローズ レヴリー 300ml,BATHPA Dầu dưỡng thể Aromatic Flow - Rose Reverie 300ml
BTBO001,바스파 아로마틱 플로우 바디 트리트먼트 오일- 머스크 앰비언스 300 ml,바스파,BTBO001,BATHPA,BATHPA Aromatic Flow Body Treatment Oil - Musk Ambience 300ml,BATHPA 芳香流动身体护理油 - 麝香氛围 300ml,BATHPA Aromatic Flow Масло для тела - Musk Ambience 300ml,BATHPA アロマティック フロウ ボディ トリートメント オイル - ムスク アンビエンス 300ml,BATHPA Dầu dưỡng thể Aromatic Flow - Musk Ambience 300ml
BTSS003,바스파 오스트레일리안 솔트 바디 스크럽- 그린티,바스파,,BATHPA,BATHPA Australian Salt Body Scrub - Green Tea,BATHPA 澳大利亚盐身体磨砂 - 绿茶,BATHPA Австралийский солевой скраб для тела - Green Tea,BATHPA オーストラリアン ソルト ボディ スクラブ - グリーンティー,BATHPA Tẩy tế bào chết body muối Úc - Green Tea
BTSS002,바스파 오스트레일리안 솔트 바디 스크럽- 블랙베리,바스파,,BATHPA,BATHPA Australian Salt Body Scrub - Blackberry,BATHPA 澳大利亚盐身体磨砂 - 黑莓,BATHPA Австралийский солевой скраб для тела - Blackberry,BATHPA オーストラリアン ソルト ボディ スクラブ - ブラックベリー,BATHPA Tẩy tế bào chết body muối Úc - Blackberry
BTSS001,바스파 오스트레일리안 솔트 바디 스크럽- 컴포트 라벤더,바스파,,BATHPA,BATHPA Australian Salt Body Scrub - Comfort Lavender,BATHPA 澳大利亚盐身体磨砂 - 舒适薰衣草,BATHPA Австралийский солевой скраб для тела - Comfort Lavender,BATHPA オーストラリアン ソルト ボディ スクラブ - コンフォートラベンダー,BATHPA Tẩy tế bào chết body muối Úc - Comfort Lavender
BTCR001,바스파 텐션케어 쿨 크림,바스파,BTCR001,BATHPA,BATHPA Tension Care Cool Cream,BATHPA 舒缓清凉霜,BATHPA Tension Care Охлаждающий крем,BATHPA テンションケア クール クリーム,BATHPA Kem làm mát Tension Care
BTCR002,바스파 텐션케어 핫 크림,바스파,BTCR001,BATHPA,BATHPA Tension Care Hot Cream,BATHPA 舒缓热感霜,BATHPA Tension Care Разогревающий крем,BATHPA テンションケア ホット クリーム,BATHPA Kem làm nóng Tension Care
BTBL001,바스파 플랜트 퓨어 로즈힙 바디로션,바스파,,BATHPA,BATHPA Plant Pure Rosehip Body Lotion,BATHPA 植物纯玫瑰果身体乳,BATHPA Plant Pure Rosehip Лосьон для тела,BATHPA プラント ピュア ローズヒップ ボディローション,BATHPA Sữa dưỡng thể Plant Pure Rosehip
VMRS009,밸르모나 블루클리닉 모발 영양팩,밸르모나,VMRS009,VALMONA,VALMONA Blue Clinic Hair Nutrient Pack,VALMONA 蓝色诊所 头发营养发膜,VALMONA Blue Clinic Питательная маска для волос,VALMONA ブルークリニック ヘア ニュートリエントパック,VALMONA Ủ tóc dinh dưỡng Blue Clinic
VMRSM09,밸르모나 블루클리닉 모발 영양팩 100ML,밸르모나,VMRS009,VALMONA,VALMONA Blue Clinic Hair Nutrient Pack 100ML,VALMONA 蓝色诊所 头发营养发膜 100ML,VALMONA Blue Clinic Питательная маска для волос 100ML,VALMONA ブルークリニック ヘア ニュートリエントパック 100ML,VALMONA Ủ tóc dinh dưỡng Blue Clinic 100ML
VMSPP09,밸르모나 블루클리닉 샴푸액,밸르모나,VMSP009,VALMONA,VALMONA Blue Clinic Shampoo,VALMONA 蓝色诊所 洗发水,VALMONA Blue Clinic Шампунь,VALMONA ブルークリニック シャンプー,VALMONA Dầu gội Blue Clinic
VMSPM09,밸르모나 블루클리닉 샴푸액 100ML,밸르모나,VMSP009,VALMONA,VALMONA Blue Clinic Shampoo 100ML,VALMONA 蓝色诊所 洗发水 100ML,VALMONA Blue Clinic Шампунь 100ML,VALMONA ブルークリニック シャンプー 100ML,VALMONA Dầu gội Blue Clinic 100ML
VMSP009,밸르모나 블루클리닉 샴푸액 480ML,밸르모나,VMSP009,VALMONA,VALMONA Blue Clinic Shampoo 480ML,VALMONA 蓝色诊所 洗发水 480ML,VALMONA Blue Clinic Шампунь 480ML,VALMONA ブルークリニック シャンプー 480ML,VALMONA Dầu gội Blue Clinic 480ML
VMPF009,밸르모나 블루클리닉 프로테인 필드,밸르모나,VMPF009,VALMONA,VALMONA Blue Clinic Protein Filled,VALMONA 蓝色诊所 蛋白质填充护发素,VALMONA Blue Clinic Протеиновый филлер,VALMONA ブルークリニック プロテインフィルド,VALMONA Dưỡng tóc protein Blue Clinic
VMRS007,밸르모나 슈가 벨벳 밀크 모발 영양팩,밸르모나,VMRS007,VALMONA,VALMONA Sugar Velvet Milk Hair Nutrient Pack,VALMONA 糖丝绒牛奶 头发营养发膜,VALMONA Sugar Velvet Milk Питательная маска для волос,VALMONA シュガーベルベットミルク ヘア ニュートリエントパック,VALMONA Ủ tóc dinh dưỡng Sugar Velvet Milk
VMRSM07,밸르모나 슈가 벨벳 밀크 모발 영양팩 (100ML),밸르모나,VMRS007,VALMONA,VALMONA Sugar Velvet Milk Hair Nutrient Pack (100ML),VALMONA 糖丝绒牛奶 头发营养发膜（100ML）,VALMONA Sugar Velvet Milk Питательная маска для волос (100ML),VALMONA シュガーベルベットミルク ヘア ニュートリエントパック（100ML）,VALMONA Ủ tóc dinh dưỡng Sugar Velvet Milk (100ML)
VMSP007,밸르모나 슈가 벨벳 밀크 샴푸액,밸르모나,VMSP007,VALMONA,VALMONA Sugar Velvet Milk Shampoo,VALMONA 糖丝绒牛奶 洗发水,VALMONA Sugar Velvet Milk Шампунь,VALMONA シュガーベルベットミルク シャンプー,VALMONA Dầu gội Sugar Velvet Milk
VMSPM07,밸르모나 슈가 벨벳 밀크 샴푸액 (100ML),밸르모나,VMSP007,VALMONA,VALMONA Sugar Velvet Milk Shampoo (100ML),VALMONA 糖丝绒牛奶 洗发水（100ML）,VALMONA Sugar Velvet Milk Шампунь (100ML),VALMONA シュガーベルベットミルク シャンプー（100ML）,VALMONA Dầu gội Sugar Velvet Milk (100ML)
VMSP004,밸르모나 아유르베딕 두피 솔루션 블랙커민 샴푸액,밸르모나,VMSP004,VALMONA,VALMONA Ayurvedic Scalp Solution Black Cumin Shampoo,VALMONA 阿育吠陀头皮解决方案 黑种草洗发水,VALMONA Ayurvedic Scalp Solution Шампунь с чёрным тмином,VALMONA アーユルヴェーディック スカルプソリューション ブラッククミン シャンプー,VALMONA Dầu gội Ayurvedic Scalp Solution Black Cumin
VMSPMR4,밸르모나 아유르베딕 두피 솔루션 블랙커민 샴푸액 (100ML),밸르모나,VMSP004,VALMONA,VALMONA Ayurvedic Scalp Solution Black Cumin Shampoo (100ML),VALMONA 阿育吠陀头皮解决方案 黑种草洗发水（100ML）,VALMONA Ayurvedic Scalp Solution Шампунь с чёрным тмином (100ML),VALMONA アーユルヴェーディック スカルプソリューション ブラッククミン シャンプー（100ML）,VALMONA Dầu gội Ayurvedic Scalp Solution Black Cumin (100ML)
VMSPM04,밸르모나 아유르베딕 두피 솔루션 블랙커민 샴푸액(120ML),밸르모나,VMSP004,VALMONA,VALMONA Ayurvedic Scalp Solution Black Cumin Shampoo (120ML),VALMONA 阿育吠陀头皮解决方案 黑种草洗发水（120ML）,VALMONA Ayurvedic Scalp Solution Шампунь с чёрным тмином (120ML),VALMONA アーユルヴェーディック スカルプソリューション ブラッククミン シャンプー（120ML）,VALMONA Dầu gội Ayurvedic Scalp Solution Black Cumin (120ML)
VMRS004,밸르모나 아유르베딕 손상모 솔루션 블랙커민 모발 영양팩,밸르모나,VMRS004,VALMONA,VALMONA Ayurvedic Damaged Hair Solution Black Cumin Hair Nutrient Pack,VALMONA 阿育吠陀受损发解决方案 黑种草头发营养发膜,VALMONA Ayurvedic Damaged Hair Solution Питательная маска с чёрным тмином,VALMONA アーユルヴェーディック ダメージヘアソリューション ブラッククミン ヘア ニュートリエントパック,VALMONA Ủ tóc dinh dưỡng Ayurvedic Damaged Hair Black Cumin
VMRSM04,밸르모나 아유르베딕 손상모 솔루션 블랙커민 모발 영양팩 (100ML),밸르모나,VMRS004,VALMONA,VALMONA Ayurvedic Damaged Hair Solution Black Cumin Hair Nutrient Pack (100ML),VALMONA 阿育吠陀受损发解决方案 黑种草头发营养发膜（100ML）,VALMONA Ayurvedic Damaged Hair Solution Питательная маска с чёрным тмином (100ML),VALMONA アーユルヴェーディック ダメージヘアソリューション ブラッククミン ヘア ニュートリエントパック（100ML）,VALMONA Ủ tóc dinh dưỡng Ayurvedic Damaged Hair Black Cumin (100ML)
VMSP011,밸르모나 얼쓰 리페어 본딩 샴푸,밸르모나,,VALMONA,VALMONA Earth Repair Bonding Shampoo,VALMONA 大地修护粘合洗发水,VALMONA Earth Repair Bonding Шампунь,VALMONA アース リペア ボンディング シャンプー,VALMONA Dầu gội Earth Repair Bonding
VMRS011,밸르모나 얼쓰 리페어 본딩 트리트먼트,밸르모나,,VALMONA,VALMONA Earth Repair Bonding Treatment,VALMONA 大地修护粘合护发素,VALMONA Earth Repair Bonding Кондиционер,VALMONA アース リペア ボンディング トリートメント,VALMONA Dầu xả Earth Repair Bonding
VMSP014,밸르모나 얼쓰 아르간 오일 샴푸,밸르모나,,VALMONA,VALMONA Earth Argan Oil Shampoo,VALMONA 大地摩洛哥坚果油洗发水,VALMONA Earth Argan Oil Шампунь,VALMONA アース アルガンオイル シャンプー,VALMONA Dầu gội Earth Argan Oil
VMSP010,밸르모나 얼쓰 안티 헤어로스 샴푸,밸르모나,VMSP010,VALMONA,VALMONA Earth Anti Hair Loss Shampoo,VALMONA 大地防脱发洗发水,VALMONA Earth Anti Hair Loss Шампунь,VALMONA アース アンチヘアロス シャンプー,VALMONA Dầu gội Earth chống rụng tóc
VMST001,밸르모나 얼쓰 안티 헤어로스 스칼프 토닉,밸르모나,VMST001,VALMONA,VALMONA Earth Anti Hair Loss Scalp Tonic,VALMONA 大地防脱发头皮精华液,VALMONA Earth Anti Hair Loss Тоник для кожи головы,VALMONA アース アンチヘアロス スカルプトニック,VALMONA Tonic da đầu Earth chống rụng tóc
VMRS010,밸르모나 얼쓰 안티 헤어로스 트리트먼트,밸르모나,VMRS010,VALMONA,VALMONA Earth Anti Hair Loss Treatment,VALMONA 大地防脱发护发素,VALMONA Earth Anti Hair Loss Кондиционер,VALMONA アース アンチヘアロス トリートメント,VALMONA Dầu xả Earth chống rụng tóc
VMBA001,밸르모나 얼쓰리페어 본딩 앰플,밸르모나,VMBA001,VALMONA,VALMONA Earth Repair Bonding Ampoule,VALMONA 大地修护粘合安瓶,VALMONA Earth Repair Bonding Ампула,VALMONA アースリペア ボンディング アンプル,VALMONA Tinh chất Earth Repair Bonding
VMOL001,밸르모나 얼쓰리페어 본딩 오일,밸르모나,VMOL001,VALMONA,VALMONA Earth Repair Bonding Oil,VALMONA 大地修护粘合精油,VALMONA Earth Repair Bonding Масло,VALMONA アースリペア ボンディング オイル,VALMONA Dầu dưỡng tóc Earth Repair Bonding
VMCP001,밸르모나 얼쓰리페어 본딩 컴파운드,밸르모나,VMCP001,VALMONA,VALMONA Earth Repair Bonding Compound,VALMONA 大地修护粘合复合精华,VALMONA Earth Repair Bonding Компаунд,VALMONA アースリペア ボンディング コンパウンド,VALMONA Hợp chất Earth Repair Bonding
VMSS001,밸르모나 얼쓰테라피 스칼프 스켈러,밸르모나,VMSS001,VALMONA,VALMONA Earth Therapy Scalp Scaler,VALMONA 大地疗法头皮清洁剂,VALMONA Earth Therapy Скалер для кожи головы,VALMONA アーステラピー スカルプスケーラー,VALMONA Tẩy tế bào chết da đầu Earth Therapy
VMSF001,밸르모나 얼쓰테라피 스칼프 퓨리파이어,밸르모나,VMSF001,VALMONA,VALMONA Earth Therapy Scalp Purifier,VALMONA 大地疗法头皮净化剂,VALMONA Earth Therapy Очищающее средство для кожи головы,VALMONA アーステラピー スカルプピュリファイヤー,VALMONA Thanh lọc da đầu Earth Therapy
VMSF3T1,밸르모나 얼쓰테라피 스칼프 퓨리파이어 (3개 세트),밸르모나,VMSF001,VALMONA,VALMONA Earth Therapy Scalp Purifier (3-Piece Set),VALMONA 大地疗法头皮净化剂（3件套）,VALMONA Earth Therapy Очищающее средство для кожи головы (набор 3 шт.),VALMONA アーステラピー スカルプピュリファイヤー（3個セット）,VALMONA Thanh lọc da đầu Earth Therapy (Bộ 3)
VMHS003,밸르모나 얼티밋 헤어 오일 세럼- 블랙피오니,밸르모나,VMHS001,VALMONA,VALMONA Ultimate Hair Oil Serum - Black Peony,VALMONA 极致护发精油 - 黑牡丹,VALMONA Ultimate Hair Oil Сыворотка - Black Peony,VALMONA アルティメット ヘアオイルセラム - ブラックピオニー,VALMONA Tinh dầu dưỡng tóc Ultimate - Black Peony
VMHS001,밸르모나 얼티밋 헤어 오일 세럼- 아로마 컴포지션,밸르모나,VMHS001,VALMONA,VALMONA Ultimate Hair Oil Serum - Aroma Composition,VALMONA 极致护发精油 - 芳香组曲,VALMONA Ultimate Hair Oil Сыворотка - Aroma Composition,VALMONA アルティメット ヘアオイルセラム - アロマ コンポジション,VALMONA Tinh dầu dưỡng tóc Ultimate - Aroma Composition
VMHS002,밸르모나 얼티밋 헤어 오일 세럼- 애프리콧 컨져브,밸르모나,VMHS001,VALMONA,VALMONA Ultimate Hair Oil Serum - Apricot Conserve,VALMONA 极致护发精油 - 杏子果酱,VALMONA Ultimate Hair Oil Сыворотка - Apricot Conserve,VALMONA アルティメット ヘアオイルセラム - アプリコットコンサーブ,VALMONA Tinh dầu dưỡng tóc Ultimate - Apricot Conserve
VMHS004,밸르모나 얼티밋 헤어 오일 세럼- 앰버바닐라,밸르모나,VMHS001,VALMONA,VALMONA Ultimate Hair Oil Serum - Amber Vanilla,VALMONA 极致护发精油 - 琥珀香草,VALMONA Ultimate Hair Oil Сыворотка - Amber Vanilla,VALMONA アルティメット ヘアオイルセラム - アンバーバニラ,VALMONA Tinh dầu dưỡng tóc Ultimate - Amber Vanilla
VMHS005,밸르모나 얼티밋 헤어 오일 세럼- 프레쉬베이,밸르모나,VMHS001,VALMONA,VALMONA Ultimate Hair Oil Serum - Fresh Bay,VALMONA 极致护发精油 - 清新月桂,VALMONA Ultimate Hair Oil Сыворотка - Fresh Bay,VALMONA アルティメット ヘアオイルセラム - フレッシュベイ,VALMONA Tinh dầu dưỡng tóc Ultimate - Fresh Bay
VMRS008,밸르모나 요크마요 모발 영양팩,밸르모나,VMRS008,VALMONA,VALMONA Yolk-Mayo Hair Nutrient Pack,VALMONA 蛋黄蛋黄酱 头发营养发膜,VALMONA Yolk-Mayo Питательная маска для волос,VALMONA ヨークマヨ ヘア ニュートリエントパック,VALMONA Ủ tóc dinh dưỡng Yolk-Mayo
VMRSM08,밸르모나 요크마요 모발 영양팩 100ML,밸르모나,VMRS008,VALMONA,VALMONA Yolk-Mayo Hair Nutrient Pack 100ML,VALMONA 蛋黄蛋黄酱 头发营养发膜 100ML,VALMONA Yolk-Mayo Питательная маска для волос 100ML,VALMONA ヨークマヨ ヘア ニュートリエントパック 100ML,VALMONA Ủ tóc dinh dưỡng Yolk-Mayo 100ML
VMSPP08,밸르모나 요크마요 샴푸액,밸르모나,VMSP008,VALMONA,VALMONA Yolk-Mayo Shampoo,VALMONA 蛋黄蛋黄酱 洗发水,VALMONA Yolk-Mayo Шампунь,VALMONA ヨークマヨ シャンプー,VALMONA Dầu gội Yolk-Mayo
VMSPM08,밸르모나 요크마요 샴푸액 100ML,밸르모나,VMSP008,VALMONA,VALMONA Yolk-Mayo Shampoo 100ML,VALMONA 蛋黄蛋黄酱 洗发水 100ML,VALMONA Yolk-Mayo Шампунь 100ML,VALMONA ヨークマヨ シャンプー 100ML,VALMONA Dầu gội Yolk-Mayo 100ML
VMSP008,밸르모나 요크마요 샴푸액 480ML,밸르모나,VMSP008,VALMONA,VALMONA Yolk-Mayo Shampoo 480ML,VALMONA 蛋黄蛋黄酱 洗发水 480ML,VALMONA Yolk-Mayo Шампунь 480ML,VALMONA ヨークマヨ シャンプー 480ML,VALMONA Dầu gội Yolk-Mayo 480ML
VMPF008,밸르모나 요크마요 프로테인 필드,밸르모나,VMPF008,VALMONA,VALMONA Yolk-Mayo Protein Filled,VALMONA 蛋黄蛋黄酱 蛋白质填充护发素,VALMONA Yolk-Mayo Протеиновый филлер,VALMONA ヨークマヨ プロテインフィルド,VALMONA Dưỡng tóc protein Yolk-Mayo
VMSP006,밸르모나 진생 헤리티지 고삼 샴푸액,밸르모나,,VALMONA,VALMONA Ginseng Heritage Gosam Shampoo,VALMONA 人参传承苦参洗发水,VALMONA Ginseng Heritage Gosam Шампунь,VALMONA ジンセン ヘリテージ ゴサム シャンプー,VALMONA Dầu gội Ginseng Heritage Gosam
VMRS005,밸르모나 파워풀 솔루션 블랙피오니 서리태 모발 영양팩,밸르모나,VMRS005,VALMONA,VALMONA Powerful Solution Black Peony Seoritae Hair Nutrient Pack,VALMONA 强效解决方案 黑牡丹黑豆 头发营养发膜,VALMONA Powerful Solution Питательная маска Black Peony Seoritae,VALMONA パワフルソリューション ブラックピオニー ソリテ ヘア ニュートリエントパック,VALMONA Ủ tóc dinh dưỡng Powerful Solution Black Peony Seoritae
VMRSM05,밸르모나 파워풀 솔루션 블랙피오니 서리태 모발 영양팩 (100ML),밸르모나,VMRS005,VALMONA,VALMONA Powerful Solution Black Peony Seoritae Hair Nutrient Pack (100ML),VALMONA 强效解决方案 黑牡丹黑豆 头发营养发膜（100ML）,VALMONA Powerful Solution Питательная маска Black Peony Seoritae (100ML),VALMONA パワフルソリューション ブラックピオニー ソリテ ヘア ニュートリエントパック（100ML）,VALMONA Ủ tóc dinh dưỡng Powerful Solution Black Peony Seoritae (100ML)
VMSP005,밸르모나 파워풀 솔루션 블랙피오니 서리태 샴푸액,밸르모나,VMSP005,VALMONA,VALMONA Powerful Solution Black Peony Seoritae Shampoo,VALMONA 强效解决方案 黑牡丹黑豆 洗发水,VALMONA Powerful Solution Шампунь Black Peony Seoritae,VALMONA パワフルソリューション ブラックピオニー ソリテ シャンプー,VALMONA Dầu gội Powerful Solution Black Peony Seoritae
VMSPMR5,밸르모나 파워풀 솔루션 블랙피오니 서리태 샴푸액 (100ML),밸르모나,VMSP005,VALMONA,VALMONA Powerful Solution Black Peony Seoritae Shampoo (100ML),VALMONA 强效解决方案 黑牡丹黑豆 洗发水（100ML）,VALMONA Powerful Solution Шампунь Black Peony Seoritae (100ML),VALMONA パワフルソリューション ブラックピオニー ソリテ シャンプー（100ML）,VALMONA Dầu gội Powerful Solution Black Peony Seoritae (100ML)
VMSPM05,밸르모나 파워풀 솔루션 블랙피오니 서리태 샴푸액(120ML),밸르모나,VMSP005,VALMONA,VALMONA Powerful Solution Black Peony Seoritae Shampoo (120ML),VALMONA 强效解决方案 黑牡丹黑豆 洗发水（120ML）,VALMONA Powerful Solution Шампунь Black Peony Seoritae (120ML),VALMONA パワフルソリューション ブラックピオニー ソリテ シャンプー（120ML）,VALMONA Dầu gội Powerful Solution Black Peony Seoritae (120ML)
BDFS003,보르도 드래곤 풋 샴푸,보르도,BDFS003,BORDO,BORDO Dragon Foot Shampoo,BORDO 龙足洗脚液,BORDO Dragon Foot Шампунь для ног,BORDO ドラゴン フット シャンプー,BORDO Dầu gội chân Dragon Foot
BDFS002,보르도 드래곤 풋 필링 스프레이,보르도,BDFS002,BORDO,BORDO Dragon Foot Peeling Spray,BORDO 龙足去角质喷雾,BORDO Dragon Foot Пилинг-спрей для ног,BORDO ドラゴン フット ピーリングスプレー,BORDO Xịt tẩy tế bào chết chân Dragon Foot
BDFD001,보르도 민트 쿨링 풋 데오드란트,보르도,BDFD001,BORDO,BORDO Mint Cooling Foot Deodorant,BORDO 薄荷清凉足部除臭剂,BORDO Mint Cooling Дезодорант для ног,BORDO ミント クーリング フットデオドラント,BORDO Xịt khử mùi chân Mint Cooling
BDFS001,보르도 민트 쿨링 풋 스프레이,보르도,BDFS001,BORDO,BORDO Mint Cooling Foot Spray,BORDO 薄荷清凉足部喷雾,BORDO Mint Cooling Спрей для ног,BORDO ミント クーリング フットスプレー,BORDO Xịt chân Mint Cooling
BDFC001,보르도 민트 쿨링 풋 케어 크림,보르도,BDFC001,BORDO,BORDO Mint Cooling Foot Care Cream,BORDO 薄荷清凉足部护理霜,BORDO Mint Cooling Крем для ухода за ногами,BORDO ミント クーリング フットケア クリーム,BORDO Kem dưỡng chân Mint Cooling
AOFC001,샤샤 녹두 시카 클렌징 폼,샤샤,AOFC001,CHAR CHAR,CHAR CHAR Mung Bean Cica Cleansing Foam,CHAR CHAR 绿豆积雪草洁面泡沫,CHAR CHAR Очищающая пенка Mung Bean Cica,CHAR CHAR 緑豆 シカ クレンジングフォーム,CHAR CHAR Bọt rửa mặt CHAR CHAR Mung Bean Cica
AOFC002,샤샤 라이스 크림 클렌징 폼,샤샤,AOFC002,CHAR CHAR,CHAR CHAR Rice Cream Cleansing Foam,CHAR CHAR 大米奶油洁面泡沫,CHAR CHAR Очищающая пенка Rice Cream,CHAR CHAR ライス クリーム クレンジングフォーム,CHAR CHAR Bọt rửa mặt CHAR CHAR Rice Cream
CHHC001,샤샤 밀크 앤 허니 핸드크림- 듀이 플로럴,샤샤,,CHAR CHAR,CHAR CHAR Milk & Honey Hand Cream - Dewy Floral,CHAR CHAR 牛奶蜂蜜护手霜 - 露水花香,CHAR CHAR Крем для рук Milk & Honey - Dewy Floral,CHAR CHAR ミルク＆ハニー ハンドクリーム - デューイフローラル,CHAR CHAR Kem dưỡng tay CHAR CHAR Milk & Honey - Dewy Floral
CHHC003,샤샤 밀크 앤 허니 핸드크림- 소프트 머스크,샤샤,,CHAR CHAR,CHAR CHAR Milk & Honey Hand Cream - Soft Musk,CHAR CHAR 牛奶蜂蜜护手霜 - 柔和麝香,CHAR CHAR Крем для рук Milk & Honey - Soft Musk,CHAR CHAR ミルク＆ハニー ハンドクリーム - ソフトムスク,CHAR CHAR Kem dưỡng tay CHAR CHAR Milk & Honey - Soft Musk
CHHC002,샤샤 밀크 앤 허니 핸드크림- 쥬이시 그레이프프룻,샤샤,,CHAR CHAR,CHAR CHAR Milk & Honey Hand Cream - Juicy Grapefruit,CHAR CHAR 牛奶蜂蜜护手霜 - 多汁西柚,CHAR CHAR Крем для рук Milk & Honey - Juicy Grapefruit,CHAR CHAR ミルク＆ハニー ハンドクリーム - ジューシーグレープフルーツ,CHAR CHAR Kem dưỡng tay CHAR CHAR Milk & Honey - Juicy Grapefruit
AOBL001,샤샤 밀크앤허니 바디로션- 듀이 플로럴,샤샤,,CHAR CHAR,CHAR CHAR Milk & Honey Body Lotion - Dewy Floral,CHAR CHAR 牛奶蜂蜜身体乳 - 露水花香,CHAR CHAR Лосьон для тела Milk & Honey - Dewy Floral,CHAR CHAR ミルク＆ハニー ボディローション - デューイフローラル,CHAR CHAR Sữa dưỡng thể CHAR CHAR Milk & Honey - Dewy Floral
AOBL003,샤샤 밀크앤허니 바디로션- 소프트 머스크,샤샤,,CHAR CHAR,CHAR CHAR Milk & Honey Body Lotion - Soft Musk,CHAR CHAR 牛奶蜂蜜身体乳 - 柔和麝香,CHAR CHAR Лосьон для тела Milk & Honey - Soft Musk,CHAR CHAR ミルク＆ハニー ボディローション - ソフトムスク,CHAR CHAR Sữa dưỡng thể CHAR CHAR Milk & Honey - Soft Musk
AOBL002,샤샤 밀크앤허니 바디로션- 쥬이시 그레이프프룻,샤샤,,CHAR CHAR,CHAR CHAR Milk & Honey Body Lotion - Juicy Grapefruit,CHAR CHAR 牛奶蜂蜜身体乳 - 多汁西柚,CHAR CHAR Лосьон для тела Milk & Honey - Juicy Grapefruit,CHAR CHAR ミルク＆ハニー ボディローション - ジューシーグレープフルーツ,CHAR CHAR Sữa dưỡng thể CHAR CHAR Milk & Honey - Juicy Grapefruit
AOBC001,샤샤 밀크앤허니 바디워시- 듀이 플로럴,샤샤,,CHAR CHAR,CHAR CHAR Milk & Honey Body Wash - Dewy Floral,CHAR CHAR 牛奶蜂蜜沐浴露 - 露水花香,CHAR CHAR Гель для душа Milk & Honey - Dewy Floral,CHAR CHAR ミルク＆ハニー ボディウォッシュ - デューイフローラル,CHAR CHAR Sữa tắm CHAR CHAR Milk & Honey - Dewy Floral
AOBC003,샤샤 밀크앤허니 바디워시- 소프트 머스크,샤샤,,CHAR CHAR,CHAR CHAR Milk & Honey Body Wash - Soft Musk,CHAR CHAR 牛奶蜂蜜沐浴露 - 柔和麝香,CHAR CHAR Гель для душа Milk & Honey - Soft Musk,CHAR CHAR ミルク＆ハニー ボディウォッシュ - ソフトムスク,CHAR CHAR Sữa tắm CHAR CHAR Milk & Honey - Soft Musk
AOBC002,샤샤 밀크앤허니 바디워시- 쥬이시 그레이프프룻,샤샤,,CHAR CHAR,CHAR CHAR Milk & Honey Body Wash - Juicy Grapefruit,CHAR CHAR 牛奶蜂蜜沐浴露 - 多汁西柚,CHAR CHAR Гель для душа Milk & Honey - Juicy Grapefruit,CHAR CHAR ミルク＆ハニー ボディウォッシュ - ジューシーグレープフルーツ,CHAR CHAR Sữa tắm CHAR CHAR Milk & Honey - Juicy Grapefruit
AOBL005,샤샤 세라 데오 바디로션,샤샤,AOBL005,CHAR CHAR,CHAR CHAR Cera Deo Body Lotion,CHAR CHAR 神经酰胺止汗身体乳,CHAR CHAR Лосьон для тела Cera Deo,CHAR CHAR セラ デオ ボディローション,CHAR CHAR Sữa dưỡng thể CHAR CHAR Cera Deo
AOBL000,샤샤 아르간 오일 바디로션,샤샤,AOBL000,CHAR CHAR,CHAR CHAR Argan Oil Body Lotion,CHAR CHAR 摩洛哥坚果油身体乳,CHAR CHAR Лосьон для тела Argan Oil,CHAR CHAR アルガンオイル ボディローション,CHAR CHAR Sữa dưỡng thể CHAR CHAR Argan Oil
AOBC000,샤샤 아르간 오일 바디워시,샤샤,AOBC000,CHAR CHAR,CHAR CHAR Argan Oil Body Wash,CHAR CHAR 摩洛哥坚果油沐浴露,CHAR CHAR Гель для душа Argan Oil,CHAR CHAR アルガンオイル ボディウォッシュ,CHAR CHAR Sữa tắm CHAR CHAR Argan Oil
AOSP000,샤샤 아르간 오일 샴푸,샤샤,AOSP000,CHAR CHAR,CHAR CHAR Argan Oil Shampoo,CHAR CHAR 摩洛哥坚果油洗发水,CHAR CHAR Шампунь Argan Oil,CHAR CHAR アルガンオイル シャンプー,CHAR CHAR Dầu gội CHAR CHAR Argan Oil
AOSP003,샤샤 아르간 오일 어성초 캡슐 스크럽 샴푸,샤샤,AOSP003,CHAR CHAR,CHAR CHAR Argan Oil Houttuynia Capsule Scrub Shampoo,CHAR CHAR 摩洛哥坚果油鱼腥草胶囊磨砂洗发水,CHAR CHAR Шампунь-скраб с капсулами Argan Oil Houttuynia,CHAR CHAR アルガンオイル ドクダミ カプセルスクラブ シャンプー,CHAR CHAR Dầu gội tẩy tế bào chết CHAR CHAR Argan Oil Houttuynia
AOBC005,샤샤 아르간 오일 진저 쿨링 케어 바디워시,샤샤,AOBC005,CHAR CHAR,CHAR CHAR Argan Oil Ginger Cooling Care Body Wash,CHAR CHAR 摩洛哥坚果油生姜清凉护理沐浴露,CHAR CHAR Гель для душа Argan Oil Ginger Cooling Care,CHAR CHAR アルガンオイル ジンジャー クーリングケア ボディウォッシュ,CHAR CHAR Sữa tắm CHAR CHAR Argan Oil Ginger Cooling Care
AORS000,샤샤 아르간 오일 컨디셔너,샤샤,AORS000,CHAR CHAR,CHAR CHAR Argan Oil Conditioner,CHAR CHAR 摩洛哥坚果油护发素,CHAR CHAR Кондиционер Argan Oil,CHAR CHAR アルガンオイル コンディショナー,CHAR CHAR Dầu xả CHAR CHAR Argan Oil
AOHSR00,샤샤 아르간 오일 헤어 세럼,샤샤,AOHSR00,CHAR CHAR,CHAR CHAR Argan Oil Hair Serum,CHAR CHAR 摩洛哥坚果油护发精华,CHAR CHAR Сыворотка для волос Argan Oil,CHAR CHAR アルガンオイル ヘアセラム,CHAR CHAR Tinh chất dưỡng tóc CHAR CHAR Argan Oil
AOHA001,샤샤 아르간오일 단백질 헤어 앰플,샤샤,AOHA001,CHAR CHAR,CHAR CHAR Argan Oil Protein Hair Ampoule,CHAR CHAR 摩洛哥坚果油蛋白质护发安瓶,CHAR CHAR Ампула для волос Argan Oil Protein,CHAR CHAR アルガンオイル プロテイン ヘアアンプル,CHAR CHAR Tinh chất dưỡng tóc CHAR CHAR Argan Oil Protein
AOHA5T1,샤샤 아르간오일 단백질 헤어 앰플 (세트),샤샤,AOHA001,CHAR CHAR,CHAR CHAR Argan Oil Protein Hair Ampoule (Set),CHAR CHAR 摩洛哥坚果油蛋白质护发安瓶（套装）,CHAR CHAR Ампула для волос Argan Oil Protein (набор),CHAR CHAR アルガンオイル プロテイン ヘアアンプル（セット）,CHAR CHAR Tinh chất dưỡng tóc CHAR CHAR Argan Oil Protein (Bộ)
AOHAM01,샤샤 아르간오일 단백질 헤어 앰플 15ML,샤샤,AOHA001,CHAR CHAR,CHAR CHAR Argan Oil Protein Hair Ampoule 15ML,CHAR CHAR 摩洛哥坚果油蛋白质护发安瓶 15ML,CHAR CHAR Ампула для волос Argan Oil Protein 15ML,CHAR CHAR アルガンオイル プロテイン ヘアアンプル 15ML,CHAR CHAR Tinh chất dưỡng tóc CHAR CHAR Argan Oil Protein 15ML
AOWS000,샤샤 아르간오일 슈퍼하드 워터 스프레이,샤샤,AOWS000,CHAR CHAR,CHAR CHAR Argan Oil Super Hard Water Spray,CHAR CHAR 摩洛哥坚果油超强定型喷雾,CHAR CHAR Спрей для укладки Argan Oil Super Hard,CHAR CHAR アルガンオイル スーパーハード ウォータースプレー,CHAR CHAR Xịt tạo kiểu CHAR CHAR Argan Oil Super Hard
AORS001,샤샤 아르간오일 어성초 엘피피 프로테인 헤어팩,샤샤,,CHAR CHAR,CHAR CHAR Argan Oil Houttuynia LPP Protein Hair Pack,CHAR CHAR 摩洛哥坚果油鱼腥草LPP蛋白质发膜,CHAR CHAR Маска для волос Argan Oil Houttuynia LPP Protein,CHAR CHAR アルガンオイル ドクダミ LPP プロテイン ヘアパック,CHAR CHAR Ủ tóc CHAR CHAR Argan Oil Houttuynia LPP Protein
AOHE001,샤샤 아르간오일 웨이브 볼륨 에센스,샤샤,AOHE001,CHAR CHAR,CHAR CHAR Argan Oil Wave Volume Essence,CHAR CHAR 摩洛哥坚果油波浪卷蓬松精华,CHAR CHAR Эссенция для объёма Argan Oil Wave,CHAR CHAR アルガンオイル ウェーブ ボリューム エッセンス,CHAR CHAR Tinh chất tạo sóng CHAR CHAR Argan Oil Wave Volume
AOSP002,샤샤 아르간오일 진저 쿨링 케어 샴푸,샤샤,AOSP002,CHAR CHAR,CHAR CHAR Argan Oil Ginger Cooling Care Shampoo,CHAR CHAR 摩洛哥坚果油生姜清凉护理洗发水,CHAR CHAR Шампунь Argan Oil Ginger Cooling Care,CHAR CHAR アルガンオイル ジンジャー クーリングケア シャンプー,CHAR CHAR Dầu gội CHAR CHAR Argan Oil Ginger Cooling Care
AOBL004,샤샤 알로에베라 바디로션,샤샤,,CHAR CHAR,CHAR CHAR Aloe Vera Body Lotion,CHAR CHAR 芦荟身体乳,CHAR CHAR Лосьон для тела Aloe Vera,CHAR CHAR アロエベラ ボディローション,CHAR CHAR Sữa dưỡng thể CHAR CHAR Aloe Vera
AOBC004,샤샤 알로에베라 바디워시,샤샤,,CHAR CHAR,CHAR CHAR Aloe Vera Body Wash,CHAR CHAR 芦荟沐浴露,CHAR CHAR Гель для душа Aloe Vera,CHAR CHAR アロエベラ ボディウォッシュ,CHAR CHAR Sữa tắm CHAR CHAR Aloe Vera
AOSP004,샤샤 알로에베라 앤 프로폴리스 샴푸,샤샤,,CHAR CHAR,CHAR CHAR Aloe Vera & Propolis Shampoo,CHAR CHAR 芦荟蜂胶洗发水,CHAR CHAR Шампунь Aloe Vera & Propolis,CHAR CHAR アロエベラ＆プロポリス シャンプー,CHAR CHAR Dầu gội CHAR CHAR Aloe Vera & Propolis
AORS004,샤샤 알로에베라 앤 프로폴리스 컨디셔너,샤샤,,CHAR CHAR,CHAR CHAR Aloe Vera & Propolis Conditioner,CHAR CHAR 芦荟蜂胶护发素,CHAR CHAR Кондиционер Aloe Vera & Propolis,CHAR CHAR アロエベラ＆プロポリス コンディショナー,CHAR CHAR Dầu xả CHAR CHAR Aloe Vera & Propolis
CCSP003,세라클리닉 더마이드 4.0 노옐로우 샴푸 프로테인 퀸치 500ml,세라클리닉,CCSP003,CERA CLINIC,CERA CLINIC Dermaid 4.0 No Yellow Shampoo Protein Quench 500ml,CERA CLINIC 德玛德4.0 去黄洗发水 蛋白质滋润 500ml,CERA CLINIC Dermaid 4.0 No Yellow Шампунь Protein Quench 500ml,CERA CLINIC ダーマイド 4.0 ノーイエロー シャンプー プロテインクェンチ 500ml,CERA CLINIC Dầu gội CERA CLINIC Dermaid 4.0 No Yellow Protein Quench 500ml
CCSP001,세라클리닉 더마이드 4.0 보태니컬 샴푸,세라클리닉,CCSP001,CERA CLINIC,CERA CLINIC Dermaid 4.0 Botanical Shampoo,CERA CLINIC 德玛德4.0 植物洗发水,CERA CLINIC Dermaid 4.0 Botanical Шампунь,CERA CLINIC ダーマイド 4.0 ボタニカル シャンプー,CERA CLINIC Dầu gội CERA CLINIC Dermaid 4.0 Botanical
CCRS001,세라클리닉 더마이드 4.0 보태니컬 트리트먼트 플루이드,세라클리닉,CCRS001,CERA CLINIC,CERA CLINIC Dermaid 4.0 Botanical Treatment Fluid,CERA CLINIC 德玛德4.0 植物护理液,CERA CLINIC Dermaid 4.0 Botanical Флюид-кондиционер,CERA CLINIC ダーマイド 4.0 ボタニカル トリートメントフルイド,CERA CLINIC Dầu xả dạng lỏng CERA CLINIC Dermaid 4.0 Botanical
CCRSP01,세라클리닉 더마이드 4.0 보태니컬 트리트먼트 플루이드 5ML,세라클리닉,CCRS001,CERA CLINIC,CERA CLINIC Dermaid 4.0 Botanical Treatment Fluid 5ML,CERA CLINIC 德玛德4.0 植物护理液 5ML,CERA CLINIC Dermaid 4.0 Botanical Флюид-кондиционер 5ML,CERA CLINIC ダーマイド 4.0 ボタニカル トリートメントフルイド 5ML,CERA CLINIC Dầu xả dạng lỏng CERA CLINIC Dermaid 4.0 Botanical 5ML
CCVF000,세라클리닉 더마이드 4.0 볼륨 픽서 프로테인 퀸치,세라클리닉,CCVF000,CERA CLINIC,CERA CLINIC Dermaid 4.0 Volume Fixer Protein Quench,CERA CLINIC 德玛德4.0 蓬松定型 蛋白质滋润,CERA CLINIC Dermaid 4.0 Volume Fixer Protein Quench,CERA CLINIC ダーマイド 4.0 ボリュームフィクサー プロテインクェンチ,CERA CLINIC Xịt giữ nếp tóc CERA CLINIC Dermaid 4.0 Volume Fixer Protein Quench
CCBL001,세라클리닉 더마이드 4.0 세라마이드 바디로션 [500 ml],세라클리닉,CCBL001,CERA CLINIC,CERA CLINIC Dermaid 4.0 Ceramide Body Lotion [500ml],CERA CLINIC 德玛德4.0 神经酰胺身体乳 [500ml],CERA CLINIC Dermaid 4.0 Ceramide Лосьон для тела [500ml],CERA CLINIC ダーマイド 4.0 セラミド ボディローション [500ml],CERA CLINIC Sữa dưỡng thể CERA CLINIC Dermaid 4.0 Ceramide [500ml]
CCAB001,세라클리닉 더마이드 4.0 앰플 밤 프로테인 퀸치,세라클리닉,CCAB001,CERA CLINIC,CERA CLINIC Dermaid 4.0 Ampoule Balm Protein Quench,CERA CLINIC 德玛德4.0 安瓶膏 蛋白质滋润,CERA CLINIC Dermaid 4.0 Ampoule Balm Protein Quench,CERA CLINIC ダーマイド 4.0 アンプルバーム プロテインクェンチ,CERA CLINIC Kem dạng ampoule CERA CLINIC Dermaid 4.0 Protein Quench
CCSP004,세라클리닉 더마이드 4.0 앰플 샴푸 프로테인 퀸치,세라클리닉,CCSP004,CERA CLINIC,CERA CLINIC Dermaid 4.0 Ampoule Shampoo Protein Quench,CERA CLINIC 德玛德4.0 安瓶洗发水 蛋白质滋润,CERA CLINIC Dermaid 4.0 Ampoule Шампунь Protein Quench,CERA CLINIC ダーマイド 4.0 アンプル シャンプー プロテインクェンチ,CERA CLINIC Dầu gội dạng ampoule CERA CLINIC Dermaid 4.0 Protein Quench
CCSPM04,세라클리닉 더마이드 4.0 앰플 샴푸 프로테인 퀸치 30ml,세라클리닉,CCSP004,CERA CLINIC,CERA CLINIC Dermaid 4.0 Ampoule Shampoo Protein Quench 30ml,CERA CLINIC 德玛德4.0 安瓶洗发水 蛋白质滋润 30ml,CERA CLINIC Dermaid 4.0 Ampoule Шампунь Protein Quench 30ml,CERA CLINIC ダーマイド 4.0 アンプル シャンプー プロテインクェンチ 30ml,CERA CLINIC Dầu gội dạng ampoule CERA CLINIC Dermaid 4.0 Protein Quench 30ml
CCAO001,세라클리닉 더마이드 4.0 앰플 오일 프로테인 퀸치,세라클리닉,CCAO001,CERA CLINIC,CERA CLINIC Dermaid 4.0 Ampoule Oil Protein Quench,CERA CLINIC 德玛德4.0 安瓶精油 蛋白质滋润,CERA CLINIC Dermaid 4.0 Ampoule Oil Protein Quench,CERA CLINIC ダーマイド 4.0 アンプルオイル プロテインクェンチ,CERA CLINIC Tinh dầu dạng ampoule CERA CLINIC Dermaid 4.0 Protein Quench
CCAT001,세라클리닉 더마이드 4.0 앰플 트리트먼트 (노린스) 프로테인 퀸치,세라클리닉,CCAT001,CERA CLINIC,CERA CLINIC Dermaid 4.0 Ampoule Treatment (No Rinse) Protein Quench,CERA CLINIC 德玛德4.0 安瓶护理素（免洗）蛋白质滋润,CERA CLINIC Dermaid 4.0 Ampoule Treatment (без смывания) Protein Quench,CERA CLINIC ダーマイド 4.0 アンプル トリートメント（ノーリンス）プロテインクェンチ,CERA CLINIC Xả khô dạng ampoule CERA CLINIC Dermaid 4.0 Protein Quench
CCATR01,세라클리닉 더마이드 4.0 앰플 트리트먼트 프로테인 퀸치,세라클리닉,CCAT001,CERA CLINIC,CERA CLINIC Dermaid 4.0 Ampoule Treatment Protein Quench,CERA CLINIC 德玛德4.0 安瓶护发素 蛋白质滋润,CERA CLINIC Dermaid 4.0 Ampoule Кондиционер Protein Quench,CERA CLINIC ダーマイド 4.0 アンプル トリートメント プロテインクェンチ,CERA CLINIC Dầu xả dạng ampoule CERA CLINIC Dermaid 4.0 Protein Quench
CCCR001,세라클리닉 더마이드 4.0 인텐시브 크림,세라클리닉,CCCR001,CERA CLINIC,CERA CLINIC Dermaid 4.0 Intensive Cream,CERA CLINIC 德玛德4.0 密集修护霜,CERA CLINIC Dermaid 4.0 Интенсивный крем,CERA CLINIC ダーマイド 4.0 インテンシブ クリーム,CERA CLINIC Kem dưỡng chuyên sâu CERA CLINIC Dermaid 4.0
CCHP001,세라클리닉 더마이드 4.0 헤어팩 프로테인 퀸치,세라클리닉,CCHP001,CERA CLINIC,CERA CLINIC Dermaid 4.0 Hair Pack Protein Quench,CERA CLINIC 德玛德4.0 发膜 蛋白质滋润,CERA CLINIC Dermaid 4.0 Маска для волос Protein Quench,CERA CLINIC ダーマイド 4.0 ヘアパック プロテインクェンチ,CERA CLINIC Ủ tóc CERA CLINIC Dermaid 4.0 Protein Quench
CCHPM01,세라클리닉 더마이드 4.0 헤어팩 프로테인 퀸치 30ml,세라클리닉,CCHP001,CERA CLINIC,CERA CLINIC Dermaid 4.0 Hair Pack Protein Quench 30ml,CERA CLINIC 德玛德4.0 发膜 蛋白质滋润 30ml,CERA CLINIC Dermaid 4.0 Маска для волос Protein Quench 30ml,CERA CLINIC ダーマイド 4.0 ヘアパック プロテインクェンチ 30ml,CERA CLINIC Ủ tóc CERA CLINIC Dermaid 4.0 Protein Quench 30ml
CCSP005,세라클리닉 더마이드4.0 안티헤어로스 샴푸,세라클리닉,,CERA CLINIC,CERA CLINIC Dermaid 4.0 Anti Hair Loss Shampoo,CERA CLINIC 德玛德4.0 防脱洗发水,CERA CLINIC Dermaid 4.0 Anti Hair Loss Шампунь,CERA CLINIC ダーマイド 4.0 アンチヘアロス シャンプー,CERA CLINIC Dầu gội chống rụng tóc CERA CLINIC Dermaid 4.0
CCRS005,세라클리닉 더마이드4.0 안티헤어로스 컨디셔너,세라클리닉,,CERA CLINIC,CERA CLINIC Dermaid 4.0 Anti Hair Loss Conditioner,CERA CLINIC 德玛德4.0 防脱护发素,CERA CLINIC Dermaid 4.0 Anti Hair Loss Кондиционер,CERA CLINIC ダーマイド 4.0 アンチヘアロス コンディショナー,CERA CLINIC Dầu xả chống rụng tóc CERA CLINIC Dermaid 4.0
CCCC001,세라클리닉 더마이드4.0 컬링 크림 프로테인 퀸치,세라클리닉,CCCC001,CERA CLINIC,CERA CLINIC Dermaid 4.0 Curling Cream Protein Quench,CERA CLINIC 德玛德4.0 卷发霜 蛋白质滋润,CERA CLINIC Dermaid 4.0 Curling Cream Protein Quench,CERA CLINIC ダーマイド 4.0 カーリングクリーム プロテインクェンチ,CERA CLINIC Kem tạo kiểu xoăn CERA CLINIC Dermaid 4.0 Protein Quench
CCHW001,세라클리닉 보태니컬 핸드솝- 로즈오브예리코,세라클리닉,CCHW001,CERA CLINIC,CERA CLINIC Botanical Hand Soap - Rose of Jericho,CERA CLINIC 植物洗手液 - 耶利哥玫瑰,CERA CLINIC Botanical Жидкое мыло для рук - Rose of Jericho,CERA CLINIC ボタニカル ハンドソープ - ローズオブジェリコ,CERA CLINIC Nước rửa tay thực vật CERA CLINIC - Rose of Jericho
CCHW002,세라클리닉 보태니컬 핸드솝- 포레스트 워크,세라클리닉,CCHW001,CERA CLINIC,CERA CLINIC Botanical Hand Soap - Forest Walk,CERA CLINIC 植物洗手液 - 森林漫步,CERA CLINIC Botanical Жидкое мыло для рук - Forest Walk,CERA CLINIC ボタニカル ハンドソープ - フォレストウォーク,CERA CLINIC Nước rửa tay thực vật CERA CLINIC - Forest Walk
CCHW2T1,세라클리닉 보태니컬 핸드케어 & 마스크 세트,세라클리닉,,CERA CLINIC,CERA CLINIC Botanical Hand Care & Mask Set,CERA CLINIC 植物手部护理&面膜套装,CERA CLINIC Botanical Набор для ухода за руками и маской,CERA CLINIC ボタニカル ハンドケア＆マスクセット,CERA CLINIC Bộ chăm sóc tay & mặt nạ thực vật CERA CLINIC
TOAP002,시온 세라-샷 피디알엔 핑크 리페어 앰플,시온,TOAP002,THION,THION Cera-Shot PDRN Pink Repair Ampoule,THION 神经酰胺 PDRN 粉色修护安瓶,THION Cera-Shot PDRN Pink Repair Ампула,THION セラショット PDRN ピンク リペア アンプル,THION Tinh chất THION Cera-Shot PDRN Pink Repair
TOAP003,시온 알파-알부틴 멀티토닝 앰플,시온,TOAP003,THION,THION Alpha-Arbutin Multi Toning Ampoule,THION α-熊果苷 多效亮肤安瓶,THION Alpha-Arbutin Multi Toning Ампула,THION アルファアルブチン マルチトーニング アンプル,THION Tinh chất THION Alpha-Arbutin Multi Toning
TOAP001,시온 테카줄렌 블루 카밍 앰플,시온,TOAP001,THION,THION Teca-Zulen Blue Calming Ampoule,THION 积雪草蓝甘菊 镇静安瓶,THION Teca-Zulen Blue Calming Ампула,THION テカズレン ブルー カーミング アンプル,THION Tinh chất THION Teca-Zulen Blue Calming
NPBC008,에바스 나뚜리아 크리미 밀크 바디워시- 그린티,에바스,,NATURIA,EVAS NATURIA Creamy Milk Body Wash - Green Tea,EVAS NATURIA 奶油牛奶沐浴露 - 绿茶,EVAS NATURIA Creamy Milk Гель для душа - Green Tea,EVAS NATURIA クリーミーミルク ボディウォッシュ - グリーンティー,EVAS NATURIA Sữa tắm EVAS NATURIA Creamy Milk - Green Tea
NPBC005,에바스 나뚜리아 크리미 밀크 바디워시- 밀크미,에바스,,NATURIA,EVAS NATURIA Creamy Milk Body Wash - Milk Me,EVAS NATURIA 奶油牛奶沐浴露 - 牛奶我,EVAS NATURIA Creamy Milk Гель для душа - Milk Me,EVAS NATURIA クリーミーミルク ボディウォッシュ - ミルクミー,EVAS NATURIA Sữa tắm EVAS NATURIA Creamy Milk - Milk Me
NPBC006,에바스 나뚜리아 크리미 밀크 바디워시- 쏘바닐라,에바스,,NATURIA,EVAS NATURIA Creamy Milk Body Wash - So Vanilla,EVAS NATURIA 奶油牛奶沐浴露 - 香草味,EVAS NATURIA Creamy Milk Гель для душа - So Vanilla,EVAS NATURIA クリーミーミルク ボディウォッシュ - ソーバニラ,EVAS NATURIA Sữa tắm EVAS NATURIA Creamy Milk - So Vanilla
NPBC007,에바스 나뚜리아 크리미 밀크 바디워시- 초코라떼,에바스,,NATURIA,EVAS NATURIA Creamy Milk Body Wash - Choco Latte,EVAS NATURIA 奶油牛奶沐浴露 - 巧克力拿铁,EVAS NATURIA Creamy Milk Гель для душа - Choco Latte,EVAS NATURIA クリーミーミルク ボディウォッシュ - チョコラテ,EVAS NATURIA Sữa tắm EVAS NATURIA Creamy Milk - Choco Latte
NPBC009,에바스 나뚜리아 크리미 밀크 바디워시- 휘그펄프,에바스,,NATURIA,EVAS NATURIA Creamy Milk Body Wash - Whipped Pulp,EVAS NATURIA 奶油牛奶沐浴露 - 打发果肉,EVAS NATURIA Creamy Milk Гель для душа - Whipped Pulp,EVAS NATURIA クリーミーミルク ボディウォッシュ - ホイップパルプ,EVAS NATURIA Sữa tắm EVAS NATURIA Creamy Milk - Whipped Pulp
NPSS004,에바스 나뚜리아 크리미 오일 솔트 스크럽- 그린티,에바스,,NATURIA,EVAS NATURIA Creamy Oil Salt Scrub - Green Tea,EVAS NATURIA 奶油精油盐磨砂 - 绿茶,EVAS NATURIA Creamy Oil Солевой скраб - Green Tea,EVAS NATURIA クリーミーオイル ソルトスクラブ - グリーンティー,EVAS NATURIA Tẩy tế bào chết muối dầu EVAS NATURIA - Green Tea
NPSS001,에바스 나뚜리아 크리미 오일 솔트 스크럽- 밀크미,에바스,,NATURIA,EVAS NATURIA Creamy Oil Salt Scrub - Milk Me,EVAS NATURIA 奶油精油盐磨砂 - 牛奶我,EVAS NATURIA Creamy Oil Солевой скраб - Milk Me,EVAS NATURIA クリーミーオイル ソルトスクラブ - ミルクミー,EVAS NATURIA Tẩy tế bào chết muối dầu EVAS NATURIA - Milk Me
NPSS002,에바스 나뚜리아 크리미 오일 솔트 스크럽- 쏘바닐라,에바스,,NATURIA,EVAS NATURIA Creamy Oil Salt Scrub - So Vanilla,EVAS NATURIA 奶油精油盐磨砂 - 香草味,EVAS NATURIA Creamy Oil Солевой скраб - So Vanilla,EVAS NATURIA クリーミーオイル ソルトスクラブ - ソーバニラ,EVAS NATURIA Tẩy tế bào chết muối dầu EVAS NATURIA - So Vanilla
NPSS003,에바스 나뚜리아 크리미 오일 솔트 스크럽- 초코라떼,에바스,,NATURIA,EVAS NATURIA Creamy Oil Salt Scrub - Choco Latte,EVAS NATURIA 奶油精油盐磨砂 - 巧克力拿铁,EVAS NATURIA Creamy Oil Солевой скраб - Choco Latte,EVAS NATURIA クリーミーオイル ソルトスクラブ - チョコラテ,EVAS NATURIA Tẩy tế bào chết muối dầu EVAS NATURIA - Choco Latte
NPSS005,에바스 나뚜리아 크리미 오일 솔트 스크럽- 휘그펄프,에바스,,NATURIA,EVAS NATURIA Creamy Oil Salt Scrub - Whipped Pulp,EVAS NATURIA 奶油精油盐磨砂 - 打发果肉,EVAS NATURIA Creamy Oil Солевой скраб - Whipped Pulp,EVAS NATURIA クリーミーオイル ソルトスクラブ - ホイップパルプ,EVAS NATURIA Tẩy tế bào chết muối dầu EVAS NATURIA - Whipped Pulp
RMSC003,에바스 로즈마인 루지 샤워코롱,에바스,,NATURIA,EVAS ROSEMINE Rouge Shower Cologne,EVAS ROSEMINE 胭脂沐浴古龙水,EVAS ROSEMINE Rouge Одеколон для душа,EVAS ROSEMINE ルージュ シャワーコロン,EVAS Nước hoa tắm ROSEMINE Rouge
RMSC002,에바스 로즈마인 블랑쉬 샤워코롱,에바스,,NATURIA,EVAS ROSEMINE Blanche Shower Cologne,EVAS ROSEMINE 雪白沐浴古龙水,EVAS ROSEMINE Blanche Одеколон для душа,EVAS ROSEMINE ブランシュ シャワーコロン,EVAS Nước hoa tắm ROSEMINE Blanche
RMSC004,에바스 로즈마인 클레어 샤워코롱,에바스,,NATURIA,EVAS ROSEMINE Claire Shower Cologne,EVAS ROSEMINE 克莱尔沐浴古龙水,EVAS ROSEMINE Claire Одеколон для душа,EVAS ROSEMINE クレア シャワーコロン,EVAS Nước hoa tắm ROSEMINE Claire
KBBC003,키스바이 로즈마인 스텔라리 바디워시- 블리스,키스바이,KBBC001,ROSEMINE,KISS BY ROSEMINE Stellari Body Wash - Bliss,KISS BY ROSEMINE Stellari 沐浴露 - 幸福,KISS BY ROSEMINE Stellari Гель для душа - Bliss,KISS BY ROSEMINE ステラーリ ボディウォッシュ - ブリス,KISS BY ROSEMINE Sữa tắm Stellari - Bliss
KBBC001,키스바이 로즈마인 스텔라리 바디워시- 센슈얼리티,키스바이,KBBC001,ROSEMINE,KISS BY ROSEMINE Stellari Body Wash - Sensuality,KISS BY ROSEMINE Stellari 沐浴露 - 性感,KISS BY ROSEMINE Stellari Гель для душа - Sensuality,KISS BY ROSEMINE ステラーリ ボディウォッシュ - センシュアリティ,KISS BY ROSEMINE Sữa tắm Stellari - Sensuality
KBBC004,키스바이 로즈마인 스텔라리 바디워시- 스너그,키스바이,KBBC001,ROSEMINE,KISS BY ROSEMINE Stellari Body Wash - Snug,KISS BY ROSEMINE Stellari 沐浴露 - 舒适,KISS BY ROSEMINE Stellari Гель для душа - Snug,KISS BY ROSEMINE ステラーリ ボディウォッシュ - スナッグ,KISS BY ROSEMINE Sữa tắm Stellari - Snug
KBBC002,키스바이 로즈마인 스텔라리 바디워시- 호프,키스바이,KBBC001,ROSEMINE,KISS BY ROSEMINE Stellari Body Wash - Hope,KISS BY ROSEMINE Stellari 沐浴露 - 希望,KISS BY ROSEMINE Stellari Гель для душа - Hope,KISS BY ROSEMINE ステラーリ ボディウォッシュ - ホープ,KISS BY ROSEMINE Sữa tắm Stellari - Hope
KBOW001,키스바이 로즈마인 프래그런스 오일워시- 글래머 센슈얼리티,키스바이,KBOW001,ROSEMINE,KISS BY ROSEMINE Fragrance Oil Wash - Glamour Sensuality,KISS BY ROSEMINE 香氛精油沐浴露 - 魅力性感,KISS BY ROSEMINE Fragrance Oil Wash - Glamour Sensuality,KISS BY ROSEMINE フレグランス オイルウォッシュ - グラマーセンシュアリティ,KISS BY ROSEMINE Sữa tắm dầu hương - Glamour Sensuality
KBOW002,키스바이 로즈마인 프래그런스 오일워시- 글래머 판타지,키스바이,KBOW001,ROSEMINE,KISS BY ROSEMINE Fragrance Oil Wash - Glamour Fantasy,KISS BY ROSEMINE 香氛精油沐浴露 - 魅力幻想,KISS BY ROSEMINE Fragrance Oil Wash - Glamour Fantasy,KISS BY ROSEMINE フレグランス オイルウォッシュ - グラマーファンタジー,KISS BY ROSEMINE Sữa tắm dầu hương - Glamour Fantasy
KBOW003,키스바이 로즈마인 프래그런스 오일워시- 글래머 프레셔스,키스바이,KBOW001,ROSEMINE,KISS BY ROSEMINE Fragrance Oil Wash - Glamour Precious,KISS BY ROSEMINE 香氛精油沐浴露 - 魅力珍贵,KISS BY ROSEMINE Fragrance Oil Wash - Glamour Precious,KISS BY ROSEMINE フレグランス オイルウォッシュ - グラマープレシャス,KISS BY ROSEMINE Sữa tắm dầu hương - Glamour Precious
KBOW004,"키스바이 로즈마인 프래그런스 오일워시- 오,프레쉬 포에버",키스바이,KBOW001,ROSEMINE,"KISS BY ROSEMINE Fragrance Oil Wash - Oh, Fresh Forever","KISS BY ROSEMINE 香氛精油沐浴露 - 噢，永远清新","KISS BY ROSEMINE Fragrance Oil Wash - Oh, Fresh Forever","KISS BY ROSEMINE フレグランス オイルウォッシュ - オー、フレッシュフォーエバー","KISS BY ROSEMINE Sữa tắm dầu hương - Oh, Fresh Forever"
KBOW005,"키스바이 로즈마인 프래그런스 오일워시- 오,프레쉬 허브가든",키스바이,KBOW001,ROSEMINE,"KISS BY ROSEMINE Fragrance Oil Wash - Oh, Fresh Herb Garden","KISS BY ROSEMINE 香氛精油沐浴露 - 噢，清新香草园","KISS BY ROSEMINE Fragrance Oil Wash - Oh, Fresh Herb Garden","KISS BY ROSEMINE フレグランス オイルウォッシュ - オー、フレッシュハーブガーデン","KISS BY ROSEMINE Sữa tắm dầu hương - Oh, Fresh Herb Garden"
KBCR006,키스바이 로즈마인 프래그런스 크림- 글래머 대즐링,키스바이,KBCR001,ROSEMINE,KISS BY ROSEMINE Fragrance Cream - Glamour Dazzling,KISS BY ROSEMINE 香氛身体霜 - 魅力耀眼,KISS BY ROSEMINE Fragrance Cream - Glamour Dazzling,KISS BY ROSEMINE フレグランス クリーム - グラマーダズリング,KISS BY ROSEMINE Kem dưỡng thể hương - Glamour Dazzling
KBCR007,키스바이 로즈마인 프래그런스 크림- 글래머 멜로우,키스바이,KBCR001,ROSEMINE,KISS BY ROSEMINE Fragrance Cream - Glamour Mellow,KISS BY ROSEMINE 香氛身体霜 - 魅力柔和,KISS BY ROSEMINE Fragrance Cream - Glamour Mellow,KISS BY ROSEMINE フレグランス クリーム - グラマーメロー,KISS BY ROSEMINE Kem dưỡng thể hương - Glamour Mellow
KBCR001,키스바이 로즈마인 프래그런스 크림- 글래머 센슈얼리티,키스바이,KBCR001,ROSEMINE,KISS BY ROSEMINE Fragrance Cream - Glamour Sensuality,KISS BY ROSEMINE 香氛身体霜 - 魅力性感,KISS BY ROSEMINE Fragrance Cream - Glamour Sensuality,KISS BY ROSEMINE フレグランス クリーム - グラマーセンシュアリティ,KISS BY ROSEMINE Kem dưỡng thể hương - Glamour Sensuality
KBCR008,키스바이 로즈마인 프래그런스 크림- 글래머 캔디블룸,키스바이,KBCR001,ROSEMINE,KISS BY ROSEMINE Fragrance Cream - Glamour Candy Bloom,KISS BY ROSEMINE 香氛身体霜 - 魅力糖果花开,KISS BY ROSEMINE Fragrance Cream - Glamour Candy Bloom,KISS BY ROSEMINE フレグランス クリーム - グラマーキャンディブルーム,KISS BY ROSEMINE Kem dưỡng thể hương - Glamour Candy Bloom
KBCR002,키스바이 로즈마인 프래그런스 크림- 글래머 판타지,키스바이,KBCR001,ROSEMINE,KISS BY ROSEMINE Fragrance Cream - Glamour Fantasy,KISS BY ROSEMINE 香氛身体霜 - 魅力幻想,KISS BY ROSEMINE Fragrance Cream - Glamour Fantasy,KISS BY ROSEMINE フレグランス クリーム - グラマーファンタジー,KISS BY ROSEMINE Kem dưỡng thể hương - Glamour Fantasy
KBCR003,키스바이 로즈마인 프래그런스 크림- 글래머 프레셔스,키스바이,KBCR001,ROSEMINE,KISS BY ROSEMINE Fragrance Cream - Glamour Precious,KISS BY ROSEMINE 香氛身体霜 - 魅力珍贵,KISS BY ROSEMINE Fragrance Cream - Glamour Precious,KISS BY ROSEMINE フレグランス クリーム - グラマープレシャス,KISS BY ROSEMINE Kem dưỡng thể hương - Glamour Precious
KBCR004,"키스바이 로즈마인 프래그런스 크림- 오,프레쉬 포에버",키스바이,KBCR001,ROSEMINE,"KISS BY ROSEMINE Fragrance Cream - Oh, Fresh Forever","KISS BY ROSEMINE 香氛身体霜 - 噢，永远清新","KISS BY ROSEMINE Fragrance Cream - Oh, Fresh Forever","KISS BY ROSEMINE フレグランス クリーム - オー、フレッシュフォーエバー","KISS BY ROSEMINE Kem dưỡng thể hương - Oh, Fresh Forever"
KBCR005,"키스바이 로즈마인 프래그런스 크림- 오,프레쉬 허브가든",키스바이,KBCR001,ROSEMINE,"KISS BY ROSEMINE Fragrance Cream - Oh, Fresh Herb Garden","KISS BY ROSEMINE 香氛身体霜 - 噢，清新香草园","KISS BY ROSEMINE Fragrance Cream - Oh, Fresh Herb Garden","KISS BY ROSEMINE フレグランス クリーム - オー、フレッシュハーブガーデン","KISS BY ROSEMINE Kem dưỡng thể hương - Oh, Fresh Herb Garden"
KBHC5T1,키스바이 로즈마인 프래그런스 핸드크림 5종 세트,키스바이,,ROSEMINE,KISS BY ROSEMINE Fragrance Hand Cream 5-Piece Set,KISS BY ROSEMINE 香氛护手霜5件套装,KISS BY ROSEMINE Fragrance Крем для рук Набор из 5 шт.,KISS BY ROSEMINE フレグランス ハンドクリーム 5種セット,KISS BY ROSEMINE Bộ kem dưỡng tay hương nước hoa 5 món
KBHC3T1,키스바이 로즈마인 프래그런스 핸드크림 트리오 (3종세트),키스바이,,ROSEMINE,KISS BY ROSEMINE Fragrance Hand Cream Trio (3-Piece Set),KISS BY ROSEMINE 香氛护手霜三部曲（3件套装）,KISS BY ROSEMINE Fragrance Крем для рук Трио (набор из 3 шт.),KISS BY ROSEMINE フレグランス ハンドクリーム トリオ（3種セット）,KISS BY ROSEMINE Bộ kem dưỡng tay hương nước hoa Trio (3 món)
KBHC011,키스바이 로즈마인 프래그런스 핸드크림- 글래머 대즐링,키스바이,,ROSEMINE,KISS BY ROSEMINE Fragrance Hand Cream - Glamour Dazzling,KISS BY ROSEMINE 香氛护手霜 - 魅力耀眼,KISS BY ROSEMINE Fragrance Крем для рук - Glamour Dazzling,KISS BY ROSEMINE フレグランス ハンドクリーム - グラマーダズリング,KISS BY ROSEMINE Kem dưỡng tay hương nước hoa - Glamour Dazzling
KBHC012,키스바이 로즈마인 프래그런스 핸드크림- 글래머 멜로우,키스바이,,ROSEMINE,KISS BY ROSEMINE Fragrance Hand Cream - Glamour Mellow,KISS BY ROSEMINE 香氛护手霜 - 魅力柔和,KISS BY ROSEMINE Fragrance Крем для рук - Glamour Mellow,KISS BY ROSEMINE フレグランス ハンドクリーム - グラマーメロー,KISS BY ROSEMINE Kem dưỡng tay hương nước hoa - Glamour Mellow
KBHC006,키스바이 로즈마인 프래그런스 핸드크림- 글래머 센슈얼리티,키스바이,,ROSEMINE,KISS BY ROSEMINE Fragrance Hand Cream - Glamour Sensuality,KISS BY ROSEMINE 香氛护手霜 - 魅力性感,KISS BY ROSEMINE Fragrance Крем для рук - Glamour Sensuality,KISS BY ROSEMINE フレグランス ハンドクリーム - グラマーセンシュアリティ,KISS BY ROSEMINE Kem dưỡng tay hương nước hoa - Glamour Sensuality
KBHC013,키스바이 로즈마인 프래그런스 핸드크림- 글래머 캔디블룸,키스바이,,ROSEMINE,KISS BY ROSEMINE Fragrance Hand Cream - Glamour Candy Bloom,KISS BY ROSEMINE 香氛护手霜 - 魅力糖果花开,KISS BY ROSEMINE Fragrance Крем для рук - Glamour Candy Bloom,KISS BY ROSEMINE フレグランス ハンドクリーム - グラマーキャンディブルーム,KISS BY ROSEMINE Kem dưỡng tay hương nước hoa - Glamour Candy Bloom
KBHC007,키스바이 로즈마인 프래그런스 핸드크림- 글래머 판타지,키스바이,,ROSEMINE,KISS BY ROSEMINE Fragrance Hand Cream - Glamour Fantasy,KISS BY ROSEMINE 香氛护手霜 - 魅力幻想,KISS BY ROSEMINE Fragrance Крем для рук - Glamour Fantasy,KISS BY ROSEMINE フレグランス ハンドクリーム - グラマーファンタジー,KISS BY ROSEMINE Kem dưỡng tay hương nước hoa - Glamour Fantasy
KBHC008,키스바이 로즈마인 프래그런스 핸드크림- 글래머 프레셔스,키스바이,,ROSEMINE,KISS BY ROSEMINE Fragrance Hand Cream - Glamour Precious,KISS BY ROSEMINE 香氛护手霜 - 魅力珍贵,KISS BY ROSEMINE Fragrance Крем для рук - Glamour Precious,KISS BY ROSEMINE フレグランス ハンドクリーム - グラマープレシャス,KISS BY ROSEMINE Kem dưỡng tay hương nước hoa - Glamour Precious
KBHC005,키스바이 로즈마인 프래그런스 핸드크림- 엔젤스 러브,키스바이,KBHC001,ROSEMINE,KISS BY ROSEMINE Fragrance Hand Cream - Angel's Love,KISS BY ROSEMINE 香氛护手霜 - 天使之爱,KISS BY ROSEMINE Fragrance Крем для рук - Angel's Love,KISS BY ROSEMINE フレグランス ハンドクリーム - エンジェルズラブ,KISS BY ROSEMINE Kem dưỡng tay hương nước hoa - Angel's Love
KBHC004,키스바이 로즈마인 프래그런스 핸드크림- 엔젤스 로즈,키스바이,KBHC001,ROSEMINE,KISS BY ROSEMINE Fragrance Hand Cream - Angel's Rose,KISS BY ROSEMINE 香氛护手霜 - 天使玫瑰,KISS BY ROSEMINE Fragrance Крем для рук - Angel's Rose,KISS BY ROSEMINE フレグランス ハンドクリーム - エンジェルズローズ,KISS BY ROSEMINE Kem dưỡng tay hương nước hoa - Angel's Rose
KBHC002,키스바이 로즈마인 프래그런스 핸드크림- 엔젤스 패션,키스바이,KBHC001,ROSEMINE,KISS BY ROSEMINE Fragrance Hand Cream - Angel's Passion,KISS BY ROSEMINE 香氛护手霜 - 天使激情,KISS BY ROSEMINE Fragrance Крем для рук - Angel's Passion,KISS BY ROSEMINE フレグランス ハンドクリーム - エンジェルズパッション,KISS BY ROSEMINE Kem dưỡng tay hương nước hoa - Angel's Passion
KBHC001,키스바이 로즈마인 프래그런스 핸드크림- 엔젤스 퓨어,키스바이,KBHC001,ROSEMINE,KISS BY ROSEMINE Fragrance Hand Cream - Angel's Pure,KISS BY ROSEMINE 香氛护手霜 - 天使纯净,KISS BY ROSEMINE Fragrance Крем для рук - Angel's Pure,KISS BY ROSEMINE フレグランス ハンドクリーム - エンジェルズピュア,KISS BY ROSEMINE Kem dưỡng tay hương nước hoa - Angel's Pure
KBHC003,키스바이 로즈마인 프래그런스 핸드크림- 엔젤스 하트,키스바이,KBHC001,ROSEMINE,KISS BY ROSEMINE Fragrance Hand Cream - Angel's Heart,KISS BY ROSEMINE 香氛护手霜 - 天使之心,KISS BY ROSEMINE Fragrance Крем для рук - Angel's Heart,KISS BY ROSEMINE フレグランス ハンドクリーム - エンジェルズハート,KISS BY ROSEMINE Kem dưỡng tay hương nước hoa - Angel's Heart
KBHC009,"키스바이 로즈마인 프래그런스 핸드크림- 오,프레쉬 포에버",키스바이,,ROSEMINE,"KISS BY ROSEMINE Fragrance Hand Cream - Oh, Fresh Forever","KISS BY ROSEMINE 香氛护手霜 - 噢，永远清新","KISS BY ROSEMINE Fragrance Крем для рук - Oh, Fresh Forever","KISS BY ROSEMINE フレグランス ハンドクリーム - オー、フレッシュフォーエバー","KISS BY ROSEMINE Kem dưỡng tay hương nước hoa - Oh, Fresh Forever"
KBHC010,"키스바이 로즈마인 프래그런스 핸드크림- 오,프레쉬 허브가든",키스바이,,ROSEMINE,"KISS BY ROSEMINE Fragrance Hand Cream - Oh, Fresh Herb Garden","KISS BY ROSEMINE 香氛护手霜 - 噢，清新香草园","KISS BY ROSEMINE Fragrance Крем для рук - Oh, Fresh Herb Garden","KISS BY ROSEMINE フレグランス ハンドクリーム - オー、フレッシュハーブガーデン","KISS BY ROSEMINE Kem dưỡng tay hương nước hoa - Oh, Fresh Herb Garden"
PTPW002,판테스틱 더마 비타 파우더,판테스틱,,PANTHESTIC,PANTHESTIC Derma Vita Powder,PANTHESTIC 德玛维他粉,PANTHESTIC Derma Vita Пудра,PANTHESTIC ダーマ ビタ パウダー,PANTHESTIC Phấn PANTHESTIC Derma Vita
PTBL001,판테스틱 더마 시카 AC로션,판테스틱,,PANTHESTIC,PANTHESTIC Derma Cica AC Lotion,PANTHESTIC 德玛积雪草AC乳液,PANTHESTIC Derma Cica AC Лосьон,PANTHESTIC ダーマ シカ AC ローション,PANTHESTIC Sữa dưỡng PANTHESTIC Derma Cica AC
PTBC002,판테스틱 더마 시카 아크네 클렌저,판테스틱,,PANTHESTIC,PANTHESTIC Derma Cica Acne Cleanser,PANTHESTIC 德玛积雪草祛痘洁面乳,PANTHESTIC Derma Cica Acne Очищающее средство,PANTHESTIC ダーマ シカ アクネ クレンザー,PANTHESTIC Sữa rửa mặt trị mụn PANTHESTIC Derma Cica
PTFC001,판테스틱 더마 시카 아크네 클렌징폼,판테스틱,,PANTHESTIC,PANTHESTIC Derma Cica Acne Cleansing Foam,PANTHESTIC 德玛积雪草祛痘洁面泡沫,PANTHESTIC Derma Cica Acne Очищающая пенка,PANTHESTIC ダーマ シカ アクネ クレンジングフォーム,PANTHESTIC Bọt rửa mặt trị mụn PANTHESTIC Derma Cica
PTAP001,판테스틱 더마 시카 에이씨 수딩 앰플,판테스틱,,PANTHESTIC,PANTHESTIC Derma Cica AC Soothing Ampoule,PANTHESTIC 德玛积雪草AC舒缓安瓶,PANTHESTIC Derma Cica AC Soothing Ампула,PANTHESTIC ダーマ シカ AC スージング アンプル,PANTHESTIC Tinh chất làm dịu PANTHESTIC Derma Cica AC
PTMT001,판테스틱 더마 시카 에이씨 컨트롤 미스트,판테스틱,,PANTHESTIC,PANTHESTIC Derma Cica AC Control Mist,PANTHESTIC 德玛积雪草AC控油喷雾,PANTHESTIC Derma Cica AC Control Мист,PANTHESTIC ダーマ シカ AC コントロール ミスト,PANTHESTIC Xịt kiểm soát dầu PANTHESTIC Derma Cica AC
PTPW001,판테스틱 더마 시카 파우더,판테스틱,,PANTHESTIC,PANTHESTIC Derma Cica Powder,PANTHESTIC 德玛积雪草粉,PANTHESTIC Derma Cica Пудра,PANTHESTIC ダーマ シカ パウダー,PANTHESTIC Phấn PANTHESTIC Derma Cica
PTEF002,판테스틱 원더필 써마필 이펙터,판테스틱,,PANTHESTIC,PANTHESTIC Wonderful Therma Fill Effector,PANTHESTIC 神奇热感填充精华,PANTHESTIC Wonderful Therma Fill Эффектор,PANTHESTIC ワンダフル サーマフィル エフェクター,PANTHESTIC Tinh chất PANTHESTIC Wonderful Therma Fill
PTEF003,판테스틱 원더필 클리어링 이펙터,판테스틱,,PANTHESTIC,PANTHESTIC Wonderful Clearing Effector,PANTHESTIC 神奇清洁精华,PANTHESTIC Wonderful Clearing Эффектор,PANTHESTIC ワンダフル クリアリング エフェクター,PANTHESTIC Tinh chất PANTHESTIC Wonderful Clearing
PTEF001,판테스틱 원더필 하이드라 뮤신 이펙터,판테스틱,,PANTHESTIC,PANTHESTIC Wonderful Hydra Mucin Effector,PANTHESTIC 神奇水润粘蛋白精华,PANTHESTIC Wonderful Hydra Mucin Эффектор,PANTHESTIC ワンダフル ハイドラ ムシン エフェクター,PANTHESTIC Tinh chất PANTHESTIC Wonderful Hydra Mucin
PTLM001,판테스틱 탑원 6978 비타로닉 립 슬리핑 마스크,판테스틱,PTLM001,PANTHESTIC,PANTHESTIC Top One 6978 Vitaronic Lip Sleeping Mask,PANTHESTIC Top One 6978 维他罗尼克唇膜,PANTHESTIC Top One 6978 Vitaronic Маска для губ ночная,PANTHESTIC トップワン 6978 ビタロニック リップスリーピングマスク,PANTHESTIC Mặt nạ ngủ môi PANTHESTIC Top One 6978 Vitaronic
